	ajλi	
	albina	
	altijst	
	ampeλ	
	amtəs	
	ana	
	ananaj	
	andrej	
	ant	prt
	artaśman	
	artaśti	
	arŋ	
	ata	
	atew	
	atma	
	atəŋ	
	ańχɛm	
	aŋkew	
	aŋkewa	
	aŋkewən	
	aŋkija	
	aŋkije	
	aŋkijew	
	aŋkɛŋəλ	
	aŋlɛmasəw	
	aŋśaśɛm	
	aŋən	
	aŋənəλ	
	aśew	
	aśeλən	
	aśɛŋəλ	
	aλnɵmλa	
	aλśəti	
	aλəŋən	
	aλɛməsŋən	
	aλλˊa	
	aχa	
	beloj	
	coughs	
	ee	
	ew	
	eweŋ	
	ewijeλ	
	ewtəm	
	ewəttijən	
	ewətλajət	
	govorit	
	ikileŋken	
	imew	
	iməλti	
	itɛm	
	ińśəsa	
	ińśəsti	
	iλs	
	iχtəmət	
	iχətsəλλe	
	jańśɛmiλəs	
	jańśɛməs	
	je	
	ješaśsət	
	ješaśti	
	jeλta	
	jeχaλ	
	jirsəλλe	
	jirəmmeλ	
	jiλn	
	jon	
	jošəλa	
	joχarta	
	joχλaλa	
	ju	
	jurɛməsλe	
	juwərtəmət	
	juwɛməλət	
	juχat	
	juχtantəs	
	juχti	
	juχtijəλti	
	juχtəmsa	
	juχtəmtəλ	
	juχtəptiλəs	
	juχətmaλ	
	juχətmaλǝn	
	juχətmeλ	
	juχətsajŋən	
	juχətsajət	
	juχətsajəw	
	juχətsəŋən	
	jăkti	
	jămaśti	
	jăŋχman	
	jăŋχtijən	
	jăŋχtɛm	
	jăŋχλəŋən	
	jɛtša	
	jɵšena	
	jɵšew	
	jɵšeλ	
	jʉwati	
	jʉwəntəλ	
	jʉwəntλət	
	jʉχi	
	jʉχətsəw	
	k	
	kajojin	
	kasəλəs	
	katre	
	katəλsa	
	katəλsajŋən	
	katλtijn	
	katλtən	
	katλəssət	
	katλλ	
	katλλa	
	katλλajət	
	katλλət	
	kašeλ	
	kaši	
	ke	
	ketməs	
	keλλi	
	kimλta	
	kirsaśmeλ	
	kirsət	
	kirti	
	kirλa	
	kus	
	kuλˊajən	
	kănšti	
	kănλ	
	kănλəλ	
	kătsir	
	kătsəršakət	
	kătsəršə	
	kătŋən	
	kătŋəλən	
	kătŋɛm	
	kătλman	
	kătλəptəsi	
	kăλijɛŋ	
	kɛrətˊλˊəsət	
	kɵreλ	
	kɵrtena	
	kɵrtewa	
	kɵrteλa	
	kɵrteλən	
	kɵrtɛm	
	kɵrtλən	
	kʉ	
	kʉnšəmsajəm	
	kʉnšɛməmeλ	
	kʉra	
	kʉrlisa	
	kʉtije	
	kʉλˊŋən	
	kʉλˊət	
	lak	
	lana	
	lapənman	
	leŋkeλən	
	liŋken	
	lupsajəŋən	
	luptaλ	
	lupteλ	
	lupλəw	
	lăp jirsəλλe	
	m	
	meń	
	meŋk	
	meŋkŋən	
	meŋkλaλ	
	mijət	
	mirəλa	
	mišen	
	mmm	
	mojiλa	
	mojλaλ	
	mojλaλət	
	mojλupsi	
	mojλupsijət	
	mojλəpsijət	
	mojλəpsətən	
	mojλəti	
	mojλəλ	
	mojλəλəw	
	mojλəλλe	
	moləpśəŋ	
	možno	
	mujew	
	mutšańśijəλsəm	
	mutšańśɛməsət	
	mutšańśλət	
	muλtet	
	muλtetən	
	muλti aratən	
	muλχ	
	mănati	
	măniλəs	
	mănsajtən	
	mănsəw	
	măntaλən	
	mănten	
	mănλa	
	mănλəmən	
	mărŋəλtijəλλən	
	mărɛmn	
	măša	
	mǎnti	
	mɛnɛməmaλ	
	mɛŋk	
	mɵstəλ	
	nado	
	naja	
	nawrəλtijəλλəw	
	nawrəλtsajəm	
	naχsăŋ	
	ne	
	nijɛm	
	ninana	
	nir	
	no	
	numsijen	
	numsəλən	
	nuplub	
	nur	
	nuša	
	nɛmtəm	
	nɛmətsa	
	nɵməsijəλλəm	
	nɵməsijəλλəŋən	
	nɵməstija	
	nɵmλəλλe	
	nөmsλew	
	o	
	obazatelno	
	omsijəλmaλ	
	omsijəλti	
	omsijəλλəm	
	omsəmtijəλmaλ	
	omsəmŋən	
	omsəλsajəm	
	oməsantəs	
	oməsmaλ	v;ptcp.pst;3pl
	oməssa	v;pst;pass
	oməssajət	v;pst;pass;3pl
	oməssəm	v;pst;1sg
	oməsti	v;ptcp.npst
	oməsλ	v;npst
	oməsλət	v;npst;3pl
	oooo	
	op	
	opornaja	
	owew	
	owewa	
	oλumλ	
	oλŋitsəλλe	
	oλəmən	
	oχəλ	
	oχəλaλ	
	p	
	paije	
	pakniλəs	
	pakənman	
	pakənsəŋən	
	pakəntsət	
	pamətman	
	pamətti	
	pannɛ	
	panăn	
	partijəλti	
	partλajəw	
	pasər	
	pawlowičen	
	pawte	
	pawtijəλsəm	
	pawtəmŋən	
	pawtəsa	
	pawərtət	
	paχojat	
	perwij	
	pewərsəm	
	pewəλλəmən	
	pewəλλəŋən	
	peλkaλ	
	pirəśŋəλ	
	pitmɛm	
	pitrən	
	pitsəŋən	
	pitsəλti	
	pitəmsa	
	pitəmλən	
	pitλən	
	pitλətən	
	pińśəsət	
	piś	
	piλama	
	piλana	
	piλaŋa	
	piλeλa	
	piλma	
	piλtəśman	
	pojəkśijəλ	
	pomuta	
	pomət	
	poresti	
	porijeŋ	
	porəχλən	
	postəti	
	posən	
	pošχijəm	
	poχənsət	
	punsa	
	punsajət	
	purajewən	
	purtəm	
	purəməs	
	puteλ	
	putrɛməλət	
	putəra	
	putərtsəλλe	
	putərtəλ	
	putərtλəλλe	
	puχen	
	puχew	
	puχije	
	puχɛm	
	păpajen	
	păsta	
	păt	
	pătlamən	
	păλattijən	
	păλattɛŋət	
	păλattɛλən	
	păλtaptǝti	
	păλtapət	
	păλŋəλ	
	păλλa	
	păλλaŋən	
	pɛləkəλ	
	pɛλana	
	pɛλkəλ	
	pɵjəkśəλ	
	pɵrəntəm	
	pɵsŋət	
	pɵsŋəλ	
	pɵsŋɛmən	
	pɵsəməti	
	pɵšəs	
	pʉknəλ	
	pʉšija	
	riməχa	
	riwλət	
	romməλtəmŋən	
	runməλtəλ	
	răkənmaλ	
	răńpijəmŋən	
	rɵtn	
	rʉwən	
	saśən	
	saśλəŋən	
	saχteλa	
	saχətteλa	
	sewərməλλe	
	sewərsəλλe	
	sewɛrməλλe	
	sijaśati	
	sijaśman	
	siw keλλaλ	
	siŋəλ	
	sojpăλ	
	sojəp	
	sojχəmtəλ	
	sorok	
	sorəλti	
	sotəm	
	surməλ	
	surta	
	surteλ	
	surtije	
	suχijenən	
	săməλ	
	săməλən	
	sămλaλ	
	sămλən	
	sə	
	səχən	
	sɛmpi	
	sɛmŋəλan	
	sɛmən	
	sɛməλ	
	sɛmλaŋən	
	sɛŋkəλsət	
	sɛŋkλajət	
	sɵjpăti	
	sɵnən	
	sɵrə	
	sɵλijeλaλ	
	sɵλijeλən	
	sɵχtijəλti	
	sɵχtəs	
	sɵχtəsλaλ	
	sɵχtəλ	
	sɵχtəλλəw	
	sɵχəmən	
	sʉrijəλ	
	sʉrtəλ	
	sʉλtǝmλaλ	
	t	
	ta	
	tantra	
	tantrajen	
	tantrajn	
	tanχa	
	tarnəŋ	
	taλsəλe	
	taλsəλλe	
	taλtaet	
	taλən	
	taχewa	
	teiλt	
	tewənλəsi	
	ti	
	tinśaŋa	
	tinśaŋen	
	tinśaŋən	
	tińśaŋən	
	toχ	
	turməλ	
	turməλəλλe	
	tuλta	
	tuχ	
	tă	
	tăjsa	
	tăjtaŋ	
	tăjtəŋ	
	tăjλajət	
	tămen	
	tărmatsət	
	tăχet	
	tăχtem	
	tăχəmət	
	tăχəməti	
	tăχəməλət	
	tăχɛmən	
	tǎjs	
	tǎm	
	tǎχijən	
	tɛknəptəsλe	
	tɛrmaλəman	
	tɵrəma	
	tɵtˊλaλən	
	tɵtλˊəsijəm	
	tɵtλˊəλ	
	tɵtλˊɛməλət	
	tɵλət	
	tɵλɵ	
	tɵχərsəλe	
	tʉləmman	
	tʉləmsət	
	tʉwaλǝn	
	tˊojijəλ	
	tˊɵtˊi	
	tөp	
	tөλλe	
	ullotλawa	
	usmew	
	utijet	
	utli jʉwman	
	utli jʉwmaλ	
	utteλ	
	utŋən	
	utŋəλ	
	utŋəλamən	
	utəmət	
	utətən	
	utλan	
	uśχʉλˊ	
	ušəm	
	ušəλ	
	uλati	
	uλsəŋən	
	uλəmλəw	
	uλən	
	uχλən	
	vopśem	
	vsˊo	
	wanaməs	
	wantijəλλəm	
	wantijəλλəw	
	wantsa	
	wantsew	
	wantsən	
	wanttɛmən	
	wantλew	
	wantλəλən	
	wanəλtijəλsajəm	
	wanλtiλəs	
	wanλtəλew	
	warən	
	wejin	
	wejən	
	wi	
	widimo	
	wiλle	
	wortmal	
	wortəsti	
	woŋχti	
	wošena	
	wošeλa	
	wošətsəλam	
	wošətλəw	
	woχλəs	
	wsɵ	
	wtoroj	
	wu	
	wueλ	
	wujəmsajəm	
	wujʉm	
	wur	
	wurŋajen	
	wutpijən	
	wuλta	
	wɛ	
	wɛrantijəλ	
	wɛrašək	
	wɛrəmsəŋən	
	wɛrəntijəλ	
	wɛrənλa	
	wɛrɛm	
	wɛrλəm	
	wɛrλəmeλən	
	wɛrλəwən	
	wɛrλɛm	
	wɵjaλən	
	wɵje	
	wɵjtsəλλən	
	wɵjətsajət	
	wɵjətλa	
	wɵnat	
	wɵntəpəλ	
	wɵnəλtətəλən	
	wɵrta	
	wɵrtman	
	wɵsmaλ	
	wɵsλe	
	wɵtšəsət	
	wɵśiλˊman	
	wɵλa	
	wɵλen	
	wɵλijət	
	wɵλmen	
	wɵλmeλ	
	wɵλmətsəŋən	
	wɵλteλən	
	wɵλəpsija	
	wʉje	
	wʉjmaλ	
	wʉra	
	wʉramije	
	wʉrśəken	
	wʉrət	
	wʉsλəm	
	wʉtśijəλseλ	
	wʉλijet	
	wʉλijeλan	
	wʉλijeλən	
	wʉλiλam	
	wʉλiλamən	
	wʉλiλew	
	wʉλɛŋəλ	
	wʉλλe	
	wөn	
	wөnta	
	wөti	
	wөλ	
	wөλti	
	wөλɛm	
	ăktəśmeλ	
	ănšək	
	ăsslti	
	ătλaλ	
	ăńśarən	
	ăŋkərtmaλ	
	ăλiλəm	
	ăλmaλ	
	ăλseλ	
	ăλsət	
	ăλəm	
	ńawrɛmijeλən	
	ńawrɛmətən	
	ńawrɛmλən	
	ńańəŋ	
	ńinšəmsət	
	ńiwəśta	
	ńuχtəsλe	
	ńăχ muləŋən	
	ńɵrtmən	
	ńɵrəmən	
	ńɵrλa	
	ńɵχmiλəs	
	ńɵχəλλaλλe	
	ś	
	śalijλ	
	śatˊśaśew	
	śatˊśaśɛmən	
	śawrəmtəm	
	śaśeλ	
	śaśɛmən	
	śaχəra	
	śemˊja	
	śenta	
	śikəš	
	śikɛm	
	śimśi	
	śin	
	śiruwɛmən	
	śiten	
	śitew	
	śitλaλ	
	śo	
	śoləm	
	śoχran	
	śăλt	
	śăλət	
	śăλəλət	
	śǎta	
	śǎλta	
	śɵśiλˊ	
	šariti	
	šarətλəm	
	šim	
	šitama	
	šiwaλəmaλən	
	šiweλ	
	šiŋəša	
	št	
	što	
	šuwaλəs	
	šuwaλəsəŋən	
	šăŋkλəm	
	šăλɛməsi	
	šɵmpəλtsajət	
	šɵtλət	
	šɵšijəλλəm	
	šɵšiλəs	
	šɵšɛməsŋən	
	ǎn	
	əm	
	əλ	
	ɛpλa	
	ɛsəλmaλ	
	ɛsəλsa	
	ɛsəλλa	
	ɛsəλλajmən	
	ɛtmiλati	
	ɛtməmaλ	
	ɛtməsəw	
	ɛtsəw	
	ɛtəλ	
	ɛtλˊəλəw	
	ɛλəλ	
	ɛλλaλ	
	ɵχəλa	
	ɵχλɛma	
	ʉpɛm	
	λa	
	λarijs	
	λatəλ	
	λawəλλəmən	
	λawλəmsa	
	λawλəpsi	
	λawλəsλəm	
	λańpisajət	
	λaλa	
	λaλepa	
	λe	flst
	λeśitijəλ	
	λinana	
	λipeλən	
	λiλλəs	
	λiχam	
	λoj	
	λońśmaλ	
	λošekəλ	
	λoλəmλa	
	λoλˊmaλ	
	λoλˊśi	
	λoλˊəm	
	λu	
	λupni	
	λuwattɛλən	
	λuwatšək	
	λuŋsəw	
	λuŋtaλ	
	λuŋtenən	
	λuŋɛməsŋən	
	λuŋɛməsəw	
	λuŋλəŋən	
	λywəm	
	λăχmatət	
	λǎλtəm	
	λɛrijet	
	λɛrijeλ	
	λɛλmeλ	
	λɛλəmsəm	
	λɛλəmsət	
	λɛλəmsəŋən	
	λɛλəmtijəλman	
	λɵmətsuχλən	
	λɵntijeŋaλ	
	λɵtmaλ	
	λɵŋ	
	λɵŋk	
	λɵŋŋaλ	
	λɵŋśijəλti	
	λɵŋχλan	
	λɵŋχλaλən	
	λɵλˊ	
	λʉŋəs	
	λʉŋəλtəp	
	λˊatatəλ	
	λˊuχitijəman	
	λˊuχitijəλman	
	λˊuχitijəλti	
	λˊuχitλəλλe	
	χarti	
	χirije	
	χirijen	
	χirijenən	
	χirəλ	
	χirɛm	
	χiλnɛŋəλ	
	χo	
	χoməsətən	
	χopt	
	χoptaλ	
	χopteŋən	
	χoptiλam	
	χoptəpti	
	χoptəptijλλ	
	χoptəpttijən	
	χoptəpttəjn	
	χoptəti	
	χoptətλajət	
	χor	
	χort	
	χorət	
	χorλan	
	χorλaλ	
	χotijen	
	χotəŋ	
	χotəλa	
	χowɛməs	
	χoŋχrajen	
	χośa	
	χošməλti	
	χoλəm	
	χu	
	χuməsət	
	χuntati	
	χuntaλ	
	χurasp	
	χurasət	
	χurti	
	χurŋəλtsajəm	
	χurɛməsijəm	
	χuw	
	χuwat	
	χuśɛma	
	χušapenən	
	χušapət	
	χă	
	χăjijəλajət	
	χăjsajət	
	χăra	
	χărena	
	χăreλa	
	χăreλən	
	χări	
	χărijəλ	
	χătśaλən	
	χătśəm	
	χătəməs	
	χătəməλi	
	χăńɛməsŋən	
	χăńɛməsəw	
	χăśijəλsəm	
	χăśsəŋən	
	χăšapəna	
	χɵja	
	χɵjeλ	
	χɵrəŋa	
	χɵrɛsijəλλəm	
	χɵrλi	
	χɵrλəmeλ	
	χɵsati	
	χɵsət	
	χɵŋχti	
	χɵλməsət	
	χɵλməsɛm	
	χɵλsət	
	χɵλtaλən	
	χɵλλəpen	
	χɵλλət	
	χɵχəλməteλ	
	χɵχλəλən	
	χʉwašək	
	χʉśa	
	χʉλta	
	χөλəm	
Alekseevna	Alekseevna	n
Andreevič	Andreevič	n
Galina	Galina	n
Komarova	Komarovajen	n;poss.2sg
Leonid	Leonid	n
Loganɨ	Loganɨ	n
Manenkow	Manenkow	n
Moldanova	Moldanova	n
Mongolia	Mongolia	n
Mongolia	Mongoliajən	n;loc
Obatina	Obatina	n
Pim	Pim	n
Tonja	Tonjaen	n;poss.2sg
Xɛtta	Xɛtta	n
a	a	
a	a	prt
administratsija	administratsija	n
aj	aj	adj
aj	aja	adj;dat
aj	ajšək	adj;comp
aj	ajšəka	adj;comp;dat
aj keλ	aj keλ	n
aj λaŋki	aj λaŋki	n
ajmkitəm	ajmkitəm	adj
ajəλta	ajəλta	adv
ajəλti	ajəλti	adv
ajəλtijewa	ajəλtijewa	adv
ajλta	ajλta	adv
ajλtijewa	ajλtijewa	adv
ak	akew	n;poss.1pl
ak	akəλ	n;poss.3sg
ak	akɛm	n;poss.1sg
akań	akań	n
akań	akańət	n;pl
ake	akeλ	n;poss.3sg
ake	akeλaλ	n;pl;poss.3sg
aki	aki	n
al'onuška	al'onuškajəλ	n;poss.3sg
aleksandr	aleksandr	n
alɵša	alɵša	n
amp	amp	n
amp	ampa	n;dat
amp	ampew	n;poss.1pl
amp	ampən	n;loc
amp	ampət	n;pl
amp	ampətən	n;pl;loc
amp	ampəλ	n;poss.3sg
amp	ampɛm	n;poss.1sg
amp	ampλan	n;pl;poss.2sg
amp	ampλaw	n;pl;poss.1pl
amp	ampλaλ	n;npst;poss.3sg
ampar	ampar	n
ampar	amparλaλ	n;npst;poss.3sg
amńa	amńa	n
amət	amətsət	v;pst;3pl
an	an	prt
an	anən	n;loc
an	anət	n;pl
an	kewan	n
andrejka	andrejkajəλ	n;poss.3sg
apś	apśeλ	n;poss.3pl
apś	apśəλ	n;poss.3sg
apś	apśɛm	n;poss.1sg
apəl	apəlɛm	n;poss.1sg
ar	ar	adv
ar	ar	n
ar	ara	adv;dat
ar	arašək	adj;dat;comp
ar	arijeλ	n;dim;npst
ar	art	n;acc
ar	aršək	adv;comp
ar	arət	n;pl
ar	arλaλ	n;pl;poss.3sg
ara	ara	preverb
arat	arat	n
ari	arijəλ	v;npst
ari	arijλ	v;npst
ari	arisət	v;pst;3pl
ari	ariti	v;ptcp.npst
ari	ariλəm	v;npst;1sg
ari	ariλət	v;npst;3pl
ari	ariλəw	v;npst;1pl
armia	armia	n
armia	armiajən	n;loc
armia	armija	n
armia	armijaja	n;dat
armiaja	armiaja	
arsər	arsər	adj
art	artən	n;loc
artaλə	artaλəman	v;cvb
artaλə	artaλəti	v;ptcp.npst
as	as	n
as	asa	n;dat
as	asən	n;loc
at	at	n
at	at	prt
at	atən	n;loc
at	atət	n;pl
at	atətən	n;pl;loc
at	atəλ	n;poss.3sg
at	atλa	n;poss.3sg;dat
ateλ	ateλ	
ateλt	ateλt	adv
ateλta	ateλta	adv
atəm	atəm	adj
atəλt	atəλt	adv
atəλt	atəλtšək	adv;comp
atλən	atəλən	adv
atλən	atλən	adv
awgust	awgust	n
aŋk	aŋkeλ	n;poss.3pl
aŋk	aŋkɛm	n;poss.1sg
aŋk	aŋkɛmən	n;1du>sg
aŋk	aŋkɛmən	n;poss.1sg;loc
aŋka	aŋka	n
aŋkaŋk	aŋkaŋkɛm	n;poss.1sg
aŋkaŋk	aŋkaŋkɛmən	n;poss.1sg;loc
aŋkaŋki	aŋkaŋki	n
aŋke	aŋkeŋəλam	n;du;poss.1sg
aŋke	aŋkeλəw	n;poss.3sg;1pl
aŋki	aŋki	n
aŋki	aŋkijɛm	n;poss.1sg
aŋki	aŋkɛm	n;poss.1sg
aŋkśaś	aŋkśaśɛm	n;poss.1sg
aŋkśaś	aŋkśaśɛmən	n;poss.1sg;loc
aŋkśaśi	aŋkśaśiλam	n;pl;poss.1sg
aŋkλ	aŋkλəλən	n;poss.3sg;loc
aś	aśɛm	n;poss.1sg
aśe	aśen	n;poss.2sg
aśe	aśeŋəλam	n;du;poss.1sg
aśe	aśeλ	n;poss.3sg
aśi	aŋkiλaλaśiλaλ	n;pl;poss.3pl;pl;poss.3pl
aśi	aśi	n
aśi	aśɛm	n;poss.1sg
aśi	aśɛmən	n;poss.1du
aλ	aλ	adv
aλ	aλ	prt
aλ	aλsəλλe	v;pst;3sg>sg/pl
aλ	aλəmasλe	v;mom;pst;3sg>sg/pl
aλ	aλəməs	v;mom;pst
aλ	aλəməλ	v;mom;npst
aλ	aλəmλen	v;mom;npst;2sg.sg
aλ	aλɛməsət	v;inch;pst;3pl
aλ	aλλˊətijəλλ	v;plur;caus;freq;npst
aλ	aλλˊɛmijəλλa	v;plur;inch;freq;npst;pass
aλ	aλλˊɛmti	v;plur;inch;ptcp.npst
aλkuś	aλkuś	
aλmuλti	aλmuλtit	pro-form;pl
aλpa	aλpa	
aλpa	aλpa	adv
aλt	aλt	v
aλt	aλtijəλsajət	v;freq;pst;pass;3pl
aλtijλti	aλtijλti	
aλś	aλśəλλaλ	v;npst;3pl>pl
aλśə	aλśəsi	v;pst;pass
aλśə	aλśəλi	v;npst;pass
aλəm	aλəmλa	v;npst;pass
aλəŋ	aλəŋ	adv
aλəŋa	aλəŋaja	n;dat
balok	balok	n
bandit	banditŋaλan	n;du;poss.2sg
bandit	banditət	n;pl
bandit	banditəŋən	n;du
bandit	banditλan	n;pl;poss.2sg
bandit	banditλaλən	n;pl;poss.3sg;loc
banditi	banditi	n
bańa	bańaja	n;dat
belojar	belojar	n
belojarskij	belojarskij	n
benzin	benzin	n
blisno	blisno	n
blisno	blisnoja	n;dat
brigada	brigada	n
brigata	brigatajen	n;poss.2sg
brigata	brigatajɛm	n;poss.1sg
bˊudšet	bˊudšet	n
danil	danil	n
danilovna	danilovna	n
deduška	deduškajen	n;poss.2sg
deduška	deduškajɛm	n;poss.1sg
detskij sad	detskij sad	n
družok	družoket	n;pl
duśa	duśajɛm	n;poss.1sg
dˊetskij sad	dˊetskij sad	n
evdokija	evdokija	n
ewi	eweλ	n;poss.3pl
ewi	ewi	n
ewi	ewijəλ	n;poss.3sg
ewi	ewijɛŋən	n;dim;du
ewi	ewiλaλ	n;pl;poss.3sg
ewi	ewɛŋən	n;du
ewət	ewətti	v;ptcp.npst
ewət	ewətλa	v;npst;pass
ewət	ewətλλe	v;npst;3sg>sg/pl
ewəλt	ewəλt	post
ewəλt	ewəλtɛma	v;poss.1sg;dat
ewəλta	ewəλta	post
ewəλti	ewəλti	post
ewəλλət	ewəλλət	
fermerskoe xozˊajstvo	fermerskoe xozˊajstvo	n
gazeta	gazetajən	n;loc
gostinisa	gostinisa	n
got	gotən	n;loc
i	i	conn
i	i	num
i	i	prt
i śi	i śi	adv
ij	arijɛm	v;poss.1sg
ij	ikijɛm	v;poss.1sg
ij	imijen	n;poss.2sg
ij	jʉχijɛm	n;poss.1sg
ij	kimλijen	n;poss.2sg
ij	kɵrtijən	n;loc
ij	kʉrijeλ	n;poss.3pl
ij	mʉwijen	n;poss.2sg
ij	nɛŋijen	n;poss.2sg
ij	piλijɛm	n;poss.1sg
ij	putrijɛm	n;poss.1sg
ij	puχijɛmən	n;poss.1sg;loc
ik	iken	n;poss.2sg
ik	ikena	n;poss.2sg;dat
ik	iket	n;pl
ik	ikew	n;poss.1pl
ik	ikije	n;dim
ik	ikijen	n;pass;dat
ike	ikem	n;poss.1sg
ike	ikeŋən	n;du
ike	ikeλ	n;poss.3sg
iki	ikeλən	n;poss.3sg;loc
iki	iki	n
iki	ikija	n;dat
iki	ikilɛ	n;dim
iki	ikiλaw	n;pl;poss.1pl
iki	ikiλaλ	n;pl;poss.3pl
iki	ikɛm	n;poss.1sg
iki	ikɛn	n;poss.2/3du
ikilɛ	ikilɛ	n
ikilɛ	ikilɛn	n;poss.2sg
ikɛ	ikɛŋən	n;du
im	imena	n;poss.2sg;dat
im	imeλ	n;poss.3pl
im	imije	n;dim
im	imɛm	n;poss.1sg
ime	imet	n;pl
ime	imeŋən	n;du
ime	imeλ	n;poss.3sg
imi	imen	n;poss.2/3du
imi	imi	n
imi	imija	dem;dat
imi	imijen	n;poss.2sg
imi	imijən	n;loc
imi	imilɛ	n;dim
imi	imit	n;pl
imi	imiλan	n;pl;poss.2sg
imi	imiλaw	conn;pl;poss.1pl
imi	imɛn	n;poss.2/3du
imileŋke	imileŋken	n;poss.2sg
imilɛ	imilɛ	n
imilɛ	imilɛn	n;poss.2sg
imuλti	imuλti	неопр.мест
imuλti	imuλtijən	неопр.мест;loc
iməλtijən	iməλtijən	adv
imɛ	imɛŋən	n;du
in	in	adv
in	in	dem
internat	internata	n;dat
internat	internatən	n;loc
ir	irɛməs	v;inch;pst
irt	irtən	n;loc
is	is	n
is	isəλ	n;poss.3sg
isa	isa	Q
isa	isa	adv
isa	isašək	adj;comp
it	iteλ	num;poss.3pl
it	itəλ	num;poss.3sg
iti	iti	pro-form
ivan	ivan	n
ivanuška	ivanuškajəλ	n;poss.3sg
ińś	ińśəssəm	v;detr;pst;1sg
ińś	ińśəsəλən	v;pst;2/3du>sg
ińś	ińśəsλa	v;detr;npst;pass
ińśəs	ińśəs	
ińśəs	ińśəsijəλλa	v;freq;npst;pass
ińśəs	ińśəsλajŋən	v;npst;pass;3du
ińśəs	ińśəsλəλλe	v;npst;3sg>sg/pl
iśi	iśi	adv
iśipa	iśipa	adv
iśiti	iśiti	adv
iśki	iśki	adv
iśki	iśki	n
iśki	iśkijen	
iśki	iśkijən	n;loc
išńi	išńi	n
išńi	išńiλaλ	n;pl;poss.3sg
išək	išək	n
iλ	iλ	adv
iλ	iλ	n
iλ	iλpija	
iλampa	iλampa	adv
iλi	iλi	n
iλpi	iλpeλən	post;poss.3sg;loc
iλpi	iλpi	post
iλpi	iλpijən	post;loc
iλλi	iλλi	adv
iχət	iχətman	cvb
j	j	
ja	ja	
ja	ja	prt
jablaka	jablaka	n
jablaka	jablakajəλ	n;poss.3sg
jaj	jaj	n
jaj	jajəm	n;poss.1sg
jaj	jajəλ	n;poss.3sg
jaj	jajəλən	n;pl;loc
jaj	jajλam	n;pl;poss.1sg
jaj	jajλamən	n;pl;poss.1sg;loc
jaj	jajλɛm	n;pl;poss.1sg
jak	jak	n
jak	jak	v
jak	jakman	v;cvb
jak	jaksət	v;pst;3pl
jak	jakteλ	v;ptcp.npst;3pl
jak	jakti	v;ptcp.npst
jak	jakəm	v;ptcp.pst
jak	jakət	n;pl
jak	jakλət	v;npst;3pl
jamsijew	jamsijewa	adv;dat
jarsot	jarsot	num
jastə	jastəm	v;ptcp.pst
jasŋ	jasŋen	n;poss.2sg
jasŋ	jasŋew	n;poss.1pl
jasŋ	jasŋewən	n;poss.1pl;loc
jasŋ	jasŋeλ	n;poss.3pl
jasŋ	jasŋət	n;pl
jasŋ	jasŋəλ	n;poss.3sg
jasəŋ	jasəŋ	n
jasəŋ	jasəŋa	n;dat
jasəŋ	jasəŋən	n;loc
jasəŋ	jasəŋλamən	n;pl;poss.1du
jasəŋ	jasəŋλaλ	n;pl;poss.3sg
jasəŋ	jasəŋλaλən	n;pl;poss.3sg;loc
jań	jańśi	v;inf
jań	jańλen	v;npst;poss.2sg
jań	jańλi	adv;car
jańś	jańśijλsət	v;iter.npst;pst;3pl
jańś	jańśijλsəw	v;iter.npst;pst;1pl
jańś	jańśsət	v;pst;3pl
jańś	jańśsəw	v;pst;1pl
jańś	jańśsɛm	v;pst;1sg>sg
jańś	jańśti	v;ptcp.npst
jańś	jańśəs	v;pst
jańś	jańśλəmən	v;npst;1du
jaŋ	jaŋ	num
jaŋ	jaŋkɛm	num;appr
jaŋ	wetjaŋ	num
jaŋ	wetχuśjaŋ	num;dec
jaŋ	wetχuśjaŋkɛm	num;dec;appr
jaŋ	χɵtjaŋ	num
jaŋχəŋtə	jaŋχəŋtə	flst
jaś	jaśti	v;ptcp.npst
jaś	jaśλtəti	v;caus;ptcp.npst
je	sɛsije	n
jekər	jekər	n
jekər	jekəra	n;dat
jetn	jetn	n
jetn	jetna	n;dat
jetn	jetnən	
jetn	jetnətən	n;pl;loc
jetn	jetnəλ	n;poss.3sg
jetš	jetšəptəsəm	v;TR;pst;1sg
jetš	jetšəsmən	v;pst;1du
jetš	jetšəsəm	v;pst;1sg
jetšə	jetšəs	v;pst
jetšə	jetšəλ	v;npst
jetšə	jetšəλəm	v;npst;1sg
jetšə	jetšəλəm	v;npst;ptcp.pst
jetšəpse	jetšəpse	
jetǝn	jetǝn	n
jetən	jetən	n
jew	jew	n
jew	jewət	n;pl
jeśaλt	jeśaλt	adv
jeśaλta	jeśaλta	post
ješa	ješa	adv
ješaś	ješaśλət	v;npst;3pl
ješək	ješək	n
jeλ	jeλ	adv
jeλ	jeλ	flst
jeλpijən	jeλpijən	post
jeλɛm	jeλɛms	v;pst
jeλɛm	jeλɛmsa	v;pst;pass
jeλλi	jeλλi	adv
ji	jis	adj;pst
ji	jis	v;pst
ji	jist	v;pst;3pl
ji	jisəm	v;pst;1sg
ji	jisət	v;pst;3pl
ji	jisəŋən	v;pst;3du
ji	jiti	v;ptcp.npst
ji	jitijən	v;ptcp.npst;pass;loc
ji	jiλ	v;npst
ji	jiλəm	v;npst;1sg
ji	jiλən	
ji	jiλət	v;npst;3pl
jina	jina	adv
jir	jir	n
jir	jira	n;dat
jir	jirman	v;cvb
jir	jirsa	v;pst;pass
jir	jirənšək	adj;loc;comp
jir	jirλeλ	v;npst;3sg
jir	jirλən	v;npst;2sg
jira	jira	adv
jira	jira	n
jiraški	jiraški	adv
jis	jis	adj
jis	jis	n
jis	jis	v
jis	jisa	n;dat
jis	jisǝn	n;loc
jis	jisən	adv;loc
jis	jisən	n;loc
jis	jisət	n;pl
jit	jit	n
jit	jitən	n;loc
jit χot	jit χotən	n;loc
jiw	jiw	n
jiw puχij	jiw puχijewən	n;poss.1pl;loc
jiw puχije	jiw puχije	n
jiw puχije	jiw puχijen	n;poss.2sg
jiwλəŋ	jiwλəŋɛm	n;poss.1sg
jiŋk	jiŋk	n
jiŋk	jiŋka	n;dat
jiŋk	jiŋken	n;poss.2sg
jiŋk	jiŋkən	n;loc
jiŋk	jiŋkəλ	v;poss.3sg
jiŋk	jiŋkɛm	n;poss.1sg
jiŋk	jiŋkɛmən	n;poss.1sg;loc
jiŋki	jiŋki	adj
jiλpa	jiλpa	adv
jiλpaλə	jiλpaλətλət	v;npst;3pl
jiλpaλə	jiλpaλəλət	v;npst;3pl
jiλpe	jiλpet	n;pl
jiλpi	jiλpiλanən	n;npst;poss.2sg;loc
jiλpi	jiλpiλaλ	n;npst;poss.3sg
jiλəp	jiλəp	adj
jont	jontijəλsət	v;freq;pst;3pl
jont	jontman	v;cvb
jont	jontsət	v;pst;3pl
jont	jontteλən	v;ptcp.npst;poss.3pl;loc
jont	jontti	v;ptcp.npst
jont	jontəm	n;ptcp.pst
jont	jontəsλət	v;detr;npst;3pl
jont	jontλa	v;npst;pass
jont	jontλajət	v;npst;pass;3pl
jontəsλʉj	jontəsλʉjλ	n;poss.3sg
jor	jorən	n;loc
jos	jossajət	n;pst;pass;3pl
jowəλsɵp	jowəλsɵpŋən	n;du
jowλ	jowλas	v;pst
još	još	n
još	joša	n;dat
još	jošən	n;loc
još	jošəp	adj;prop.p
još	jošəλ	n;poss.3sg
još	jošλaλ	n;pl;poss.3sg
joχ	joχ	n
joχ	joχən	n;loc
joχ	joχλam	n;pl;poss.1sg
joχ	joχλan	n;pl;poss.2sg
joχ	joχλan	n;pl;poss.3sg
joχ	joχλaλ	n;pl;poss.3sg
joχ	joχλaλən	n;pl;2/3du>sg/pl
joχ	joχλew	n;pl;poss.1pl
joχ	joχλəw	n;pl;1pl
joχart	joχart	n
joχt	joχt	adv
joχt	joχtšək	adv;comp
joχəm	joχəm	n
joχəm	joχəmλam	n;pl;poss.1sg
joχəm wońśəmət	joχəm wońśəmət	n
joχət	joχət	adv
juilsk	juilsk	n
jun	junti	v;ptcp.npst
junt	junt	n
junt	junten	n;poss.2sg
junt	junteλ	n;poss.3pl
junt	juntijλət	v;iter.npst;npst;3pl
junt	juntman	v;cvb
junt	juntsəm	v;pst;ptcp.pst
junt	juntsət	v;pst;3pl
junt	juntteλən	v;ptcp.npst;3pl;loc
junt	juntti	v;ptcp.npst
junt	juntəm	v;ptcp.pst
junt	juntən	n;loc
junt	juntət	n;pl
junt	juntətən	n;pl;loc
junt	juntλət	n;npst;pl
junt	juntλət	v;npst;pl
juntut	juntut	n
juntut	juntutən	n;loc
juntut	juntutɛm	n;poss.1sg
juntut	juntutλam	n;pl;poss.1sg
jupijən	jupijən	post
jupka	jupka	n
jurij	jurij	n
jurn	jurnət	n;pl
jurən	jurən	n
jurɛmə	jurɛməsλaλ	v;pst;3pl>pl
jurɛmə	jurɛməti	v;ptcp.npst
juw	juwa	v;imp
juw	juwaja	v;imp;imp
juw	juwmaλ	v;ptcp.pst;poss.3sg
juw	juwmɛm	v;ptcp.pst;1sg
juw	juwəm	v;ptcp.pst
juwra	juwra	adj
juwra	juwraja	adj;dat
juwrajaški	juwrajaški	adv
juwər	juwərsəλλən	v;pst;2/3du>sg/pl
juwər	juwərtsajəm	v;caus;pst;pass;ptcp.pst
juwər	juwərλəman	v;caus;cvb
juwərt	juwərtijəλti	v;freq;ptcp.npst
juwərt	juwərtti	v;ptcp.npst
juwərt	juwərtəλ	v;npst
juxi jańś	juxi jańśti	v;ptcp.npst
juλ	juλ	n
juλn	juλn	adv
juλta	juλta	adv
juλtasa	juλtasa	adv
juλən	juλən	adv
juχan	juχan	n
juχan	juχanew	n;poss.1pl
juχan	juχant	n;pl
juχan	juχanən	n;loc
juχan	juχanət	n;pl
juχan	juχanəλ	n;poss.3sg
juχi	juχi	preverb
juχt	juχas	v;pst
juχt	juχt	v
juχt	juχtaλən	v;3pl;loc
juχt	juχtijəλsət	v;freq;pst;3pl
juχt	juχtijəλtəwən	v;freq;ptcp.npst;1pl;loc
juχt	juχtijəλəs	v;freq;pst
juχt	juχtijλ	v;iter.npst
juχt	juχtijλsət	v;iter.npst;pst;pl
juχt	juχtijλtewn	v;iter.npst;ptcp.npst;poss.1pl;loc
juχt	juχtijλti	v;iter.npst;ptcp.npst
juχt	juχtijλət	v;iter.npst;pl
juχt	juχtiλsəw	v;iter.npst;pst;1pl
juχt	juχtiλən	
juχt	juχtiλəs	v;freq;pst
juχt	juχtsəm	v;pst;ptcp.pst
juχt	juχtsəmən	v;pst;1du
juχt	juχtəm	v;ptcp.pst
juχt	juχtəmtijλsət	v;punct;iter.npst;pst;pl
juχt	juχtəmŋən	v;ptcp.pst;3du
juχt	juχtəs	v;pst
juχt	juχtəλ	v;npst
juχt	juχtəλəm	v;npst;ptcp.pst
juχt	juχtλəw	v;npst;1pl
juχtiλə	juχtiλəm	v;ptcp.pst
juχət	juχətmɛmən	v;ptcp.pst;poss.1du
juχət	juχətmɛmən	v;ptcp.pst;poss.1sg;loc
juχət	juχətsa	v;pst;pass
juχət	juχətsəm	v;pst;1sg
juχət	juχətsəmən	v;pst;1du
juχət	juχətsən	v;pst;2sg
juχət	juχətsət	v;pst;pl
juχət	juχətsəw	v;pst;1pl
juχət	juχəttaλ	v;ptcp.npst;poss.3sg
juχət	juχətti	v;ptcp.npst
juχət	juχətəs	v;pst
juχət	juχətəλ	v;npst
juχət	juχətλ	v;npst
juχət	juχətλa	v;npst;pass
juχət	juχətλəmən	v;poss.3sg;1du
juχət	juχətλən	v;npst;2sg
juχət	juχətλət	v;npst;3pl
juχət	juχətλəw	v;npst;1pl
juχət	juχətλəŋən	v;npst;3du
juχəλ	juχəλ	n
juχλ	juχλa	n;dat
juχλi	juχλi	preverb
jăm	jăm	adj
jăm	jăma	adj;dat
jăm	jăma	adv;dat
jăm	jămšək	adj;comp
jăm	jămən	loc
jăm	šək	adj;comp
jămijewa	jămijewa	adv
jămkɛm	jămkɛm	adv
jămsijewa	jămsijewa	adv
jămsijəwa	jămsijəwa	adv
jăməs	jăməs	adv
jăpal	jăpalen	n;dat
jăplɛmə	jăplɛməλən	v;poss.3sg;2sg
jărtjaŋ	jărtjaŋ	num
jărtjaŋ	jărtjaŋmit	num;ord
jărχɵs	jărχɵs	num
jăŋ	jăŋ	v
jăŋ	jăŋsɛmən	v;pst;1du>sg
jăŋ	jăŋλəmən	v;npst;1du
jăŋ	jăŋλəw	v;npst;1pl
jăŋχ	jăŋχijəλti	v;freq;ptcp.npst
jăŋχ	jăŋχijəλtɛmən	v;freq;ptcp.npst;poss.1sg;loc
jăŋχ	jăŋχijəλλəm	v;freq;npst;1sg
jăŋχ	jăŋχijəλλəw	v;freq;npst;1pl
jăŋχ	jăŋχijλsəm	v;iter.npst;pst;1sg
jăŋχ	jăŋχijλəmən	v;iter.npst;npst;1du
jăŋχ	jăŋχijλət	
jăŋχ	jăŋχijλλəm	v;iter.npst;npst;ptcp.pst
jăŋχ	jăŋχmɛmən	v;ptcp.pst;poss.1sg;loc
jăŋχ	jăŋχsəm	v;pst;1sg
jăŋχ	jăŋχsəm	v;pst;ptcp.pst
jăŋχ	jăŋχsəmən	v;pst;1du
jăŋχ	jăŋχsət	v;pst;3pl
jăŋχ	jăŋχsəw	v;pst;1pl
jăŋχ	jăŋχti	v;ptcp.npst
jăŋχ	jăŋχtɛmən	v;ptcp.npst;poss.1du
jăŋχ	jăŋχəm	v;ptcp.pst
jăŋχ	jăŋχəməŋən	v;ptcp.pst;3du
jăŋχ	jăŋχəs	v;pst
jăŋχ	jăŋχəλ	v;npst
jăŋχ	jăŋχλəm	v;npst;1sg
jăŋχ	jăŋχλəmən	v;npst;1du
jăŋχ	jăŋχλət	v;npst;3pl
jăŋχ	jăŋχλəw	v;npst;1pl
jăša	jăša	
jăša	jăša	adv
jăχ	jăχsəmən	v;pst;1du
jăχ	jăχsəw	v;pst;1pl
jăχa	jăχa	adv
jəŋ	χănnɛχɵjəŋa	adj;dat
jɛm	jɛm	n
jɛm	jɛməŋ	adj;prop
jɛmeŋ	jɛmeŋ	adj
jɛməλ	jɛməλsəλλe	v;pst;3sg>sg/pl
jɛməλ	jɛməλti	v;ptcp.npst
jɛməλ	jɛməλəmən	v;ptcp.pst;loc
jɛməλ	jɛməλλ	v;npst
jɛməλ	jɛməλλət	v;npst;3pl
jɛrm	jɛrməλtsa	v;caus;pst;dat
jɛrnas	jɛrnasən	n;loc
jɛrnas	jɛrnasət	n;pl
jɛrnas	jɛrnasəŋ	n;prop
jɛrnas	jɛrnasɛm	n;poss.1sg
jɛrnas	jɛrnasλaλ	n;pl;poss.3sg
jɛrsot	jɛrsot	num
jɛrt	jɛrt	n
jɛrt	jɛrta	n;dat
jɛrt	jɛrten	n;dat
jɛrt	jɛrti	n;ptcp.npst
jɛrt	jɛrəλ	n;poss.3sg
jɛrt	jɛrλ	n;npst
jɛrt	jɛrλajət	v;npst;pass;3pl
jɛrəm	jɛrəmman	v;cvb
jɛtšə	jɛtšəja	v;imp
jɛtšə	jɛtšəma	v;ptcp.pst;imp
jɛŋk	jɛŋk	adj
jɛŋk	jɛŋkən	n;loc
jɛŋta	jɛŋta	adj
jɛŋλ	jɛŋλti	ptcp.npst
jɛša	jɛša	adv
jɵr	jɵr	adj
jɵr	jɵr	n
jɵr	jɵrašək	n;dat;comp
jɵr	jɵrije	adj;dim
jɵr	jɵršək	adj;comp
jɵr	jɵrən	n;loc
jɵr	jɵrəŋa	adj;prop;dat
jɵr	jɵrλaλ	n;pl;poss.3sg
jɵś	jɵś	n
jɵś	jɵśa	n;dat
jɵśtə	jɵśtəman	v;cvb
jɵš	jɵš	n
jɵš	jɵša	n;dat
jɵš	jɵšət	n;pl
jɵš	jɵšətən	n;pl;loc
jɵš	jɵšəλ	n;npst
jɵš	jɵšɛm	n;poss.1sg
jɵχət	jɵχət	adv
jʉkan	jʉkana	adj;dat
jʉkan	jʉkana	adv;dat
jʉkana	jʉkana	post
jʉpijn	jʉpijn	post
jʉpijən	jʉpijən	post
jʉw	jʉwman	v;cvb
jʉw	jʉwmaλ	v;ptcp.pst;poss.3sg
jʉw	jʉwməwən	v;ptcp.pst;1pl;loc
jʉw	jʉwmɛm	v;ptcp.pst;1sg
jʉw	jʉwmɛmən	v;ptcp.pst;1sg;loc
jʉw	jʉwtaλən	v;ptcp.npst;poss.3sg;loc
jʉw	jʉwəm	v;ptcp.pst
jʉw	jʉwəmaλən	v;ptcp.pst;3sg;loc
jʉw	jʉwəntəs	v;dec;pst
jʉw	jʉwəntλ	v;dec;npst
jʉw	jʉwɛməs	v;inch;pst
jʉw	jʉwɛməλ	v;inch;npst
jʉwpi	jʉwpi	post
jʉŋkəλ	jʉŋkəλ	n
jʉλta	jʉλta	adv
jʉχ	jʉχ	n
jʉχ	jʉχa	
jʉχ	jʉχən	n;loc
jʉχ	jʉχət	n;pl
jʉχ	jʉχəŋ	adj;prop
jʉχ	jʉχəλ	n;poss.3sg
jʉχ	jʉχλan	n;pl;poss.2sg
jʉχ	jʉχλaλ	n;pl;poss.3sg
jӑm	jӑm	adj
ka	ka	flst
kal	kal	n
kal	kala	n;dat
kal	kaləλ	n;poss.3sg
kamən	kamən	adv
kanikula	kanikulaja	n;dat
kanikula	kanikulajən	n;loc
kanterow	kanterow	n
kar	kar	n
kar	kara	n;dat
kar	karən	n;loc
kar	karəŋ	adj;prop
karti	karti	n
karts	kartsλeλ	v;npst;3pl>sg
karəśi	karəśi	adj
karɛm	karɛməs	v;pst
karɛmə	karɛməλi	v;npst;pass
kasəm	kasəm	n
kasəm	kasəma	n;dat
kasəm	kasəmən	n;loc
kasəλ	kasəλijəλəw	v;freq;npst;1pl
kasəλ	kasəλsət	v;pst;3pl
kasəλ	kasəλsət	v;pst;pl
kat	kat	flst
katra	katra	adj
katra	katra	adv
katša	katša	n
katəλ	katəλ	v
katəλ	katəλman	v;cvb
katəλ	katəλti	v;ptcp.npst
katəλt	katəλtəm	v;ptcp.pst
katˊer	katˊer	n
katˊer	katˊerən	n;loc
katλ	katλemən	v;pl;1du
katλ	katλsajəm	v;pst;pass;1sg
katλ	katλti	v;ptcp.npst
katλ	katλəmsa	v;mom;pst;pass
katλ	katλəmsəλλe	v;mom;pst;3sg>sg/pl
katλŋ	katλŋəλ	n;poss.3sg
katλŋ	katλŋəλən	n;npst;loc
katλəsti	katλəsti	
kawrəm	kawrəm	adj
kawər	kawərsa	v;pst;pass
kawər	kawərλ	v;npst
kawər	kawərλən	v;npst;2sg
kawərt	kawərtijəλsət	v;freq;pst;3pl
kawərt	kawərtti	v;ptcp.npst
kawərt	kawərtəm	v;ptcp.pst
kawərt	kawərtəs	v;pst
kawərt	kawərtəsəw	v;pst;1pl
kawərt	kawərtλen	v;npst;2sg.sg
kawərt	kawərtλən	v;npst;2sg
kaś	kaśa	n;dat
kaśi	kaśi	adj
kaš	kaš	n
kašaś	kašaśtaλən	v;ptcp.npst;3sg;loc
kašaś	kašaśtaλən	v;ptcp.npst;poss.3sg;loc
kašaś	kašaśəs	v;pst
kašŋ	kašŋ	Q
kašəŋ	kašəŋ	Q
keri	kerijəs	v;pst
ketəm	ketəməλ	v;npst
kew	kew	n
kew	kewət	n;pl
kewan	kewan	n
keši	keši	post
keλ	keλ	n
keλ	keλən	n;loc
keλśe	keλśet	n;pl
ki	juχtəski	v;pst
ki	ki	prt
kilomɛtra	kilomɛtra	n
kim	kim	preverb
kimpijən	kimpijən	post
kimt	kimt	adj
kimət	kimət	adj
kiməλ	kiməλ	n
kiməλ	kiməλa	n;dat
kiməλ	kiməλən	n;loc
kimλ	kimλətən	n;pl;loc
kir	kirman	v;cvb
kir	kirəŋ	adj;prop
kir	kirəλ	v;npst
kir	kirλəw	n;npst;1pl
kit	kitijəλsəw	v;freq;pst;1pl
kit	kitsajəw	v;pst;pass;1pl
kit	kitseλ	v;pst;3pl>sg
kit	kitλ	v;npst
kit	kitλəmən	v;npst;1du
kińśa	kińśa	post
kiλ	kiλ	v
kiλ	kiλti	v;ptcp.npst
klas	klas	n
klass	klass	n
klass	klassλəw	n;pl;1pl
klawa	klawa	n
klawa	klawajen	n;poss.2sg
klawa	klawajən	n;loc
klub	klub	n
kniška	kniškaλew	n;pl;poss.1pl
kogəlɨm	kogəlɨm	n
kola	kolajəλ	n;poss.3sg
kola	kolajɛm	n;poss.1sg
kolxoz	kolxoz	n
kolxoz	kolxozən	n;loc
komandirovka	komandirovka	n
konešno	konešno	adv
kontora	kontora	n
koλˊa	koλˊajen	n;poss.2sg
kulak	kulak	n
kulup	kulupət	n;pl
kulˊtura	kulˊturajew	n;poss.1pl
kurs	kursa	n;dat
kurśka	kurśkaja	n;dat
kurška	kurškaja	n;dat
kămn	kămn	adv
kămən	kămən	adv
kănš	kănlajəm	v;npst;pass;1sg
kănš	kănšaλən	
kănš	kănši	v;ptcp.npst
kănš	kănšija	v;ptcp.npst;pass
kănš	kănšman	v;cvb
kănš	kănšsa	v;pst;pass
kănš	kănšsɛmən	v;pst;1du>sg
kănš	kănšəməsijŋən	v;mom;pst;pass;3du
kănš	kănšλa	v;npst;pass
kănš	kănλət	v;npst;3pl
kănš	kăšman	v;cvb
kărtɵpka	kărtɵpka	n
kărńəmt	kărńəmtijəλsa	v;freq;pst;dat
kărś	kărśa	adj;dat
kărəś	kărəś	adj
kărλə	kărλəsət	v;pst;3pl
kăs	kăssti	
kăs	kăssət	v;pst;3pl
kăs	kăssəw	v;pst;1pl
kăs	kăsti	v;ptcp.npst
kăt	kăt	num
kăt	kătŋəλ	num;du
kăt	kătən	n;loc
kătna	kătna	preverb
kătsər	kătsəršəka	adj;comp;dat
kătwojət	kătwojət	adv
kătˊi	kătˊi	n
kătˊi	kătˊijet	n;dim;pl
kăš	kăšλ	v;npst
kăšas	kăšasλaλ	n;pl;poss.3sg
kăši	kăši	adv
kăλ	kaλsət	v;pst;3pl
kăλ	kăλ	v
kăλ	kăλ	v;npst
kăλ	kăλti	v;ptcp.npst
kăλ	kăλλət	v;npst;3pl
kăλi	kăλija	n;dat
kɛm	kɛm	n
kɛm	kɛm	prt
kɛm	kɛma	n;dat
kɛm	kɛma	prt;dat
kɛm	kɛmǝn	n;loc
kɛm	kɛmən	n;loc
kɛm	kɛmа	prt;pass
kɛmn	kɛmən	adv
kɛn	kɛn	adj
kɛn	kɛna	adv;dat
kɛr	kɛr	n
kɛr	kɛrλəm	v;npst;ptcp.pst
kɛrt	kɛrtijəλeλ	v;freq;npst;3pl>sg
kɛrt	kɛrtəs	v;pst
kɛrtˊλˊə	kɛrtˊλˊəλt	v;poss.3sg;acc
kɛrət	kɛrətti	v;ptcp.npst
kɛrλ	kɛrλa	v;imp
kɛrλə	kɛrλəs	v;pst
kɛrλə	kɛrλəsmən	v;pst;1du
kɛŋk	kɛŋka	adj;dat
kɛša	kɛša	post
kɛši	kɛši	n
kɵkkɵk	kɵkkɵk	n
kɵkkɵk	kɵkkɵka	n;dat
kɵr	kɵr	n
kɵr	kɵra	n;dat
kɵr	kɵren	n;poss.2sg
kɵr	kɵrŋən	n;du
kɵr	kɵrəŋ	adj;prop
kɵr	kɵrəλ	n;poss.3sg
kɵrt	kɵrt	n
kɵrt	kɵrta	n;dat
kɵrt	kɵrten	n;dat
kɵrt	kɵrtew	n;poss.1pl
kɵrt	kɵrtewən	n;poss.1pl;loc
kɵrt	kɵrteλ	n;poss.3pl
kɵrt	kɵrtijeλ	n;dim;poss.3sg
kɵrt	kɵrtən	n;loc
kɵrt	kɵrtət	n;pl
kɵrt	kɵrtətən	n;pl;loc
kɵrt	kɵrtəŋ	adj;prop
kɵrt	kɵrtəλ	n;poss.3sg
kɵrt	kɵrtəλa	n;poss.3sg;dat
kɵrt	kɵrtɛma	n;poss.1sg;dat
kɵrt	kɵrtɛmən	n;poss.1sg;loc
kɵrt	ńarsakɵrt	n
kɵńar	kɵńar	n
kɵśa	kɵśaja	n;dat
kʉkla	kʉkla	n
kʉkla	kʉklajen	n;poss.2sg
kʉkla	kʉklajǝn	conn;loc
kʉkla	kʉklajən	n;loc
kʉkla	kʉklajəλ	n;poss.3sg
kʉkla	kʉklajɛmən	n;poss.1sg;loc
kʉlaś	kʉlaśλəŋən	v;poss.3sg;3du
kʉnš	kʉnšɛmasəŋən	v;mom;pst;3du
kʉnš	kʉnšɛməs	v;inch;pst
kʉnš	kʉnšɛməsλe	v;inch;pst;3sg>sg/pl
kʉnš	kʉnšɛməti	v;inch;ptcp.npst
kʉnš	kʉšsaλən	v;pst;2/3du>sg/pl
kʉr	kʉr	n
kʉr	kʉrŋəλ	n;du
kʉr	kʉrən	n;loc
kʉr	kʉrɛməs	v;inch;pst
kʉr	kʉrλaλ	n;pl;poss.3sg
kʉr	kʉrλən	n;pl;poss.2/3du
kʉrt	kʉrtəssət	v;detr;pst;3pl
kʉrəs	kʉrəs	n
kʉrəŋ	kʉrəŋ	adj
kʉs	kʉsəλ	n;poss.3sg
kʉsi	kʉsi	n
kʉt	kʉt	post
kʉt	kʉtɛmən	post;poss.1du
kʉtən	kʉtən	post
kʉtənən	kʉtənən	adv
kʉtəp	kʉtəp	adj
kʉtəp	kʉtəpən	adv;loc
kʉtλəp	kʉtλəpən	n;loc
kʉś	kʉśman	v;cvb
kʉš	kʉš	conn
kʉškar	kʉškarije	n;dim
kʉškar	kʉškarəλ	n;poss.3sg
kʉškar	kʉškarɛm	n;poss.1sg
kʉšməλ	kʉšməλti	v;ptcp.npst
kʉšməλ	kʉšməλλajət	v;npst;pass;3pl
kʉλ	kʉλ	adj
kʉλ	kʉλǝt	adj;pl
kʉλ	kʉλət	adj;pl
kʉλ	kʉλλaw	adj;pl;poss.1pl
kʉλ	kʉλλaλ	adj;pl;poss.3sg
kʉλa	kʉλa	adv
kʉλa	kʉλašək	adv;comp
kӑt	kӑt	num
lagˊer	lagˊer	n
lagˊer	lagˊerλ	n;poss.3sg
lalɛm	lalɛməs	v;pst
lapən	lapənsət	v;pst;3pl
lawmi	lawmi	n
laŋk	laŋkəλən	v;poss.3sg;loc
laŋk	laŋkλət	v;npst;3pl
laŋk	laŋkλət	v;npst;pl
laś	laśa	n;dat
le	le	prt
lipt	liptət	n;pl
lipət	lipətλaλ	n;pl;poss.3sg
lis	lis	n
loganɨ	loganɨ	n
losit	lositsəλλe	v;pst;3sg>sg/pl
lot	lot	n
lot	lotən	n;loc
lot	lotət	n;pl
lot	lotəλ	n;poss.3sg
lot	lotəλa	n;poss.3sg;dat
lottə	lottəm	v;ptcp.pst
lottə	lottəsλən	v;pst;2/3du>sg/pl
lottə	lottəλɛmən	v;npst;1du>sg
loχ	loχ	n
lup	lupijsa	v;pass;pst;dat
lup	lupijəλ	v;freq;npst
lup	lupijəλλəm	v;freq;poss.3sg;1sg
lup	lupijλa	v;iter.npst;pass
lup	lupijλsa	v;iter.npst;pst;pass
lup	lupsəm	v;pst;1sg
lup	lupsəm	v;pst;ptcp.pst
lup	lupsət	v;pst;3pl
lup	lupsəw	v;pst;1pl
lup	luptan	v;ptcp.npst;2/3du
lup	lupti	v;ptcp.npst
lup	lupəs	v;pst
lup	lupəλ	v;npst
lup	lupəλəmən	v;npst;1du
lup	lupλa	v;npst;pass
lup	lupλajəm	v;npst;pass;1sg
lup	lupλajət	v;npst;pass;3pl
lup	lupλəm	v;npst;1sg
lup	lupλəm	v;npst;ptcp.pst
lup	lupλət	v;npst;3pl
lup	lupλəŋən	v;npst;3du
lup	λupəs	Q;pst
lăp	lăp	preverb
lăp tɵtˊλ	lăp tɵtˊλijəλ	v;pass;npst
lɛŋk	lɛŋkɛm	n;poss.1sg
lɛŋki	lɛŋkeλ	n;poss.3sg
lʉk	lʉk	n
lʉk	lʉken	n;poss.2sg
lʉk	lʉkət	n;pl
lʉk	lʉkλamən	n;pl;poss.1du
lʉk	lʉkλən	n;pl;poss.2/3du
lʉkɛm	lʉkɛməsλe	v;pst;3sg>sg/pl
ma	ma	pers
mansijsk	mansijskən	loc
mar	mar	adv
marija	marija	n
marja	marja	n
maskwa	maskwa	n
master	master	n
mator	mator	n
mator	matorn	n;loc
mator	matorəλ	n;poss.3sg
maša	maša	n
mašina	mašina	n
mašina	mašinaja	n;dat
mesta	mesta	n
mesta	mestajen	n;poss.2sg
met	met	adv
mewt	mewtəs	v;pst
mij	mija	v;imp
mij	mijaλən	
mij	mijλˊijəλŋən	v;plur;freq;poss.3sg;du
mijλˊ	mijλˊsət	v;pst;3pl
mijλˊ	mijλˊəλijλət	v;npst;iter.npst;3pl
mil	mil	n
mil	mila	n;dat
min	min	pro-form
min	minətti	pers;3sg.acc
minama	minama	pers
minɛmən	minɛmən	
minɛməna	minɛməna	
mir	mir	n
mir	miren	n;poss.2sg
mir	mirew	n;poss.1pl
mir	mirən	n;loc
mir	mirəλ	n;poss.3sg
mir	mirəλən	n;pl;loc
mir	mirλaλ	n;pl;poss.3pl
mis	mis	n
mit	mit	n
mitra	mitra	n
mitra	mitrajən	n;loc
miλˊij	miλˊijλət	v;npst;3pl
moj	moj	n
moj	mojəŋ	adj;prop
mojλ	mojλəsət	v;pst;pl
molśe	molśen	n;poss.2sg
molśi	molśi	n
moləpśi	moləpśi	n
moləpśi	moləpśiλaλ	n;pl;poss.3sg
mos	mosman	v;cvb
mos	mosti	v;ptcp.npst
mos	mosəλ	v;npst
mos	mosəλ	v;poss.3sg
mos	mosλ	v;npst
mos	mosλajən	v;pl;dat;loc
moseŋ	moseŋ	
mosŋ	mosŋ	adv
mosəŋ	mosəŋ	adv
mosəλt	mosəλtəsλe	v;pst;3sg>sg/pl
moń	mońλajəm	v;npst;pass;1sg
moń	mońλaλ	v;npst;3pl>pl
mońś	mońś	n
mońś	mońśen	n;poss.2sg
mońś	mońśi	v;inf
mońś	mońśəs	v;pst
mońś	mońśət	n;pl
mońś	mońśəλ	v;npst
mońś	mońśλaλ	v;pl;poss.3sg
moś	moś	n
moś	mośλan	n;pl;poss.2sg
moś	mośλaλ	n;pl;poss.3sg
muj	muj	conn
muj	muj	pro-form
muj	muja	pro-form;dat
muj	mujen	
muj	mujetən	pro-form;pl;loc
muj	mujkɛm	pro-form;appr
muj	mujən	pro-form;loc
muj	mujət	pro-form;pl
muj	mujλaλən	pro-form;pl;poss.3sg;loc
muj arat	muj arat	
muj arat	muj arat	pro-form
muj arat	muj arat	wh-pro
muj pa	muj pa	conn
mujn	mujn	pro-form
mujsər	mujsər	pro-form
mujəλən	mujəλən	pro-form
munšam	munšaməsəŋən	v;pst;3du
murt	murt	n
murt	murta	n;dat
murt	murtən	n;loc
murtəŋ	murtəŋ	v
mutš	muttaśs	v;detr;pst
mutš	mutšaśs	v;detr;pst
mutš	mutšəsi	v;pst;pass
mutš	mutšəteλ	v;ptcp.npst;poss.3pl
mutšańś	mutšańśəs	v;pst
muzej	muzej	n
muŋ	muŋ	pers
muλsər	muλsər	неопр.мест
muλsər	muλsəren	неопр.мест;poss.2sg
muλtarat	muλtarat	pro-form
muλtas	muλtas	n
muλtas	muλtasa	n;dat
muλtas	muλtasen	n;poss.2sg
muλte	muλteλ	pro-form;poss.3sg
muλti	muλti	pro-form
muλti	muλtijən	pro-form;loc
muλti	muλtikɛm	pro-form;appr
muλtikɛm	muλtikɛm	adv
muλtkɛm	muλtkɛm	pro-form
muλχatəλ	muλχatəλ	adv
muχtar	muχtaret	n;pl
muχti	imuχti	adv
muχti	muχti	adv
muχtəλaja	muχtəλaja	adv
muχəλa	muχəλajəλa	post;poss.3sg;dat
muχəλaja	muχəλaja	adv
mă	măs	v;pst
mă	măsi	v;pst;pass
mă	măsijəm	v;pst;pass;1sg
mă	măsijəwa	v;pst;pass;1pl;pass
mă	măsəm	v;pst;1sg
mă	măsλən	v;pst;2/3du>sg/pl
mă	măti	v;ptcp.npst
mă	măλən	v;npst;2sg
mă	măλλən	
măl	măl	prt
măn	măna	v;imp
măn	mănmaλ	v;ptcp.pst;3sg
măn	mănmaλən	v;ptcp.pst;poss.3sg;loc
măn	măns	v;pst
măn	mănsəm	v;pst;1sg
măn	mănsəmən	v;pst;1du
măn	mănsət	v;pst;3pl
măn	mănsəŋən	v;pst;3du
măn	măntan	v;ptcp.npst;2/3du
măn	măntaw	v;ptcp.npst;poss.1pl
măn	măntaλ	v;ptcp.npst;3pl
măn	mănteλ	v;ptcp.npst;3pl
măn	mănti	pers;acc
măn	mănti	v;ptcp.npst
măn	măntija	v;ptcp.npst;dat
măn	măntɛm	v;ptcp.npst;1sg
măn	mănəm	v;ptcp.pst
măn	mănəs	v;pst
măn	mănəsəm	v;pst;1sg
măn	mănəsəw	v;pst;1pl
măn	mănətən	v;2du
măn	mănəλ	v;npst
măn	mănəλ	v;poss.3sg
măn	mănɛms	v;inch;pst
măn	mănɛməs	v;inch;pst
măn	mănλ	v;npst
măn	mănλ	v;pl
măn	mănλew	v;npst;poss.1pl
măn	mănλum	v;npst;1sg
măn	mănλǝλəw	v;iter;npst;1pl
măn	mănλǝλəw	v;pl;1pl>pl
măn	mănλəm	v;npst;1sg
măn	mănλən	v;npst;2sg
măn	mănλət	v;npst;3pl
măn	mănλət	v;pl;pl
măn	mănλəti	v;npst;2pl
măn	mănλətən	v;npst;2du
măn	mănλəw	v;npst;1pl
măn	mănλəŋən	v;npst;3du
măn	mănλəλəw	v;npst;1pl>pl
mănema	mănema	pers
mănšə	mănšəλijət	v;npst;pass;3pl
mănətti	mănətti	pers
mănɛm	mănɛm	pers
mănɛma	mănɛma	pers
măr	măr	post
măr	mărən	n;loc
mărət	mărətəs	v;pst
măta	măta	pro-form
mătt	măttən	неопр.мест;loc
mătta	mătta	неопр.мест
mătte	mătte	
mătte	mătte	adv
mătti	mătti	неопр.мест
mătti	măttijən	неопр.мест;loc
măttirən	măttirən	adv
măšja	măšja	adj
măšja	măšjaja	adj;dat
măλ	măλ	adj
mɛn	mɛnəmmaλ	v;mom;ptcp.pst;poss.3sg
mɛn	mɛnɛməsi	v;inch;pst;pass
mɛnλ	mɛnλaλət	v;pass;pl;pl
mɛsta	mɛsta	n
mɛsta	mɛstajən	n;loc
mɛsta	mɛstajəλa	n;poss.3sg;dat
mɛsta	mɛstaλaλ	n;pl;poss.3sg
mɛstə	mɛstəjewən	n;poss.1pl;loc
mɛt	mɛt	prt
mɵrəχ	mɵrəχλaλ	n;pl;poss.3sg
mɵst	mɵstλət	v;npst;3pl
mɵstə	mɵstəti	v;ptcp.npst
mɵš	mɵš	n
mɵš	mɵša	n;dat
mɵš	mɵšən	n;loc
mɵš	mɵšəŋ	adj;prop
mɵš	mɵšəŋa	adj;prop;dat
mɵš	mɵšλəm	v;npst;1sg
mʉlm	mʉlmət	n;pl
mʉw	muwewən	n;poss.1pl;loc
mʉw	mʉw	n
mʉw	mʉwa	n;dat
mʉw	mʉwew	n;poss.1pl
mʉw	mʉwewa	n;poss.1pl;dat
mʉw	mʉwewən	n;poss.1pl;loc
mʉw	mʉwən	n;loc
mʉŋ	muŋti	pers;acc
mʉŋ	mʉŋ	pers
mʉŋ	mʉŋ	pro-form
mʉŋ	mʉŋew	pers;dat
mʉŋewa	mʉŋewa	pers
mʉŋətti	mʉŋətti	pers
mʉλ	mʉλ	n
mʉλti	mʉλti	pro-form
n	arɛmətaλn	v;ptcp.npst;3pl
n	imen	n
n	juχtijəλtəwn	v;freq;acc;1pl
n	kiməλn	post
n	kɵrtətn	n;pl
n	mośn	n
n	λorn	n
n	χojn	v
n	χujatn	n
na	na	prt
naj	naj	n
naj	najəŋ	adj;prop
nart	nartəp	adj;prop.p
naverno	naverno	adv
nawr	nawrijəteλ	v;freq;ptcp.npst;poss.3pl
nawr	nawrijəλ	v;freq;poss.3sg
nawr	nawrəmsən	v;mom;pst;2sg
nawər	nawərməti	v;mom;ptcp.npst
nawər	nawərs	v;pst
nawər	nawərəm	v;ptcp.pst
nawər	nawərλət	v;npst;3pl
nawər	nawərλəŋən	v;npst;3du
nawərm	nawərməs	v;pst
nawərm	nawərməsəm	v;pst;1sg
nawərt	nawərtməti	v;mom;ptcp.npst
nawərt	nawərtλ	v;npst
nawərλ	nawərλ	v;npst
neftˊ	neftˊ	n
neftˊanoj	neftˊanoj	adj
nik	nik	preverb
nikolajevna	nikolajevna	n
nikλi	nikλi	adv
nin	nin	pers
niwəλ	niwəλ	num
niŋ	niŋ	pers
nišnewartowskij	nišnewartowskij	adj
nopət	nopətλˊəti	v;plur;ptcp.npst
noχr	noχrət	n;pl
noχər	noχər	n
nums	nums	n
nums	numsa	n;dat
nums	numseλən	n;poss.3pl;loc
nums	numsəλ	n;poss.3sg
numəs	numəs	n
numəs	numəsa	n;dat
numəs	numəsən	n;loc
nuri	nuri	n
nurəm	nurəma	n;dat
nuwe	nuweλ	n;poss.3sg
nuwi	nuwi	adj
nuwi	nuwija	adv;dat
nuλəs	nuλəsti	v;ptcp.npst
nuχ	nuχ	preverb
nuχ losit	nuχ losite	v;imp.sg>sg
nuχλi	nuχλi	adv
năpt	năptəs	v;pst
năpət	năpətti	v;ptcp.npst
năŋ	năŋ	pers
năŋ	năŋen	pers;dat
năŋ	năŋti	pers;acc
năŋena	năŋena	pers
năŋətti	năŋətti	pers
nɛ	nɛ	
nɛ	nɛ	n
nɛ	nɛŋaλaλ	n;du;poss.3sg
nɛ	nɛŋaλɛm	n;du;poss.1sg
nɛm	nɛm	n
nɛm	nɛm	pro-form
nɛm	nɛmen	n;poss.2sg
nɛm	nɛmən	n;loc
nɛm	nɛmət	n;pl
nɛm	nɛməλ	n;poss.3sg
nɛm	nɛmλaλ	n;pl;poss.3sg
nɛmasija	nɛmasija	adv
nɛmət	nɛmətti	v;ptcp.npst
nɛməλt	nɛməλt	
nɛməλt	nɛməλt	pro-form
nɛməλti	nɛməλti	pro-form
nɛmχuλta	nɛmχuλta	pro-form
nɛpek	nɛpek	n
nɛpek	nɛpekət	n;pl
nɛŋ	nɛŋa	n;dat
nɛŋ	nɛŋət	n;pl
nɛŋ	nɛŋɛm	n;poss.1sg
nɛš	nɛš	prt
nɵm	nɵmsijλsəm	v;detr;iter.npst;pst;1sg
nɵm	nɵməλman	
nɵm	nɵmλajəm	v;npst;pass;1sg
nɵm	nɵmλəm	v;npst;1sg
nɵm	nɵmλəm	v;npst;ptcp.pst
nɵm	nɵmλəw	v;npst;1pl
nɵms	nɵmsλəm	v;npst;1sg
nɵms	nɵmsλət	v;npst;3pl
nɵmən	nɵmən	adv
nɵməs	nɵməsijəλ	v;freq;npst
nɵməs	nɵməsiλa	v;freq;imp
nɵməs	nɵməsti	v;ptcp.npst
nɵməs	nɵməsəm	v;pst;1sg
nɵməs	nɵməsλ	v;npst
nɵməs	nɵməsλəm	v;npst;ptcp.pst
nɵməs	nɵməsλən	v;npst;2sg
nɵməs	nɵməsλət	v;npst;pl
nɵməs	nɵməsλəŋən	v;npst;3du
nɵpt	nɵptɛm	v;inch
nɵpət	nɵpət	n
nɵpət	nɵpətəλən	n;poss.3sg;loc
nɵχəλ	nɵχəλ	n
nʉmpi ewəλt	nʉmpi ewəλt	post
nʉmpija	nʉmpija	post
nʉmpijən	nʉmpijən	post
nʉw	nʉw	n
nʉw	nʉwət	n;pl
nʉša	nʉšaja	n;dat
oformit	oformitəs	v;pst
okrug	okrug	n
oms	omsijəλsət	v;freq;pst;pl
oms	omsijəλəs	v;freq;pst
oms	omsijəλλət	v;freq;npst;3pl
oms	omsijλsəm	v;iter.npst;pst;ptcp.pst
oms	omssəλλe	v;pst;3sg>sg/pl
oms	omsəm	v;ptcp.pst
oms	omsəmtəs	v;punct;pst
oms	omsəs	v;pst
oms	omsət	v;pst;3pl
oms	omsəλən	v;npst;2sg
oms	omsλət	v;npst;pl
oms	omsλəw	v;npst;1pl
omsəλ	omsəλsəm	v;pst;1sg
omsəλ	omsəλsəλλe	v;pst;3sg>sg/pl
oməs	oməs	v
oməs	oməsmaλ	v;ptcp.pst;3sg
oməs	oməssa	v;pst;pass
oməs	oməssajət	v;pst;pass;3pl
oməs	oməssəmən	v;pst;1du
oməs	oməssət	v;pst;3pl
oməs	oməsti	v;ptcp.npst
oməs	oməstɛmən	v;ptcp.npst;poss.1du
oməs	oməstλen	v;npst;poss.2sg
oməs	oməsəs	v;pst
oməs	oməsəλ	v;npst
oməs	oməsλ	v;npst
oməs	oməsλ	v;poss.3sg
oməs	oməsλəm	v;npst;1sg
oməs	oməsλən	v;npst;2sg
oməs	oməsλəw	v;npst;1pl
opet	opetən	n;loc
opraś	opraś	n
ortə	ortətλˊəλət	v;plur;npst;3pl
otdˊlˊeńija	otdˊlˊeńijajən	n;loc
ow	ow	n
ow	owa	n;dat
ow	owen	n;poss.2sg
ow	owən	n;loc
ow	owəλ	n;poss.3sg
ow	owλaλ	n;pl;poss.3sg
oŋt	oŋtəŋ	adj;prop
ośoλ	ośoλən	n;loc
oš	oš	n
oš	ošǝŋ	adj;prop
oλ	oλ	
oλ	oλ	n
oλ	oλn	n;loc
oλ	oλən	n;poss.2/3du
oλ	oλətən	n;pl;loc
oλm	oλməλ	n;poss.3sg
oλŋ	oλŋa	n;dat
oλŋ	oλŋijet	n;dim;pl
oλŋ	oλŋəλ	n;poss.3sg
oλŋ	oλŋəλən	n;poss.3sg;loc
oλŋit	oλŋitseλ	v;pst;3pl>sg
oλŋit	oλŋitti	v;ptcp.npst
oλəm	oλəm	n
oλəm	oλəmλaλ	n;pl;poss.3sg
oλəm	oλəmλi	n;car
oλəŋ	oλəŋ	adv
oλəŋ	oλəŋ	post
oλəŋ	oλəŋa	n;dat
oλəŋ	oλəŋən	n;loc
oλəŋ	oλəŋən	post;loc
oλəŋ	oλəŋəλ	n;poss.3sg
oλəŋən	oλeŋən	post
oλəŋən	oλəŋən	post
oχti	oχtija	n;dat
pa	pa	adj
pa	pa	prt
paj	paj	n
paj	paja	n;dat
pajλi	pajλi	adv
pakn	paknəm	v;ptcp.pst
pakn	paknəs	v;pst
pakn	paknəλtman	v;caus;cvb
pakn	paknəλtsajət	v;caus;pst;pass;3pl
pakn	paknəλtəm	v;caus;ptcp.pst
paknəλ	paknəλsa	v;pst;pass
paknəλ	paknəλsajəm	v;pst;pass;1sg
paknəλ	paknəλsən	v;pst;2sg
paknəλ	paknəλtijəλti	caus;freq;ptcp.npst
pakən	pakənsət	v;pst;3pl
pakən	pakənλət	v;npst;3pl
pamət	pamətλa	v;npst;pass
pan	pan	n
pan	panən	n;loc
par	parsəλλe	v;pst;3sg>sg/pl
part	parsajət	v;pst;pass;3pl
part	partijəλλajŋən	v;freq;npst;pass;3du
part	partijλəλe	v;freq;npst;3sg>sg/pl
part	partsa	v;pst;pass
part	partəm	v;ptcp.pst
part	partəs	v;pst
part	partəsijəλman	v;detr;freq;cvb
part	partλajəm	v;npst;pass;1sg
part	partλajət	v;npst;pass;3pl
part	partλəm	v;npst;1sg
part	partλəw	v;npst;1pl
part	partλəλλe	v;poss.3sg;3sg>sg/pl
parta	parta	n
parta	partajen	n;poss.2sg
pasa	pasa	preverb
pasir	pasir	adj
patˊ	patˊ	n
pavlovič	pavlovič	n
pawajur	pawajurən	n;loc
pawt	pawtijəλλəm	v;freq;npst;1sg
pawt	pawtəmsəm	v;mom;pst;1sg
pawt	pawtəmtəs	v;punct;pst
pawt	pawtəs	v;pst
pawtəs	pawtəsəs	v;pst
pawərt	pawərt	n
pawərt	pawərtən	n;loc
pawət	pawətsət	v;pst;pl
pawət	pawətti	n;ptcp.npst
pawət	pawətλət	n;npst;3pl
paλ	paλλa	v;npst;pass
pelək	peləka	n;dat
pelək	peləkən	n;loc
pensija	pensija	n
pensija	pensijaja	n;dat
petśar	petśarət	n;pl
pewəλ	pewəλti	v;ptcp.npst
pewəλtχot	pewəλtχot	n
peλa	peλa	post
peλi	peλi	prt
pir	pir	
pir	pir	n
piri	piriman	v;cvb
piri	piriλa	v;npst;dat
pirməŋ	pirməŋ	n
pirəm	pirəm	n
pirətti	pirətti	
pirəś	pirəś	adj
pit	pitijəλsəm	v;freq;pst;1sg
pit	pitman	v;cvb
pit	pitmaλ	v;ptcp.pst;3sg
pit	pitmaλən	v;ptcp.pst;3sg;loc
pit	pits	v;pst
pit	pitsa	v;pst;pass
pit	pitsajəm	v;pst;pass;1sg
pit	pitsajət	v;pst;pass;3pl
pit	pitsajəw	v;pst;pass;1pl
pit	pitseλ	v;pst;3sg
pit	pitsəm	v;pst;1sg
pit	pitsəmən	v;pst;1du
pit	pitsət	v;pst;3pl
pit	pitsəw	v;pst;1pl
pit	pitsəλaλ	v;pst;3pl>pl
pit	pitsəλən	v;pst;2/3du>sg
pit	pitsəλəw	v;pst;1pl>pl
pit	pitsəλλe	v;pst;3sg>sg/pl
pit	pittaλ	v;ptcp.npst;poss.3sg
pit	pittaλən	v;ptcp.npst;poss.3sg;loc
pit	pitti	v;ptcp.npst
pit	pitəm	v;ptcp.pst
pit	pitəmtəs	v;punct;pst
pit	pitəmɛmən	v;ptcp.pst;poss.1du
pit	pitəs	v;pst
pit	pitəsəm	v;pst;1sg
pit	pitəsəmən	v;pst;1du
pit	pitəλ	v;npst
pit	pitλ	v;npst
pit	pitλa	v;npst;pass
pit	pitλajəm	v;npst;pass;ptcp.pst
pit	pitλaλ	v;npst;poss.3pl
pit	pitλəm	v;npst;1sg
pit	pitλəmən	v;npst;1du
pit	pitλət	v;npst;3pl
pit	pitλəti	v;npst;2pl
pit	pitλəw	v;npst;1pl
pit	pitλəλaλ	v;npst;3pl>pl
piti	piti	adj
pitr	pitrəλən	post;poss.3sg;loc
pitər	pitər	post
pitər	pitəra	post;dat
pitər	pitərən	post;loc
pitərn	pitərn	post
pitˊλˊəpt	pitˊλˊəptəλ	v;npst
piš	pišλ	v;poss.3sg
piλ	piλ	n
piλ	piλɛma	post;poss.1sg;dat
piλa	piλa	post
piλa	piλaλa	post;poss.3sg;dat
poezd	poezd	n
pojək	pojək	n
pojək	pojəkti	v;ptcp.npst
pojəkśə	pojəkśəman	v;cvb
pomut	Pomut	n
pomut	pomut	n
pomut	pomutən	n;loc
pori	pori	n
porəŋ	porəŋ	
porɛs	porɛssəmən	v;pst;1du
porɛs	porɛsti	v;ptcp.npst
pos	pos	n
postə	postəm	v;ptcp.pst
pot	potti	v;ptcp.npst
pot	potəmλa	v;mom;poss.3sg;dat
pot	potλajəm	v;npst;pass;ptcp.pst
potəm	potəm	adj
pošχ	pošχəmmaλ	v;ptcp.pst;ptcp.pst;3sg
pošχ	pošχəmtəs	n;punct;pst
poλt	poλt	n
poχn	poχnəm	v;ptcp.pst
poχn	poχnəs	v;pst
poχn	poχnəλ	v;npst
poχn	poχnəλ	v;poss.3sg
poχśa	poχśa	n
poχən	poχən	v
poχən	poχənman	v;cvb
poχən	poχənəλ	v;npst
pun	pun	flst
pun	pun	n
pun	punijəλen	
pun	punijəλsajət	v;freq;pst;pass;3pl
pun	punijəλsət	v;freq;pst;pl
pun	punijəλti	v;freq;ptcp.npst
pun	punijλsajət	v;iter.npst;pst;pass;3pl
pun	punijλλət	v;iter.npst;npst;3pl
pun	punman	v;cvb
pun	punmaλ	v;ptcp.pst;3sg
pun	punmaλən	v;ptcp.pst;poss.3sg;loc
pun	punsət	v;pst;pl
pun	punsəw	v;pst;1pl
pun	punti	v;ptcp.npst
pun	punttit	v;npst;pass;3pl
pun	punəm	v;ptcp.pst
pun	punəmsəλən	v;mom;pst;2/3du>sg
pun	punəmλəmən	v;mom;npst;1du
pun	punəŋ	adj;prop
pun	punλa	v;npst;pass
pun	punλajət	v;npst;pass;3pl
pun	punλat	v;npst;pass;3pl
pun	punλatit	
pun	punλət	v;npst;3pl
pun	punλəw	v;npst;1pl
pun	punλəλam	v;npst;1sg>pl
pun	punλəλan	v;npst;2sg.pl
pun	punλəλaλ	v;caus;3pl>pl
pun	punλəλəw	v;npst;1pl>pl
pun	punλəλλe	v;npst;3sg>sg/pl
punsəś	punsəśsət	v;pst;3pl
pur	pur	flst
pur	purs	v;pst
pur	purλajət	v;npst;pass;3pl
pura	pura	n
pura	purajn	n;loc
puraj	puraja	n;dat
puraj	purajən	n;loc
puraj	purajλaλa	n;pl;poss.3pl;dat
purməs	purməs	n
purməs	purməst	n;pl
purməs	purməsət	n;pl
purməs	purməsλ	n;poss.3sg
purməs	purməsλaw	n;pl;poss.1pl
purəχ	purəχa	n;dat
putali	putali	n
putr	putrəməsŋən	v;mom;pst;du
putr	putrəpsew	n;nmzl;poss.1pl
putr	putrət	n;pl
putr	putrəλ	n;poss.3sg
putr	putrɛm	n;poss.1sg
putr	putrɛməsət	v;inch;pst;3pl
putr	putrɛməsəw	v;inch;pst;1pl
putǝrt	putǝrtiλəm	v;pass;poss.3sg;ptcp.pst
putər	putər	n
putər	putərsəm	v;pst;1sg
putər	putərsəm	v;pst;ptcp.pst
putər	putərsəmən	v;pst;1du
putər	putərsət	v;pst;3pl
putər	putərsəw	v;pst;1pl
putər	putərsəŋən	v;pst;3du
putər	putərti	v;ptcp.npst
putər	putərəλ	n;poss.3sg
putər	putərɛmən	n;poss.1du
putər	putərλ	n;poss.3sg
putər	putərλaλ	n;pl;poss.3sg
putər	putərλəm	v;npst;1sg
putər	putərλəm	v;npst;ptcp.pst
putər	putərλəmən	v;npst;1du
putər	putərλət	v;npst;3pl
putər	putərλəw	v;npst;1pl
putər	putərλəŋən	v;npst;3du
putərt	putərtijəλ	v;freq;npst
putərt	putərtijəλλəm	v;freq;npst;ptcp.pst
putərt	putərtman	v;cvb
putərt	putərtti	v;ptcp.npst
putərt	putərtəm	v;ptcp.pst
putərt	putərtəs	v;pst
putərt	putərtλəm	v;npst;ptcp.pst
putərt	putərtλət	v;npst;3pl
putərt	putərλəm	v;npst;ptcp.pst
puŋeλ	puŋeλ	post
puškan	puškan	n
puškan	puškanλi	n;car
pušχ	pušχλaλ	n;pl;poss.3sg
puλ	puλs	v;pst
puλ	puλti	v;ptcp.npst
puχ	puχ	n
puχ	puχaλ	n;poss.3sg
puχ	puχijen	n;dim;poss.2sg
puχ	puχijena	n;dim;poss.2sg;dat
puχ	puχŋən	n;du
puχ	puχŋəλ	n;du
puχ	puχŋəλam	n;du;poss.1sg
puχ	puχŋəλən	n;du;loc
puχ	puχəλ	n;poss.3sg
puχ	puχəλən	n;poss.3sg;loc
puχəλ	puχəλ	n
păk	păkλət	v;npst;3pl
pănt	pănt	n
pănt	păntije	n;dim
pănt	păntǝλ	n;npst
pănt	păntən	n;loc
pănt	păntət	n;pl
pănt	păntəλ	n;poss.3sg
păntijet	păntijet	
pănən	pănən	post
păr	părəm	v;ptcp.pst
pări	părija	dat
păsan	păsan	n
păsan	păsana	n;dat
păsan	păsanət	n;pl
păsti	păsti	adv
păta	păta	post
păte	pătetən	n;pl;loc
păte	păteλ	
păti	păti	post
pătlam	pătlam	adj
pătlə	pătləs	v;pst
pătlə	pătləsijət	v;pst;pass;3pl
pătlə	pătləti	v;ptcp.npst
pătlə	pătləλi	v;poss.3sg;pass
păλ	păλ	n
păλ	păλa	v;imp
păλ	păλti	v;ptcp.npst
păλ	păλəŋ	n;prop
păλtap	păλtap	adv
păλtap	păλtapšək	v;comp
păλtap	păλtapən	loc
păλtap	păλtapən	n;loc
păλəŋ	păλəŋ	n
păλəŋ	păλəŋən	n;loc
pɛlk	pɛlk	n
pɛlk	pɛlka	n;dat
pɛlk	pɛlkλaλ	n;poss.3sg;poss.3sg
pɛlkan	pɛlkan	adv
pɛlki	pɛlki	preverb
pɛlək	pɛlək	n
pɛlək	pɛləka	n;dat
pɛlək	pɛləkən	loc
pɛlək	pɛləkən	n;loc
pɛlək	pɛləkλal	n;pl;poss.3pl
pɛlək	pɛləkλɛmən	n;pl;poss.1du
pɛnt	pɛntəs	v;pst
pɛrt	pɛrtλəw	v;npst;1pl
pɛs turən	pɛs turən	n
pɛŋk	pɛŋk	n
pɛše	pɛšet	n;pl
pɛši	pɛši	n
pɛši	pɛšiλaw	n;pl;poss.1pl
pɛši	pɛšiλaλ	n;pl;poss.3sg
pɛλ	pɛλewa	post;poss.1pl;dat
pɛλ	pɛλən	post;loc
pɛλa	pɛλa	post
pɛλa	pɛλaλa	post;poss.3sg;dat
pɛλi	pɛλi	post
pɛλk	pɛλkλaλ	n;pl;poss.3sg
pɛλka	pɛλka	preverb
pɛλŋa	pɛλŋa	n
pɛλŋa	pɛλŋajət	n;pl
pɛλŋa	pɛλŋaλaλ	n;npst;poss.3sg
pɛλək	pɛλək	n
pɵjəkś	pɵjəkśijəλλət	v;freq;poss.3sg;pl
pɵm	pɵməŋ	adj;prop
pɵn	pɵn	n
pɵn	pɵna	n;dat
pɵn	pɵnəλ	n;poss.3sg
pɵrtit	pɵrtitsa	n;pst;pass
pɵrtit	pɵrtitλajət	v;npst;pass;3pl
pɵrəm	pɵrəmti	v;ptcp.npst
pɵrəm	pɵrəmλλ	v;npst
pɵrλə	pɵrλəti	v;ptcp.npst
pɵrλə	pɵrλəλəm	v;npst;1sg
pɵrλə	pɵrλɛməs	v;mom;pst
pɵs	pɵsλa	v;npst;pass
pɵsan	pɵsanλ	v;npst
pɵsŋ	pɵsŋən	loc
pɵsŋəŋ	pɵsŋəŋ	adj
pɵsəŋ	pɵsəŋ	n
pɵtəška	pɵtəška	n
pɵtəška	pɵtəškajt	n;pl
pɵśta	pɵśta	n
pɵšas	pɵšas	n
pɵšas	pɵšasλam	n;pl;poss.1sg
pɵšas	pɵšasλaw	n;pl;poss.1pl
pɵλnitsa	pɵλnitsajət	n;pl
pɵχər	pɵχəra	n;dat
pɵχəλ	pɵχəλməsijəm	v;mom;pst;pass;ptcp.pst
pɵχəλ	pɵχəλəm	v;ptcp.pst
pɵχəλmə	pɵχəλməλλe	v;npst;3sg>sg/pl
pʉka	pʉka	n
pʉka	pʉkajən	n;loc
pʉkla	pʉkla	n
pʉkən	pʉkən	n
pʉl	pʉlije	n;dim
pʉl	pʉlijetən	n;dim;pl;loc
pʉl	pʉlət	n;pl
pʉn	pʉn	n
pʉn	pʉnət	n;pl
pʉn	pʉnəŋ	adj;prop
pʉn	pʉnəλ	n;poss.3sg
pʉn	pʉnλaλ	n;pl;poss.3sg
pʉnš	pʉnši	v;ptcp.npst
pʉnš	pʉnšməsλe	v;mom;pst;3sg>sg/pl
pʉnš	pʉnšti	v;ptcp.npst
pʉnš	pʉnšəs	v;pst
pʉnš	pʉnλen	v;pl;2sg.sg
pʉpi	pʉpi	n
pʉpi	pʉpiŋən	n;du
pʉpi	pʉpiŋəna	n;du;dat
pʉpi	pʉpiλan	n;pl;poss.2sg
pʉt	pʉt	n
pʉt	pʉtət	n;pl
pʉtl	pʉtla	v;imp
pʉŋǝλ	pʉŋǝλ	n
pʉŋǝλ	pʉŋǝλλaλ	v;pl;poss.3pl
pʉŋəλ	pʉŋəλən	post;loc
pʉŋəλa	pʉŋəλa	adv
pʉŋəλna	pʉŋəλna	post
pʉš	pʉš	n
pӑta	pӑta	post
pӑλ	pӑλ	n
rajon	rajon	n
randimov	randimov	n
ras	ras	conn
rat	rat	n
rat	ratpi	adj;prop.p
rat	ratəŋ	adj;prop
ratiwa	ratiwa	n
ratiwa	ratiwajət	n;3pl
rańi	rańimaλti	v;mom;caus;ptcp.npst
raχ	raχəλ	poss.3sg
rimχ	rimχəmtəλ	v;punct;npst
ripak	ripaka	n;dat
ripači	ripačiti	v;ptcp.npst
rom	rom	adj
rom	roma	adj;dat
rom	roma	adv;dat
rom	romməsλe	v;punct;pst;3sg>sg/pl
rom	romməλti	v;punct;caus;ptcp.npst
roman	roman	adv
romaški	romaški	adv
romm	rommijəλəs	v;freq;pst
ropota	ropotajen	n;poss.2sg
ropota	ropotajəλ	n;poss.3sg
roχańλˊə	roχańλˊəst	v;pst;3pl
roχńɛmə	roχńɛməs	v;pst
run	runəmtəs	v;punct;pst
răkn	răknəs	v;pst
răkən	răkənsət	v;pst;3pl
răχ	răχəs	v;pst
răχ	răχəλ	v;npst
răχ	răχəλ	v;poss.3sg
răχəλ	răχəλ	
rɵpata	rɵpata	n
rɵpata	rɵpataja	n;dat
rɵpata	rɵpatajew	n;poss.1pl
rɵpata	rɵpatajλ	n;poss.3sg
rɵpit	rɵpitatən	v;imp;du
rɵpit	rɵpitmaλ	v;ptcp.pst;3pl
rɵpit	rɵpitsəm	v;pst;1sg
rɵpit	rɵpitsəmən	v;pst;1du
rɵpit	rɵpitsət	v;pst;3pl
rɵpit	rɵpitsəw	v;pst;1pl
rɵpit	rɵpitsəŋən	v;pst;3du
rɵpit	rɵpitti	v;ptcp.npst
rɵpit	rɵpittɛmən	v;ptcp.npst;poss.1du
rɵpit	rɵpitəs	v;pst
rɵpit	rɵpitəλ	v;npst
rɵpit	rɵpitλəm	v;npst;ptcp.pst
rɵpit	rɵpitλət	v;npst;3pl
rɵpit	rɵpitλəw	v;npst;1pl
rɵt	rɵt	n
rɵt	rɵtən	n;loc
rɵt	rɵtət	n;pl
rɵt	rɵtλaλ	n;pl;poss.3pl
rɵtna	rɵtna	n
rɵtna	rɵtnajət	n;pl
rɵtna	rɵtnajəλ	n;poss.3sg
rɵtna	rɵtnajəλaλ	n;pl;poss.3sg
rɵtna	rɵtnaλaλ	n;pl;poss.3sg
rɵtna	rɵtnaλaλən	n;pl;poss.3sg;loc
rɵtna	rɵtnaλew	n;pl;poss.1pl
rʉtś	rʉtśəw	v;1pl
rʉtśə	rʉtśəti	v;ptcp.npst
rʉtśə	rʉtśəλmən	v;npst;1du
rʉw	rʉw	n
rʉw	rʉweλən	n;poss.3pl;loc
rʉw	rʉwəλən	n;npst;loc
rʉwəŋ	rʉwəŋ	n
rʉwəŋ	rʉwəŋən	n;loc
rʉwəλ	rʉwəλ	
rʉś	rʉś	n
rʉś	rʉśǝt	n;pl
rʉś	rʉśət	n;pl
rʉś	rʉśλam	n;pl;poss.1sg
rʉś	rʉśλan	n;pl;poss.2sg
rʉś	rʉśλawən	n;pl;poss.1pl;loc
sa	sa	post
sa	saja	post;dat
sad	sad	n
sadˊik	sadˊik	n
sadˊik	sadˊikən	n;loc
saharov	saharov	n
saj	saj	n
samka	samka	n
samˊets	samˊets	n
samˊets	samˊetsλaλ	n;pl;poss.3sg
sapəλ	sapəλa	n;dat
satˊ	satˊəλ	v;npst
satˊλi	satˊλi	adj
saŋən	saŋən	post
saś	saśəs	v;pst
saś	saśəλ	v;npst
saλen	saλen	
saχ	saχən	loc
saχ	saχəŋ	adj;prop
saχar	saχar	n
sej	sej	n
sema	semajew	n;poss.1pl
sema	semajət	n;3pl
semja	semja	n
semja	semjajən	n;loc
semja	semjajət	n;3pl
sentjabr	sentjabr	n
sentˊabrˊ	sentˊabrˊən	n;loc
sewr	sewratən	v;imp;du
sewər	sewəra	v;imp
sewər	sewərλən	v;npst;2sg
sewər	sewərλˊəs	v;plur;pst
sewər	sɛwərti	v;ptcp.npst
sewɛm	sewɛmijəλλ	v;freq;poss.3sg
sij	sij	adv
sij	sijən	n;loc
sij	sijəŋ	adj;prop
sij	sijəŋa	adj;prop;dat
sij	sijəλ	n;poss.3sg
sij	sijλaλ	n;pl;poss.3sg
sij	sijλi	n;car
sijaś	sijaśti	v;ptcp.npst
sijaś	sijaśtija	v;ptcp.npst;dat
sijaś	sijaśəs	v;pst
sir	sir	adj
sir	sirən	adj;loc
siri	siri	adj
siri	siri	adv
sirija	sirija	adv
sirija	sirja	adv
sjuwaλ	sjuwaλəŋ	adj;prop
soləŋ	soləŋ	adj
sont	sontəməsmən	v;mom;pst;1du
sontəmə	sontəməs	v;pst
sopasλə	sopasλəman	v;cvb
sopek	sopekŋaλam	n;du;poss.1sg
sor	sorsət	v;pst;3pl
sor	sorəm	v;ptcp.pst
sor	sorəλen	v;npst;2sg.sg
sor	sorəλtəm	v;caus;ptcp.pst
sora	sora	adv
sora	sorašək	adv;comp
sort	sort	n
sort	sorten	n;poss.2sg
sort	sortən	n;loc
sort	sortət	n;pl
sort	sortəλ	n;poss.3sg
sorńi	sorńɛŋ	adj;prop
sorəm	sorəm	n
sosedka	sosedkajɛm	n;poss.1sg
sot	sot	num
sot	sotkɛma	num;appr;dat
sowet	sowetən	n;loc
sowχos	sowχos	adj
sowχos	sowχos	n
sowχos	sowχosa	n;dat
sowχos	sowχosən	n;loc
sowχos	sowχosət	n;pl
soλamat	soλamat	n
soχəλ	soχəλen	n;poss.2sg
soχλ	soχλət	n;pl
soχλ	soχλəλ	n;poss.3sg
spinning	spinning	n
sportzal	sportzal	n
starosta	starostaja	n;dat
statja	statjaλaλ	n;pl;poss.3sg
stroitelˊnij	stroitelˊnij	adj
stsenka	stsenkajət	n;pl
sup	sup	n
sur	surijəλ	v;freq;npst
surgut	surgut	n
surgutskij	surgutskij	adj
suri	suriλ	v;poss.3sg
surt	surt	n
surńumt	surńumtəjiλt	v;freq;3pl
surχ	surχ	n
suλ	suλ	n
suλi	suλi	n
suχ	suχ	n
suχ	suχa	n;dat
suχ	suχijeλ	n;dim;poss.3sg
suχ	suχən	n;loc
suχ	suχəλ	npst
suχ	suχəλən	n;poss.3sg;loc
suχ	suχλ	n;poss.3sg
suχ	suχλa	n;poss.3sg;dat
suχ	suχλam	n;pl;poss.1sg
suχ	suχλan	n;pl;poss.2sg
suχ	suχλaλ	n;pl;poss.3sg
suχn	suχnəs	v;pst
suχəm	suχəm	
suχəptə	suχəptəλijət	v;npst;pass;3pl
suχət	suχət	
săk	săkən	n;loc
săm	săm	n
săm	săma	n;dat
săm	sămən	n;loc
săr	săr	prt
săran	săran	n
săŋχəm	săŋχəm	n
săŋχəm	săŋχəmən	n;loc
săχ	săχət	n;pl
săχ	săχəŋ	n;prop
sɛm	sɛm	n
sɛm	sɛma	n;dat
sɛm	sɛmaλən	n;poss.3pl;loc
sɛm	sɛmŋəλ	adj;prop;npst
sɛm	sɛməŋ	n;prop
sɛm	sɛmλ	n;poss.3sg
sɛm	sɛmλi	n;car
sɛma pit	sɛma pitəs	v;pst
sɛse	sɛsen	n;poss.2sg
sɛse	sɛsena	n;poss.2sg;dat
sɛse	sɛset	n;pl
sɛsi	sɛsen	n;poss.2sg
sɛsi	sɛsi	n
sɛsi	sɛsija	n;dat
sɛsi	sɛsijn	n;loc
sɛsi	sɛsiλamən	n;pl;poss.1du
sɛsi	sɛsiλəmən	n;pl;1du
sɛŋk	sɛŋkijəλλen	v;freq;npst;2sg.sg
sɛŋk	sɛŋksət	v;pst;3pl
sɛŋk	sɛŋksəλλe	v;pst;3sg>sg/pl
sɛŋk	sɛŋkti	v;ptcp.npst
sɛŋk	sɛŋktеn	v;ptcp.npst;poss.2sg
sɛŋk	sɛŋkλa	v;npst;dat
sɛŋk	sɛŋkλλaλ	v;npst;3pl>pl
sɵjəm	sɵjəm	n
sɵn	sɵn	n
sɵr	sɵra	n;dat
sɵrχantλ	sɵrχantλ	n
sɵrχanəλ	sɵrχanəλ	n
sɵχm	sɵχmɛm	n;1sg
sɵχt	sɵχtəsλe	v;pst;3sg>sg/pl
sʉmət	sʉmət	n
sʉs	sʉs	n
sʉs	sʉsa	n;dat
sʉs	sʉsn	n;loc
sʉs	sʉsən	n;loc
sʉw	sʉw	n
sʉŋ	sʉŋ	n
sʉŋ	sʉŋa	n;dat
sʉŋ	sʉŋλaλ	n;pl;poss.3sg
sʉŋ	sʉŋλaλən	n;pl;poss.3sg;loc
sʉŋəλ	sʉŋəλ	
sˊemija	sˊemija	n
taj	tajəλ	v;poss.3sg
tak	tak	n
taka	taka	adv
takλa	takλa	post
takλi	takλi	post
tarma	tarma	adj
tarma	tarmat	adj;3pl
tarn	tarna	n;dat
tarəm	tarəm	adj
tata	tata	dem
tańλa	tańλa	n
taŋχa	taŋχa	adv
taś	taś	n
taś	taśa	n;dat
taś	taśən	n;loc
taś	taśətən	n;pl;loc
taś	taśəλ	n;poss.3sg
taś	taśλ	n;poss.3sg
taś	taśλaλ	n;pl;poss.3sg
taśəŋ	taśəŋ	adj
taλ	taλ	adj
taλ	taλmaλ	v;ptcp.pst;3sg
taλ	taλsa	v;pst;pass
taλ	taλəsajəm	v;pst;pass;1sg
taλ	taλəsti	v;detr;ptcp.npst
taλ	taλəsəλλən	v;pst;2/3du>sg/pl
taλti	taλti	adj
taχi	taχi	n
taχi	taχija	n;dat
taχti	taχtiλan	n;pl;poss.2sg
tij	tij	dem
tij	tija	n;dat
tij	tijən	n;loc
tijeŋ	tijeŋa	n;dat
tilš	tilšen	n;dat
timafejevna	timafejevna	n
tinəŋa	tinəŋa	adv
tiw	tiw	pro-form
tiw	tiws	v;pst
tiw	tiwti	v;ptcp.npst
tiw	tiwəs	v;pst
tiw	tiwλ	v;npst
tiweλt	tiweλ	dem
tiweλt	tiweλt	dem
tiweλt tuχeλt	tiweλt tuχeλt	adv
tiwi	tiwi	v
tiwəλt toχəλt	tiwəλt toχəλt	adv
tińχə	tińχəti	v;ptcp.npst
tiλeś	tiλeś	n
tiλeś	tiλeśən	n;loc
tiλś	tiλśəλ	n;npst
tiλəś	tiλəś	n
tiχəλ	tiχəλa	n;dat
to estˊ	to estˊ	conn
tos	tos	n
towi	towi	n
towi	towija	n;dat
towi	towije	n;dim
towi	towijən	n;loc
towij	towija	n;dat
towij	towijən	n;loc
toše	toše	adv
toχeλt	toχeλt	dem
toχər	toχərλa	v;npst;pass
traktor	traktorən	n;loc
tulχ	tulχət	n;pl
tum	tum	dem
tumi	tumi	pro-form
tumi	tumija	pro-form;dat
tumpeλ	tumpeλ	adv
tumpi	tumpi	post
tumpi	tumpija	post;dat
tumpi	tumpijən	post;loc
tumpijn	tumpijn	n
tunti	tunti	n
tunti	tuntijən	n;loc
turas	turas	adv
turast	turastijλλət	v;iter.npst;npst;3pl
turni	turni	adj
turp	turpəλ	n;poss.3sg
turŋəλt	turŋəλtman	v;cvb
turŋəλt	turŋəλtλəλλe	v;npst;3sg>sg/pl
turən	turnət	n;pl
tuta	tuta	dem
tuw	tuw	v
tuχeλt	tuχeλt	adv
tuχi	tuχi	adv
tuχəλ	tuχəλ	n
tuχəλ	tuχəλŋəλən	n;du;poss.2/3du
tuχəλ	tuχəλəλaλ	n;pl;poss.3sg
tuχəλ	tuχλəŋ	adj;prop
tăj	tăisət	v;pst;pl
tăj	tăj	v
tăj	tăjijλəŋən	v;iter.npst;npst;du
tăj	tăjman	v;cvb
tăj	tăjs	v;pst
tăj	tăjsat	v;pst;pass;3pl
tăj	tăjst	v;pst;pl
tăj	tăjsəm	v;pst;1sg
tăj	tăjsəm	v;pst;ptcp.pst
tăj	tăjsən	v;pst;2sg
tăj	tăjsən	v;pst;3du
tăj	tăjsət	v;pst;3pl
tăj	tăjsəti	v;pst;2pl
tăj	tăjsəw	v;pst;1pl
tăj	tăjsəŋən	v;pst;3du
tăj	tăjsəλəw	v;pst;1pl>pl
tăj	tăjsəλλe	v;pst;3sg>sg/pl
tăj	tăjti	v;ptcp.npst
tăj	tăjəm	v;ptcp.pst
tăj	tăjəs	v;pst
tăj	tăjəλ	v;npst
tăj	tăjλ	v;npst
tăj	tăjλ	v;pl
tăj	tăjλa	v;npst;pass
tăj	tăjλemən	v;npst;1du
tăj	tăjλew	v;npst;1pl>sg
tăj	tăjλeλ	v;npst;3pl>sg
tăj	tăjλeλ	v;npst;3sg
tăj	tăjλəm	v;npst;1sg
tăj	tăjλəm	v;npst;ptcp.pst
tăj	tăjλəmən	v;npst;1du
tăj	tăjλət	v;npst;3pl
tăj	tăjλəw	v;npst;1pl
tăj	tăjλəλaλ	v;npst;3pl>pl
tăj	tăjλəλλe	v;npst;3sg>sg/pl
tăj	tăjλɛm	v;npst;inch
tăj	tăjλɛmən	v;npst;1du>sg
tăkśum	tăkśumsət	v;pst;3pl
tăm	tăm	dem
tăm	tămmaλ	v;ptcp.pst;3sg
tămi	tămiti	ptcp.npst
tămiti	tămiti	
tăməś	tăməs	dem
tăməś	tăməś	dem
tănəλ	tănəλman	v;cvb
tănλ	tănλteλ	v;ptcp.npst;poss.3pl
tănλ	tănλλajət	v;npst;dat;3pl
tărm	tărməλ	v;npst
tăta	tăta	adv
tăta	tăta	dem
tăŋχa	tăŋχa	adv
tăλ	tăλ	n
tăλ	tăλ	v
tăλ	tăλsijəw	v;pst;pass;1pl
tăλ	tăλən	n;loc
tăλ	tăλəsijəλman	v;detr;freq;cvb
tăλaŋ	tăλaŋ	adj
tăλaŋ	tăλaŋa	adj;dat
tăλta	tăλta	pro-form
tăχ	tăχ	n
tăχ	tăχa	v;imp
tăχ	tăχije	n;dim
tăχ	tăχsəλən	v;pst;2/3du>sg
tăχ	tăχsəλλe	v;pst;3sg>sg/pl
tăχ	tăχti	v;ptcp.npst
tăχ	tăχλəmən	v;pl;1du
tăχ	tăχλəλam	v;npst;1sg>pl
tăχe	tăχen	n;loc
tăχe	tăχetən	n;pl;loc
tăχe	tăχeλ	n;poss.3sg
tăχe	tăχeλa	n;poss.3sg;dat
tăχi	tăχi	n
tăχi	tăχija	n;dat
tăχi	tăχijən	n;loc
tăχi	tăχin	n;loc
tăχi	tăχiλaλən	n;pl;poss.3sg;loc
tăχiλ	tăχiλ	pro-form
tăχt	tăχtije	n;dim
tăχti	tăχti	n
tăχərλə	tăχərλəmaλ	v;ptcp.pst;3sg
tɛmət	tɛmətsa	v;pst;pass
tɛrmaλə	tɛrmaλəλ	v;npst
tɛλ	tɛλ	adj
tɛλijewa	tɛλijewa	adj
tɛλən	tɛλən	post
tɵ	tɵseλ	v;pst;3pl>sg
tɵ	tɵsi	v;pst;pass
tɵ	tɵsijəm	
tɵ	tɵsijət	v;pst;pass;3pl
tɵ	tɵsijəw	v;pst;pass;1pl
tɵ	tɵsλe	v;pst;3sg>sg/pl
tɵ	tɵsλəŋən	
tɵ	tɵtaλ	v;ptcp.npst;poss.3sg
tɵ	tɵti	v;ptcp.npst
tɵ	tɵtija	v;ptcp.npst;dat
tɵ	tɵtλˊəsijəw	v;iter;pst;pass;1pl
tɵ	tɵtλˊəsəw	v;iter;pst;1pl
tɵ	tɵtλˊəti	v;iter;ptcp.npst
tɵ	tɵtλˊəλəm	v;iter;npst;1sg
tɵ	tɵλ	v;npst
tɵ	tɵλ	v;poss.3sg
tɵ	tɵλi	v;npst;pass
tɵ	tɵλijmən	v;npst;pass;1du
tɵ	tɵλijən	v;npst;pass;2sg
tɵ	tɵλ´ijəλsajət	v;plaс;freq;pst;pass;3pl
tɵ	tɵλǝw	v;pl;1pl
tɵ	tɵλəmən	v;npst;1du
tɵ	tɵλən	v;npst;2sg
tɵ	tɵλəw	v;npst;1pl
tɵ	tɵλˊijəλsajət	v;plur;freq;pst;pass;3pl
tɵ	tɵλˊəs	v;plur;pst
tɵ	tɵλλaλ	v;poss.3sg;3pl>pl
tɵ	tɵλλe	v;npst;3sg>sg/pl
tɵ	tɵλλən	v;npst;2/3du>sg/pl
tɵp	tɵp	prt
tɵrm	tɵrmen	n;poss.2sg
tɵrum λor	tɵrum λor	n
tɵrəm	tɵrəm	n
tɵrəm	tɵrəmije	n;dim
tɵrəm λor	tɵrəm λor	n
tɵrəm λor	tɵrəm λorən	n;loc
tɵs	tɵs	adj
tɵs	tɵsa	adv;dat
tɵt	tɵt	
tɵt	tɵtmaλ	v;ptcp.pst;poss.3sg
tɵt	tɵtλaλ	v;npst;3pl>pl
tɵt	tɵtλˊəsəm	v;plur;pst;1sg
tɵtλˊ	tɵtλˊǝλət	v;npst;3pl
tɵtλˊ	tɵtλˊəm	v;ptcp.pst
tɵńaλ	tɵńaλ	adv
tɵλ	tɵλ	
tɵλə	tɵλəti	v;ptcp.npst
tɵχ	tɵχ	неопр.мест
tɵχ	tɵχməm	v;mom;ptcp.pst
tɵχ	tɵχəmsajəm	v;mom;pst;pass;1sg
tɵχm	tɵχməs	v;pst
tɵχm	tɵχməλət	v;npst;3pl
tɵχśos	tɵχśos	adv
tɵχər	tɵχərsa	v;pst;pass
tɵχər	tɵχərλa	v;npst;pass
tɵχər	tɵχərλajət	v;npst;pass;pl
tʉm	tʉm	dem
tʉr	tʉr	n
tʉr	tʉrən	n;loc
tʉrpa	tʉrpa	n
tʉrsij	tʉrsijλ	n;poss.3sg
tʉt	tʉt	n
tʉt	tʉtije	n;dim
tʉt	tʉtijeλ	n;dim;poss.3sg
tʉt	tʉtpi	adj;prop.p
tʉt	tʉtən	n;loc
tʉt	tʉtəŋ	adj;prop
tʉt	tʉtəλ	n;poss.3sg
tʉt jʉχ	tʉt jʉχ	n
tʉw	tʉwa	v;imp
tʉw	tʉwatən	v;imp;du
tʉw	tʉwe	v;imp.sg>sg
tʉw	tʉwmaλ	v;ptcp.pst;3sg
tʉw	tʉwəm	v;ptcp.pst
tʉw	tʉwɛməs	inch;pst
tʉw	tʉwɛməsλe	v;inch;pst;3sg>sg/pl
tʉŋ	tʉŋa	adj;dat
tʉŋa	tʉŋa	adv
tʉŋk	tʉŋk	n
tʉŋk	tʉŋkən	n;loc
tʉš	tʉšəŋ	adj;prop
tˊurma	tˊurmaja	dat
tӑm	tӑm	
tӑm	tӑm	dem
ujλi	ujλi	adj
ullot	ullot	n
untas	untasən	n;loc
up	upɛm	n;poss.1sg
upi	upi	n
upi	upijeλ	n;dim;poss.3sg
urok	urokən	n;loc
urək	urək	n
ut	ut	n
ut	uta	n;dat
ut	ute	v;imp.sg>sg
ut	uten	n;poss.2sg
ut	uteλ	n;poss.3pl
ut	uteλən	n;poss.3pl;loc
ut	utijeŋən	n;dim;du
ut	utman	v;cvb
ut	utn	n;poss.2sg
ut	utseλ	n;pst;3pl>sg
ut	utsəm	v;pst;1sg
ut	utti	v;ptcp.npst
ut	utŋənən	n;du;loc
ut	utəm	v;ptcp.pst
ut	utən	n;loc
ut	utət	n;pl
ut	utəŋən	n;du
ut	utəλ	n;poss.3sg
ut	utɛm	n;poss.1sg
ut	utɛmən	n;poss.1du
ut	utλ	n;poss.3sg
ut	utλaλ	n;pl;poss.3sg
ut	utλən	v;npst;loc
utšam	utšam	adj
uws	uwsa	n;dat
uwəs	uwəs	n
uśχʉλ	uśχʉλ	adj
uš	uša	dat
uš	uša	n;dat
uš	ušən	n;loc
uš	ušəŋ	adj;prop
uš	ušɛmən	n;poss.1du
ušeŋ	ušeŋ	adj
uši	uši	adv
ušəŋ	ušəŋa	adv;dat
už	už	adv
uže	uže	adv
uλ	uλ	v
uλ	uλan	
uλ	uλmaλ	v;ptcp.pst;3sg
uλ	uλsəm	v;pst;1sg
uλ	uλsət	v;pst;3pl
uλ	uλti	v;ptcp.npst
uλ	uλəm	v;ptcp.pst
uλ	uλəmtəs	v;punct;pst
uλ	uλəs	v;pst
uλ	uλλət	v;npst;3pl
uλ	uλλəŋən	v;npst;3du
uχ	uχ	n
uχ	uχew	n;poss.1pl
uχ	uχən	n;loc
uχ	uχəλ	n;poss.3sg
uχšam	uχšam	n
uχšam	uχšamən	n;loc
uχəλ	uχəλan	n;pl;poss.2sg
uχəλ	uχəλλan	n;pl;poss.2sg
verχnij kazim	verχnij kazimən	n;loc
villa	villa	n
vot	vot	dem
waga	wagat	n;pl
wagon	wagon	
wan	wan	adj
wan	wana	adj;dat
wan	wanašək	adj;dat;comp
wan	wanti	v;ptcp.npst
wan	wanən	adj;loc
wan	wanəλtijəλəs	v;caus;freq;pst
wan	wanəλtijəλλət	v;caus;freq;npst;3pl
wan	wanəλtəsλe	v;caus;pst;3sg>sg/pl
wan	wanλəmən	v;npst;1du
wanka	wanka	n
wankʉtǝλ	wankʉtǝλ	adj
wankʉtǝλ	wankʉtǝλən	adj;loc
wankʉtəλ	wankʉtəλ	adv
wankʉtəλi	wankʉtəλi	adv
want	want	v
want	wante	v;imp.sg>sg
want	wantijəλ	v;freq;npst
want	wantijəλs	v;freq;pst
want	wantijəλti	v;freq;ptcp.npst
want	wantijəλλət	v;freq;npst;3pl
want	wantijəλλəŋən	v;freq;pl;3du
want	wantijλλəλλe	v;iter.npst;npst;3sg>sg/pl
want	wantiλman	v;iter.npst;cvb
want	wantman	v;cvb
want	wantməman	v;inch;cvb
want	wantsajət	v;pst;pass;3pl
want	wantsəm	v;pst;1sg
want	wantsəmən	v;pst;1du
want	wantsət	v;pst;3pl
want	wantsəw	v;pst;1pl
want	wantsəλəw	v;pst;1pl>pl
want	wantsəλλe	v;pst;3sg>sg/pl
want	wantsɛmən	v;pst;1du>sg
want	wanttaλən	v;ptcp.npst;3sg;loc
want	wantti	v;pl
want	wantti	v;ptcp.npst
want	wanttijən	v;ptcp.npst;loc
want	wantəm	v;ptcp.pst
want	wantəλ	v;npst
want	wantəλλaλ	v;npst;3pl>pl
want	wantλeλ	v;npst;3pl>sg
want	wantλəm	v;npst;1sg
want	wantλən	v;npst;2sg
want	wantλət	v;npst;3pl
want	wantλəw	v;npst;1pl
want	wantλəλλe	v;npst;3sg>sg/pl
want	wantλɛm	v;poss.3sg;1sg>sg
want	wantλλe	v;npst;3sg>sg/pl
wante	wante	
wantəs	wantəs	v;pst
wanši	wanši	n
wanəλt	wanəλtijəλ	v;freq;npst
wanəλt	wanəλtəλət	v;npst;3pl
wanəλtiλ	wanəλtiλəs	pst
wanəλtə	wanəλtəman	v;cvb
wanλtə	wanλtətijən	v;ptcp.npst;loc
warj	warj	
warjɵgan	warjɵgan	n
was	wasət	n;pl
wasi	wasi	n
wasˊa	wasˊa	n
wasˊa	wasˊajen	n;poss.2sg
waś	waś	adj
waś	waś	flst
waś	waśijet	adj;dim;acc
waś	waśməmaλ	v;mom;ptcp.pst;3pl
wej	wejət	n;pl
wet	wet	num
wet	wetkɛm	num;appr
wetra	wetra	n
wewtam	wewtam	adj
wewtam	wewtama	adj;dat
wewəməti	wewəməti	
wewλi	wewλi	adj
weλ	weλman	v;cvb
weλ	weλs	v;pst
weλ	weλti	v;ptcp.npst
weλ	weλəm	v;ptcp.pst
weλ	weλəs	v;pst
weλ	weλət	v;npst;3pl
weλ	weλəλ	v;npst
weλ	weλəλəm	v;npst;1sg
weλ	weλλəmən	v;npst;1du
weλ	weλλən	n;npst;2sg
weλpəs	weλpəsλ´əman	n;plaс;cvb
weλpəs	weλpəsλəman	n;caus;cvb
weλpəs	weλpəsλˊəman	v;plur;cvb
weλpəsλə	weλpəsλəti	v;ptcp.npst
weλpəsλə	weλpəsλəλət	v;npst;3pl
weλt	weλtijəλsajət	v;freq;pst;pass;3pl
weλt	weλtəm	v;ptcp.pst
weλśi	weλśi	adv
wirtəlˊot	wirtəlˊot	n
wirtəlˊot	wirtəlˊotewən	n;poss.1pl;loc
wis	wis	n
woj	woj	n
woj	wojen	n;poss.2sg
woj	wojije	n;dim
woj	wojjeλan	n;dim;pl;poss.2sg
woj	wojət	n;pl
woj	wojəta	n;pl;dat
woj	wojətən	n;pl;loc
woj	wojəŋən	n;du
woj	wojəλn	n;pl;loc
wojenχos	wojenχos	n
wojenχos	wojenχosa	n;dat
wojenχos	wojenχostən	n;pl;loc
wojenχos	wojenχosət	n;pl
wojenχos	wojenχosətən	n;pl;loc
wojna	wojna	n
wojna	wojnaja	n;dat
wolk	wolket	n;pl
wor	worλəmən	v;npst;1du
wort	wortti	v;ptcp.npst
wort	worλen	v;npst;2sg.sg
wot	wot	dem
wot	wot	n
wot	wota	n;dat
wot	woten	n;poss.2sg
wońś	wońśi	v;ptcp.npst
wońśəm	wońśəməλaλ	n;pl;poss.3sg
woś	wośmaλ	v;ptcp.pst;3sg
wośχi	wośχisəλλe	v;pst;3sg>sg/pl
woš	woš	n
woš	woša	n;dat
woš	wošen	n;poss.2sg
woš	wošew	n;poss.1pl
woš	wošewən	n;poss.1pl;loc
woš	wošijeλ	n;dim;poss.3sg
woš	wošn	n;loc
woš	wošt	n;pl
woš	wošən	n;loc
woš	wošət	n;pl
woš	wošəŋ	adj;prop
wošət	wošətijλa	v;iter.npst;pass
wošət	wošətλa	v;npst;pass
woλ	woλt	
woχ	woχ	v
woχ	woχsa	v;pst;pass
woχ	woχti	v;ptcp.npst
woχ	woχəntijəλλa	v;dec;freq;npst;pass
woχ	woχəλtəti	v;caus;ptcp.npst
wuj	wuj	n
wuj	wujən	n;loc
wujəm	wujəmman	v;cvb
wujəm	wujəmsa	v;pst;pass
wujəm	wujəmsajət	v;pst;pass;3pl
wujəm	wujəmti	v;ptcp.npst
wujəm	wujəmtəw	v;ptcp.npst;1pl
wujəm	wujəmλa	v;npst;pass
wujəm	wujəmλajət	v;npst;pass;3pl
wujəmt	wujəmtijəλsa	v;freq;pst;pass
wurŋa	wurŋa	n
wurŋa	wurŋaja	n;dat
wurŋa	wurŋajən	n;loc
wurŋa	wurŋajət	n;pl
wurŋike	wurŋiken	n;poss.2sg
wurŋime	wurŋimen	n;poss.2sg
wustə	wustəλ	v;npst
wut	wutəmλ	v;mom;npst
wut	wutəmλa	v;mom;npst;pass
wut	wutəmλˊəmaλ	v;mom;plur;ptcp.pst;poss.3sg
wuś	wuś	n
wuśk	wuśkəsən	v;pst;2sg
wuśk	wuśkəsλam	v;pst;1sg>pl
wuśk	wuśkəsλe	v;pst;3sg>sg/pl
wuśkə	wuśkəti	v;ptcp.npst
wuλi	wuλijs	v;detr;pst
wuλi	wuλijs	v;pst;pst
wuλi	wuλijəs	v;pst
wuλi	wuλisəm	v;pst;1sg
wuλit	wuλitsa	v;pst;pass
wuλit	wuλitsajət	v;pst;dat;3pl
wuλˊi	wuλˊijəλ	v;freq;npst
wuλλi	wuλλi	adv
wuχ	wuχ	n
wuχ	wuχən	n;loc
wuχ	wuχλam	n;pl;poss.1sg
wuχsar	wuχsar	n
wuχsar	wuχsarət	n;pl
wɛnlʉw	wɛnlʉwλaλ	n;pl;poss.3sg
wɛnš	wɛnšəλ	n;poss.3sg
wɛnš	wɛnšλaλ	n;pl;poss.3sg
wɛnšəp	wɛnšəp	adj
wɛr	wɛr	n
wɛr	wɛrew	n;poss.1pl
wɛr	wɛrman	v;cvb
wɛr	wɛrs	v;pst
wɛr	wɛrseλ	v;pst;3pl>sg
wɛr	wɛrsəm	v;pst;1sg
wɛr	wɛrsət	v;pst;3pl
wɛr	wɛrsəw	v;pst;1pl
wɛr	wɛrsəλən	v;pst;2/3du>sg
wɛr	wɛrsəλλe	v;pst;3sg>sg/pl
wɛr	wɛrti	v;ptcp.npst
wɛr	wɛrtija	v;ptcp.npst;dat
wɛr	wɛrtijən	v;ptcp.npst;pass;loc
wɛr	wɛrəm	v;ptcp.pst
wɛr	wɛrəmən	v;ptcp.pst;loc
wɛr	wɛrən	n;loc
wɛr	wɛrən	n;poss.2sg
wɛr	wɛrəntijəλλt	v;dec;freq;npst;3pl
wɛr	wɛrəntijəλλət	v;dec;freq;npst;3pl
wɛr	wɛrəntsət	v;dec;pst;3pl
wɛr	wɛrəntəλs	v;dec;poss.3sg;pst
wɛr	wɛrəntλət	v;dec;npst;3pl
wɛr	wɛrəntλəλλe	v;dec;npst;3sg>sg/pl
wɛr	wɛrəs	v;pst
wɛr	wɛrət	n;pl
wɛr	wɛrəta	n;pl;dat
wɛr	wɛrəλ	v;npst
wɛr	wɛrəλəm	v;npst;1sg
wɛr	wɛrλ	n;pl
wɛr	wɛrλ	n;poss.3sg
wɛr	wɛrλ	v;npst
wɛr	wɛrλa	v;npst;pass
wɛr	wɛrλajət	v;npst;pass;3pl
wɛr	wɛrλaλ	n;pl;poss.3sg
wɛr	wɛrλen	v;npst;2sg.sg
wɛr	wɛrλəmən	v;npst;1du
wɛr	wɛrλən	v;npst;2sg
wɛr	wɛrλət	v;npst;3pl
wɛr	wɛrλət	v;npst;pl
wɛr	wɛrλəw	v;poss.3sg;1pl
wɛr	wɛrλəλλe	n;npst;3sg>sg/pl
wɛr	wɛrλəλλe	v;npst;3sg>sg/pl
wɛr	wɛrλа	v;npst;pass
wɛra	wɛra	adv
wɛra	wɛra	неопр.мест
wɛri	wɛri	
wɛrən	wɛrənsət	v;pst;3pl
wɛrənt	wɛrəntijəλsət	v;freq;pst;3pl
wɛrənt	wɛrəntsəw	v;pst;1pl
wɛrənt	wɛrəntsəλλe	v;pst;3sg>sg/pl
wɛrλə	wɛrλəmaλən	v;ptcp.pst;3pl;loc
wɛŋ	wɛŋa	n;dat
wɛŋ	wɛŋəλaλ	n;pl;poss.3sg
wɵ	wɵjman	v;cvb
wɵ	wɵs	v;pst
wɵ	wɵsa	v;pst;pass
wɵ	wɵst	v;pst;3pl
wɵ	wɵsŋən	v;pst;3du
wɵ	wɵsəm	v;pst;1sg
wɵ	wɵsən	v;pst;2sg
wɵ	wɵsət	v;pst;3pl
wɵ	wɵsəw	v;pst;1pl
wɵ	wɵsəŋən	v;pst;3du
wɵ	wɵsɛmən	v;pst;1du>sg
wɵ	wɵti	v;ptcp.npst
wɵ	wɵtλˊλəm	v;iter;npst;1sg
wɵ	wɵλ	v;npst
wɵ	wɵλeλ	v;npst;poss.3pl
wɵ	wɵλi	v;npst;pass
wɵ	wɵλt	v;npst;3pl
wɵ	wɵλəm	v;npst;1sg
wɵ	wɵλəm	v;npst;ptcp.pst
wɵ	wɵλəmən	v;npst;1du
wɵ	wɵλən	
wɵ	wɵλət	v;npst;3pl
wɵ	wɵλɛm	v;npst;1sg>sg
wɵ	wɵλλe	v;npst;3sg>sg/pl
wɵj	wɵj	v
wɵj	wɵjti	v;ptcp.npst
wɵj	wɵjəntəλ	v;dec;npst
wɵjt	wɵjtsəmən	v;pst;1du
wɵjt	wɵjtəmsət	v;mom;pst;3pl
wɵjt	wɵjtəs	v;pst
wɵjt	wɵjtəsəm	v;pst;1sg
wɵjt	wɵjtλəw	v;npst;1pl
wɵjə	wɵjəλ	v;npst
wɵjət	wɵjətmaλ	v;ptcp.pst;3sg
wɵjət	wɵjətsəmən	v;pst;1du
wɵjət	wɵjətsət	v;pst;3pl
wɵjət	wɵjətsɛmən	v;pst;1du>sg
wɵjət	wɵjətλət	v;npst;3pl
wɵn	wɵn	adj
wɵn	wɵnašk	adj;dat;comp
wɵn	wɵnašək	adj;dat;comp
wɵn	wɵnšək	adj;comp
wɵn	wɵnət	n;pl
wɵn	wɵnəλtijəλλət	v;caus;freq;npst;3pl
wɵn	wɵnəλtəti	v;caus;ptcp.npst
wɵn	wɵnəλtəλ	v;caus;npst
wɵn	wɵnəλtəλew	v;caus;npst;1pl
wɵn	wɵnəλtəλəmən	v;caus;npst;1du
wɵn	wɵnəλtəλət	v;caus;npst;3pl
wɵn	wɵnλtaλən	v;caus;imp;nsg>nsg
wɵn	wɵnλtijəλsəm	v;caus;freq;pst;ptcp.pst
wɵn	wɵnλtijəλti	v;caus;freq;ptcp.npst
wɵn	wɵnλtijλsət	v;caus;iter.npst;pst;pl
wɵn	wɵnλtijλti	v;caus;iter.npst;ptcp.npst
wɵn	wɵnλtijλəs	v;caus;iter.npst;pst
wɵn	wɵnλtəti	v;caus;ptcp.npst
wɵna	wɵna	adj
wɵnt	wɵnt	n
wɵnt	wɵnta	n;dat
wɵnt	wɵntən	n;loc
wɵnta	wɵnta	
wɵnta	wɵnta	post
wɵnti	wɵnti	post
wɵnti	wɵntiman	v;cvb
wɵnti	wɵntiti	v;ptcp.npst
wɵntəp	wɵntəp	n
wɵntər	wɵntər	n
wɵnši	wɵnšen	n;poss.2sg
wɵnši	wɵnši	n
wɵnəλt	wɵnəλtijəλti	v;freq;ptcp.npst
wɵnəλt	wɵnəλtəsəw	v;pst;1pl
wɵnəλt	wɵnəλtəti	v;ptcp.npst
wɵnəλt	wɵnəλtəλλe	v;npst;3sg>sg/pl
wɵnλ	wɵnλsəw	v;pst;1pl
wɵnλt	wɵnλtijəλəm	v;freq;npst;ptcp.pst
wɵnλt	wɵnλtijλλət	v;iter.npst;npst;3pl
wɵri	wɵri	n
wɵri	wɵrija	n;dat
wɵrt	wɵrt	n
wɵrti	wɵrti	n
wɵt	wɵtəλ	v;npst
wɵtš	wɵtšijəλsət	v;freq;pst;3pl
wɵtš	wɵtšəm	v;ptcp.pst
wɵtš	wɵtšəseλ	v;pst;3pl>sg
wɵtš	wɵtšəsλe	v;pst;3sg>sg/pl
wɵtˊśa	wɵtˊśa	post
wɵtˊśa	wɵtˊśa	preverb
wɵńśəm	wɵńśəmət	n;pl
wɵš	wɵša	n;dat
wɵš	wɵšsət	v;pst;pl
wɵš	wɵšəmtəs	v;punct;pst
wɵš	wɵšəs	v;pst
wɵλ	wɵλ	v
wɵλ	wɵλijλ	v;iter.npst
wɵλ	wɵλm	
wɵλ	wɵλman	cvb
wɵλ	wɵλman	v;cvb
wɵλ	wɵλmaλ	v;ptcp.pst;poss.3sg
wɵλ	wɵλmemən	v;ptcp.pst;1sg;loc
wɵλ	wɵλmew	v;ptcp.pst;poss.1pl
wɵλ	wɵλmewn	v;ptcp.pst;poss.1pl;poss.2sg
wɵλ	wɵλmewən	v;ptcp.pst;poss.1pl;loc
wɵλ	wɵλmeλən	v;ptcp.pst;3pl;loc
wɵλ	wɵλmɛm	v;ptcp.pst;1sg
wɵλ	wɵλmɛmn	v;ptcp.pst;poss.1sg;poss.2sg
wɵλ	wɵλmɛmən	v;ptcp.pst;poss.1du
wɵλ	wɵλmɛmən	v;ptcp.pst;poss.1sg;loc
wɵλ	wɵλsəm	v;pst;1sg
wɵλ	wɵλsəmən	v;pst;1du
wɵλ	wɵλsət	v;pst;3pl
wɵλ	wɵλtan	v;ptcp.npst;dat
wɵλ	wɵλtaλ	v;ptcp.npst;3sg
wɵλ	wɵλteλ	v;ptcp.npst;3pl
wɵλ	wɵλti	v;ptcp.npst
wɵλ	wɵλtija	v;ptcp.npst;dat
wɵλ	wɵλtijən	v;ptcp.npst;loc
wɵλ	wɵλtəwən	v;ptcp.npst;1pl;loc
wɵλ	wɵλtəλijət	v;caus;npst;pass;3pl
wɵλ	wɵλtɛmən	v;ptcp.npst;poss.1du
wɵλ	wɵλəm	v;ptcp.pst
wɵλ	wɵλəmen	v;ptcp.pst;poss.2sg
wɵλ	wɵλəmewən	v;ptcp.pst;1pl;loc
wɵλ	wɵλəmɛmən	v;ptcp.pst;1sg;loc
wɵλ	wɵλəpsaλ	v;nmzl;poss.3sg
wɵλ	wɵλəpseλ	n;nmzl;poss.3pl
wɵλ	wɵλəpseλ	v;nmzl;poss.3pl
wɵλ	wɵλλ	v;npst
wɵλ	wɵλλəm	v;npst;1sg
wɵλ	wɵλλəmən	v;poss.3sg;1du
wɵλ	wɵλλən	v;npst;2sg
wɵλ	wɵλλət	v;npst;3pl
wɵλ	wɵλλət	v;npst;pl
wɵλ	wɵλλəw	v;npst;1pl
wɵλ	wɵλλəŋən	v;npst;3du
wɵλ	wɵλλˊəλ	v;plur;npst
wɵλ	wɵλλˊəλəm	v;plur;npst;1sg
wɵλm	wɵλma	n;dat
wɵλmit	wɵλmitti	v;ptcp.npst
wɵλtəλən	wɵλtəλən	
wɵλəp	wɵλəpsijən	pst;pass;loc
wɵλəps	wɵλəpsew	n;poss.1pl
wɵλλˊə	wɵλλˊəti	v;ptcp.npst
wʉ	wʉjəm	v;ptcp.pst
wʉ	wʉjλəmən	v;npst;1du
wʉ	wʉs	v;pst
wʉ	wʉsi	v;pst;pass
wʉ	wʉsijŋən	v;pst;pass;3du
wʉ	wʉsijət	v;pst;pass;3pl
wʉ	wʉsmən	v;pst;1du
wʉ	wʉsət	v;pst;3pl
wʉ	wʉsəλəw	v;pst;1pl>pl
wʉ	wʉsλe	v;pst;3sg>sg/pl
wʉ	wʉti	n;ptcp.npst
wʉ	wʉtijən	v;ptcp.npst;pass;loc
wʉ	wʉλew	v;poss.3sg;1pl>sg
wʉ	wʉλeλ	v;npst;3pl>sg
wʉ	wʉλəm	n;npst;1sg
wʉ	wʉλət	n;npst;3pl
wʉjan	wʉjansəmən	v;pst;1du
wʉjλˊ	wʉjλˊi	v;pass
wʉjλˊ	wʉjλˊət	v;npst;3pl
wʉna	wʉna	n
wʉna	wʉnajən	n;poss.2/3du
wʉr	wʉr	n
wʉr	wʉrn	n;loc
wʉr	wʉrən	n;loc
wʉr	wʉrənšək	adj;loc;comp
wʉr	wʉrəŋ	prop
wʉras	wʉras	n
wʉrat	wʉratti	v;ptcp.npst
wʉrat	wʉratλət	v;npst;3pl
wʉrta	wʉrta	adj
wʉrti	wʉrti	adj
wʉt	wʉt	n
wʉtwoš	wʉtwoš	n
wʉtwoš	wʉtwošən	n;loc
wʉtŋa	wʉtŋa	adv
wʉtś	wʉtśijəλs	v;freq;pst
wʉtś	wʉtśijəλsən	v;freq;pst;2sg
wʉtś	wʉtśijəλsət	v;freq;pst;3pl
wʉtś	wʉtśijəλsλe	v;freq;pst;3sg>sg/pl
wʉtś	wʉtśijəλəmen	v;freq;ptcp.pst;poss.2sg
wʉtś	wʉtśijλəλλe	v;iter.npst;npst;3sg>sg/pl
wʉtś	wʉtśəsət	v;pst;pl
wʉtλi	wʉtλi	adv
wʉśa	wʉśa	adv
wʉśit	wʉśitman	v;cvb
wʉśit	wʉśitmaλ	v;ptcp.pst;poss.3sg
wʉśit	wʉśitsəλλe	v;pst;3sg>sg/pl
wʉśit	wʉśitλa	v;npst;pass
wʉśŋa	wʉśŋa	n
wʉš ewəλt	wʉš ewəλt	post
wʉšn	wʉšn	post
wʉλ	wʉλəŋ	adj;prop
wʉλe	wʉλet	n;pl
wʉλi	wʉλi	n
wʉλi	wʉλijən	n;loc
wʉλi	wʉλiλaw	n;pl;poss.1pl
wʉλi	wʉλiλaλ	n;pl;poss.3sg
wʉλi	wʉλiλəw	n;pl;1pl
wʉλi	wʉλɨ	n
wʉλi χotən	wʉλi χotən	n
wʉλɛ	wʉλɛŋ	adj;prop
wоš	wоš	n
xătəλ	xătəλ	n
xɵλ	xɵλna	n;loc
zaboj	zabojλaλ	n;pl;poss.3sg
zaočka	zaočkaja	n;dat
zwˊerofˊerma	zwˊerofˊerma	n
ăk	ăkəmsət	v;mom;pst;pl
ăk	ăkəλ	v;npst
ăkt	ăktəmtəsew	v;punct;pst;dat
ăktəś	ăktəśsət	v;pst;3pl
ăktəś	ăktəśλəmən	v;npst;1du
ăktəś	ăktəśλət	v;npst;3pl
ăkət	ăkəta	v;imp
ăkət	ăkəti	v;pass
ăkət	ăkəti	v;ptcp.npst
ăkət	ăkətsəλλe	v;pst;3sg>sg/pl
ăkət	ăkətti	v;ptcp.npst
ăkət	ăkətλa	v;npst;pass
ăkət	ăkətλajəm	v;npst;pass;1sg
ăkət	ăkətλaλ	v;npst;3pl>pl
ăkət	ăkətλət	v;npst;3pl
ăkət	ăkətλəw	v;npst;1pl
ăkət	ăkətλəλaλ	
ăn	ăn	prt
ănt	ănt	prt
ănt	ăntəλ	v;npst
ănta	ănta	adv
ăntəp	ăntəp	n
ăntɵ	ăntɵ	prt
ăntɵm	antɵma	prt;dat
ăntɵm	ăntɵm	prt
ăntɵm	ăntɵma	prt;dat
ăntɵm	ăntɵmŋən	prt;du
ăntөm	ăntөm	prt
ăplək	ăplək	adj
ăŋkər	ăŋkərsəmən	v;pst;1du
ăškola	ăškola	n
ăškola	ăškolaja	n;dat
ăškola	ăškolajən	n;loc
ăškola	ăškolajət	n;pl
ăλ	ăλ	adj
ăλ	ăλ	adv
ăλ	ăλsəw	v;pst;1pl
ăλ	ăλti	v;ptcp.npst
ăλ	ăλəmsət	v;mom;pst;3pl
ăλ	ăλən	n;npst;loc
ăλ	ăλəλət	v;npst;3pl
ăλ	ăλλen	v;npst;2sg.sg
ăλ	ăλλən	v;npst;loc
ăλ	ăλλɛmən	v;npst;1du>sg
ăλmɵntiki	ăλmɵntiki	conn
ăλnɵmλa	ăλnɵmλa	adv
ăλə	ăλəti	v;ptcp.npst
ăχă	ăχă	prt
ńa	ńa	flst
ńaj	ńajsət	v;pst;3pl
ńamaλt	ńamaλt	n
ńamaλt	ńamaλten	n;poss.2sg
ńar	ńar	adj
ńar	ńarɛmati	v;mom;ptcp.npst
ńarsa	ńarsa	n
ńarɛ	ńarɛ	flst
ńawləka	ńawləka	adv
ńawrɛm	ńawrɛm	n
ńawrɛm	ńawrɛma	n;dat
ńawrɛm	ńawrɛmen	n;poss.2sg
ńawrɛm	ńawrɛmeλ	n;poss.3pl
ńawrɛm	ńawrɛmije	n;dim
ńawrɛm	ńawrɛmŋən	n;du
ńawrɛm	ńawrɛmŋəλ	n;du
ńawrɛm	ńawrɛmən	n;loc
ńawrɛm	ńawrɛmət	n;pl
ńawrɛm	ńawrɛməλ	n;poss.3sg
ńawrɛm	ńawrɛmλ	n;poss.3sg
ńawrɛm	ńawrɛmλam	n;poss.3sg;poss.1sg
ńawrɛm	ńawrɛmλaməna	n;pl;poss.1du;dat
ńawrɛm	ńawrɛmλan	n;pl;poss.2sg
ńawrɛm	ńawrɛmλaλ	n;pl;poss.3pl
ńawrɛm	ńawrɛmλaλ	n;pl;poss.3sg
ńawrɛm	ńawrɛmλəw	n;pl;1pl
ńań	ńań	n
ńań	ńańen	n;poss.2sg
ńań	ńańijen	n;dim;poss.2sg
ńań	ńańijew	n;dim;poss.1pl
ńań	ńańijeλ	n;dim;poss.3sg
ńań	ńańən	n;loc
ńań	ńańəλ	n;poss.3sg
ńań	ńańɛm	n;poss.1sg
ńań	ńańλa	n;poss.3sg;dat
ńań	ńańλaλ	n;poss.3sg;poss.3sg
ńań śom	ńań śom	n
ńaλ	ńaλ	n
ńaλəm	ńaλəmən	n;loc
ńeλtəśi	ńeλtəśiλ	v;npst
ńorś	ńorśəsət	v;pst;pl
ńot	ńot	flst
ńot	ńotti	v;ptcp.npst
ńot	ńotəpti	v;TR;acc
ńotəp	ńotəp	n
ńotəpsi	ńotəpsi	n
ńoλ	ńoλən	n;loc
ńuki χot	ńuki χotən	n;loc
ńulm	ńulməm	v;ptcp.pst
ńur	ńur	adv
ńuλ	ńuλ	n
ńuλ	ńuλa	n;dat
ńuχ	ńuχen	n;poss.2sg
ńuχi	ńuχi	n
ńuχi	ńuχɛm	n;poss.1sg
ńărjaλə	ńărjaλəman	v;cvb
ńăt	ńătśi	v;inf
ńăš	ńăš	n
ńăš	ńăšən	n;loc
ńăš	ńăšɛm	n;poss.1sg
ńăλ	ńăλ	n
ńăλ	ńăλmit	num;ord
ńăχ	ńăχen	v;poss.2sg
ńăχ	ńăχti	v;ptcp.npst
ńɵrəm	ńɵrəm	n
ńɵrəm	ńɵrəmət	n;pl
ńɵχəλ	ńɵχəλ	v
ńɵχəλ	ńɵχəλˊti	v;ptcp.npst
ńɵχəλ	ńɵχəλλajŋən	v;npst;pass;3du
ńʉki	ńʉki	
ńʉki	ńʉkiλan	n;pl;poss.2sg
ńʉki	ńʉkiλen	n;pl;poss.2sg
ńʉki χot	ńʉki χota	n;dat
ńʉki χot	ńʉki χotn	n;loc
ńʉki χot	ńʉki χotən	n;loc
ńʉr	ńʉr	Q
ńʉr	ńʉr	adv
śarka	śarkajən	n;poss.2/3du
śata	śata	
śata	śata	dem
śatˊśaś	śatˊśaśeλ	n;poss.3pl
śatˊśaś	śatˊśaśeλa	n;poss.3pl;dat
śatˊśaś	śatˊśaśɛm	n;poss.1sg
śatˊśaś	śatˊśaśλəw	n;npst;1pl
śatˊśaśi	śatˊśaśiλam	n;pl;poss.1sg
śawramt	śawramtseλ	v;pst;3pl>sg
śaś	śaśen	n;poss.2sg
śaś	śaśɛm	n;poss.1sg
śaś	śaśλəw	n;npst;1pl
śaśi	śaśi	n
śaśi	śaśiλam	n;pl;poss.1sg
śaλta	śaλta	
śenok	śenok	n
śeś	śeśλi	n;car
śi	śi	dem
śi	śi	prt
śi kʉš	śi kʉš	conn
śimja	śimjajəλ	n;poss.3sg
śimś	śimś	dem
śiməś	śiməś	dem
śir	śir	n
śir	śira	n;dat
śir	śireλ	n;poss.3pl
śir	śireλən	n;poss.3pl;loc
śir	śirn	n;loc
śir	śirən	n;loc
śir	śirəλ	n;poss.3sg
śir	śirəλən	n;poss.3sg;loc
śir	śirɛm	n;poss.1sg
śir	śirɛmən	n;poss.1sg;loc
śir	śirλ	n;poss.3sg
śira	śira	post
śirən	śirən	adv
śirən	śirən	n
śit	śit	dem
śit	śiteλ	dem;dat
śit	śitijeλ	n;dim;3pl>sg
śit	śitəŋ	dem;prop
śit	śitəλ	dem;poss.3sg
śit	śitɛm	dem;poss.1sg
śita	śita	dem
śiti	śiti	dem
śitpăta	śitpăta	pro-form
śitəλən	śitəλən	adv
śitλən	śitλən	adv
śiw	śiw	adv
śiweλt	śiweλt	adv
śiwi	śiwi	adv
śiχ	śiχ	adv
śiχr	śiχrəŋ	adj;prop
śol	śol	n
śol	śoləp	n;prop.p
śol	śolət	n;pl
śoma ow	śoma owa	n;dat
śorəs	śorəs	n
śorəs	śorəsa	v;dat
śos	śos	n
śos	śosən	n;loc
śur	śurəmtəs	v;punct;pst
śurs	śursəŋ	adj;prop
śurəm	śurəmsət	v;pst;3pl
śurəs	śurəs	num
śuχal	śuχal	n
śuχal	śuχaleλ	n;poss.3pl
śuχləŋ	śuχləŋ	n
śuχλəŋ	śuχλəŋ	n
śăkər	śăkər	adj
śăpar χʉλ	śăpar χʉλ	n
śărit	śăritλa	v;npst;pass
śăta	śăta	dem
śăškan	śăškan	n
śăλta	śăλta	adv
śăλtasa	śăλtasa	pro-form
śăχa	śăχa	adv
śɛraŋka	śɛraŋka	n
śɛλta	śɛλta	adv
šaj	šaj	n
šaj	šaja	n;dat
šaj	šajən	n;loc
šarik	šariket	n;pl
šarət	šarətsa	v;pst;pass
šaš	šašλən	n;poss.3sg;loc
šaλˊɛmə	šaλˊɛməsi	pst;pass
šiməλ	šiməλ	adv
šimλ	šimλa	adv;dat
šitam	šitam	adj
šiwaλ	šiwaλəmaλ	v;ptcp.pst;3sg
šiwaλ	šiwaλəsi	v;pst;pass
šiwaλ	šiwaλəsijŋən	v;pst;pass;3du
šiwaλ	šiwaλəsət	v;pst;3pl
šiwaλ	šiwaλəsλe	v;pst;3sg>sg/pl
šiwaλ	šiwaλəλi	v;npst;pass
šiwaλə	šiwaλəsəm	v;pst;1sg
šiwaλə	šiwaλəλ	v;npst
šiwaλə	šiwaλəλajəm	v;npst;pass;1sg
šiwəλ	šiwəλ	n
šiŋš	šiŋšəλa	n;poss.3sg;dat
šiŋəš	šiŋəš	n
škola	škola	n
škola	školaja	n;dat
škola	školajew	n;poss.1pl
škola	školajeλ	n;poss.3pl
škola	školajən	n;loc
škola	školajəλ	n;poss.3sg
šojət	šojət	n
šop	šop	adv
šowr	šowren	n;2sg.sg
šowər	šowər	n
šowər	šowəren	n;poss.2sg
šošəm	šošəmλəmən	v;npst;1du
šošəmə	šošəməti	v;ptcp.npst
šoχr	šoχrəməsət	v;ptcp.pst;pst;3pl
štob	štob	conn
šuma	šumajɛma	post;poss.1sg;dat
šumaja	šumaja	adv
šupa	šupaja	n;dat
šăman	šăman	n
šănš	šănšən	n;loc
šănš	šănšəλ	n;poss.3sg
šănš	šănšəλən	n;poss.3sg;loc
šăta	šăta	dem
šăŋk	šăŋk	adj
šăŋkap	šăŋkap	adv
šăš	šăš	n
šăλta	šăλta	adv
šɛpan	šɛpan	n
šɛŋk	šɛnk	adv
šɛŋk	šɛŋk	adv
šɵk	šɵk	n
šɵk	šɵkəŋ	adj;prop
šɵmpəλt	šɵmpəλtti	v;ptcp.npst
šɵmpəλt	šɵmpəλtλajən	v;npst;pass;2sg
šɵmŋəλt	šɵmŋəλtsajət	v;pst;pass;3pl
šɵməχ	šɵməχ	n
šɵməχ	šɵməχa	n;dat
šɵmχ	šɵmχa	n;dat
šɵp	šɵp	n
šɵp	šɵpije	n;dim
šɵp	šɵpən	n;loc
šɵp	šɵpət	n;pl
šɵp	šɵpəλ	n;poss.3sg
šɵpa	šɵpa	post
šɵpi	šɵpi	adv
šɵt	šɵtsəm	v;pst;1sg
šɵt	šɵtəl	v;npst
šɵt	šɵtəλ	v;npst
šɵt	šɵtλəŋən	
šɵŋt	šɵŋtɛm	n;poss.1sg
šɵŋət	šɵŋət	n
šɵŋət	šɵŋəta	n;dat
šɵŋχ	šɵŋχəsəλam	v;pst;1sg>pl
šɵš	šɵšijəλtaλ	v;freq;ptcp.npst;poss.3sg
šɵš	šɵšijəλti	v;freq;ptcp.npst
šɵš	šɵšijəλəsət	v;freq;pst;3pl
šɵš	šɵšijəλλ	v;freq;npst
šɵš	šɵšijəλλən	v;freq;npst;2sg
šɵš	šɵšijəλλəw	v;freq;npst;1pl
šɵš	šɵšijλλəmən	v;iter.npst;npst;1du
šɵš	šɵšməm	v;mom;ptcp.pst
šɵš	šɵšməs	v;mom;pst
šɵš	šɵšsəmən	v;pst;1du
šɵš	šɵšsət	v;pst;3pl
šɵš	šɵšəməs	v;mom;pst
šɵš	šɵšəs	v;pst
šɵšiλə	šɵšiλəman	v;cvb
šɵšəm	šɵšəmλəmən	v;npst;1du
šɵχ	šɵχti	v;ptcp.npst
šʉk	šʉk	n
šʉk	šʉkλən	n;pl;poss.2/3du
šʉkat	šʉkatməs	n;mom;pst
šʉkat	šʉkatsəλλe	v;pst;3sg>sg/pl
ən	ən	
ɛlsa	ɛlsa	
ɛnm	ɛnməλ	v;npst
ɛnm	ɛnməλti	v;caus;ptcp.npst
ɛnm	ɛnməλtəsəm	v;caus;pst;1sg
ɛnməλ	ɛnməλtəs	
ɛnəm	ɛnəmsa	v;pst;pass
ɛnəm	ɛnəmsəm	v;pst;ptcp.pst
ɛnəm	ɛnəmsəw	v;pst;1pl
ɛnəm	ɛnəməλ	v;npst
ɛpəλ	ɛpəλəŋ	adj;prop
ɛpλəŋ	ɛpλəŋ	
ɛsəm jiŋk	ɛsəm jiŋk	n
ɛsəλ	ɛsəλman	v;cvb
ɛsəλ	ɛsəλti	v;ptcp.npst
ɛsəλ	ɛsəλəsəm	v;pst;1sg
ɛsəλ	ɛsəλəλaλ	v;npst;3pl>pl
ɛsəλ	ɛsəλλen	v;npst;2sg.sg
ɛsλ	ɛsti	v;ptcp.npst
ɛsλ	ɛsλijəλsəλaλ	v;freq;pst;3pl>pl
ɛsλ	ɛsλəmsəλλən	v;mom;pst;2/3du>sg/pl
ɛsλ	ɛsλəmtəs	v;punct;pst
ɛsλ	ɛsλən	v;npst;2sg
ɛsλ	ɛsλəs	v;pst
ɛt	ɛtijəλ	v;freq;npst
ɛt	ɛtməs	v;inch;pst
ɛt	ɛts	v;pst
ɛt	ɛtsa	v;pst;dat
ɛt	ɛtsət	v;pst;3pl
ɛt	ɛtti	v;ptcp.npst
ɛt	ɛttijən	v;ptcp.npst;loc
ɛt	ɛttλˊəs	v;iter;pst
ɛt	ɛttλˊəw	v;iter;npst;1pl
ɛt	ɛtəm	v;ptcp.pst
ɛt	ɛtəs	n;pst
ɛtλˊ	ɛtλˊs	v;pst
ɛŋəλ	ɛŋəλman	v;cvb
ɛŋχ	ɛŋχti	v;ptcp.npst
ɛŋχ	ɛŋχəmtsajət	v;punct;pst;pass;pl
ɛλ	ɛλ	n
ɛλp	ɛλpəλ	n;poss.3sg
ɛλta	ɛλta	post
ɛλti	ɛλti	post
ɛλəp	ɛλəpλaλ	n;pl;poss.3sg
ɛλəs	ɛλəs	
ɵmś	ɵmś	adv
ɵmś	ɵmśa	adv;dat
ɵməś	ɵməś	adv
ɵp	ɵpλan	n;pl;poss.2sg
ɵp	ɵpλaw	n;pl;poss.1pl
ɵp	ɵpλew	n;pl;poss.1pl
ɵp	ɵpλəw	n;pl;poss.1pl
ɵpt	ɵpt	n
ɵpt	ɵptǝt	n;pl
ɵpt	ɵptλaλ	v;pl;poss.3pl
ɵpǝt	ɵpǝt	n
ɵpǝt	ɵpǝten	n;poss.2sg
ɵpǝt	ɵpǝtən	n;poss.2sg
ɵpət	ɵpətən	loc
ɵpət	ɵpətλew	n;pl;poss.1pl
ɵχti	ɵχtijən	post;loc
ɵχtija	ɵχtija	post
ɵχəλ	ɵχəλ	n
ɵχəλ	ɵχəλən	n;loc
ɵχλ	ɵχλijet	adj;dim;acc
ɵχλ	ɵχλəλ	n;poss.3sg
ʉkkeλ	ʉkkeλ	n
ʉkkeλ	ʉkkeλəλ	n;poss.3sg
ʉm	ʉmti	v;ptcp.npst
ʉw	ʉwman	v;cvb
ʉw	ʉwsəm	v;pst;1sg
ʉw	ʉwsəŋən	v;pst;3du
ʉw	ʉwti	v;ptcp.npst
ʉw	ʉwəs	v;pst
ʉw	ʉwəsəm	v;pst;1sg
ʉw	ʉwəλ	v;poss.3sg
ʉw	ʉwəλəm	v;npst;1sg
ʉw	ʉwλəm	v;npst;1sg
ʉwt	ʉwtijəλ	v;freq;npst
ʉwt	ʉwtəs	v;pst
ʉŋλ	ʉŋλəλ	n;poss.3sg
λajm	λajmɛm	n;poss.1sg
λajəm	λajəmije	n;dim
λampa	λampa	pro-form
λant	λant	n
λant	λantən	n;loc
λant	λantəŋ	adj;prop
λant jiŋk	λant jiŋk	n
λap	λapsəλλe	v;pst;3sg>sg/pl
λapka	λapka	n
λapka	λapkaja	n;dat
λapka	λapkajən	n;loc
λapka	λapkajət	n;pl
λapka	λapkajəta	n;pl;dat
λapət	λapət	num
λapətti	λapətti	
λaraś	λaraś	n
λaraś	λaraśijejət	n;dim;pl
λaraś	λaraśət	n;pl
λarijəs	λarijəs	n
λaw	λawəntsajət	v;dec;pst;pass;3pl
λaw	λawɛmijλλ	v;inch;iter.npst;npst
λawən	λawənλa	v;npst;pass
λawərt	λawərt	adv
λawərta	λawərta	v
λawəλ	λawəλman	v;cvb
λawəλ	λawəλti	v;ptcp.npst
λawɛm	λawɛməλɛm	v;npst;poss.1sg
λawɛrt	λawɛrta	adj;dat
λawλ	λawλman	v;cvb
λaŋk	λaŋkλen	v;npst;2sg.sg
λaŋki	λaŋki	n
λaŋəλ	λaŋəλ	n
λaŋəλ	λaŋəλət	n;pl
λaŋəλ	λaŋəλλaλ	n;pl;poss.3sg
λaλij	λaλijλət	v;npst;3pl
λaχəwi	λaχəwiλəm	npst;1sg
λeśit	λeśitseλ	v;pst;3pl>sg
λeśit	λeśitti	v;ptcp.npst
λeśit	λeśitλəmən	v;npst;1du
λeśit	λeśitλəmən	v;pl;1du
λeśit	λeśitλəmən	v;poss.3sg;1du
λeśit	λeśitλən	v;npst;2sg
λeśət	λeśətλən	v;npst;2sg
λij	λijs	v;pst
λij	λijsət	v;pst;3pl
λik	λikəŋ	adj;prop
λikaś	λikaśλ	v;npst
λin	λin	pers
λin	λintti	pers;acc
λipi	λipi	n
λipi	λipijən	n;loc
λipija	λipija	adv
λipəλta	λipəλta	adv
λis	λisəŋ	adj;prop
λitow	λitowλaλ	n;pl;poss.3sg
λiw	λiw	pers
λiw	λiweλ	pers;dat
λiw	λiweλa	pers;dat
λiw	λiwšək	adj;comp
λiwətti	λiwətti	pers
λiwəλ	λiwəλ	pers
λiλ	λiλ	n
λiλ	λiλən	n;loc
λiλ	λiλəŋ	adj;prop
λiλ	λiλəŋa	adj;prop;dat
λiλti	λiλti	
λiλŋət	λiλŋət	n
λom	λomɛsəs	v;detr;pst
λomt	λomtəm	v;ptcp.pst
λopas	λopas	n
λor	λor	n
λor	λora	n;dat
λor	λoren	n;poss.2sg
λor	λorən	n;loc
λor	λorət	n;pl
λor	λorəλ	n;poss.3sg
λor	λorλaλ	
λor	λorλaλən	n;pl;poss.3sg;loc
λowəλ	λowəλ	v;npst
λowəλ	λowəλti	v;ptcp.npst
λowλ	λowλti	v;ptcp.npst
λońś	λońś	n
λońś	λońśijəλsajət	v;freq;pst;pass;3pl
λońś	λońśijəλλəm	v;freq;npst;ptcp.pst
λońś	λońśəm	v;ptcp.pst
λońś	λońśəmtλəw	v;punct;npst;1pl
λońəλśə	λońəλśəsət	v;pst;3pl
λońλ	λońλən	v;2sg
λoŋ	λoŋ	flst
λoŋχit	λoŋχitməλən	v;mom;npst;poss.2/3du
λoŋχit	λoŋχitəm	v;ptcp.pst
λoŋχit	λoŋχitλ	v;npst
λoś	λoś	n
λošek	λošek	n
λoλˊ	λoλˊ	
λoλˊ	λoλˊ	v;npst
λoλˊ	λoλˊijəλəs	v;freq;pst
λoλˊ	λoλˊijəλλəm	v;freq;npst;1sg
λoλˊ	λoλˊman	v;cvb
λoλˊ	λoλˊs	v;pst
λoλˊ	λoλˊsən	v;pst;2sg
λoλˊ	λoλˊti	v;ptcp.npst
λoλˊ	λoλˊəmtəs	v;punct;pst
λoλˊ	λoλˊəntλa	v;dec;npst;pass
λoλˊ	λoλˊəs	v;pst
λoλˊ	λoλˊλ	v;npst
λoλˊ	λoλˊλǝt	v;npst;3pl
λoλˊ	λoλˊλət	v;npst;3pl
λup	λupət	v;3pl
λup	λupλeŋən	v;npst;3du
λupas	λupas	n
λupas	λupasa	n;dat
λupas	λupasəλ	n;poss.3sg
λurλ	λurλ	v
λurλ	λurλijəλsajət	v;freq;pst;pass;3pl
λurλ	λurλman	v;cvb
λurλ	λurλɛmλəλəw	v;inch;pl;1pl>pl
λuwat	λuwat	n
λuŋ	λuŋ	v
λuŋ	λuŋsət	v;pst;3pl
λuŋ	λuŋti	v;ptcp.npst
λuŋ	λuŋəs	v;pst
λuŋ	λuŋəλ	v;npst
λuŋ	λuŋλ	v;poss.3sg
λuŋ	λuŋλa	v;npst;pass
λäŋkər	λäŋkərλaλ	n;pl;poss.3sg
λănt	λănt	n
λăp	λăp	preverb
λări	λărijəλ	v;npst
λări	λăris	v;pst
λăŋkər	λăŋkərən	n;loc
λăŋmat	λăŋmats	v;pst
λăŋχ	λăŋχəλəm	v;npst;1sg
λăŋχa	λăŋχasəm	v;pst;1sg
λăŋχa	λăŋχaλəm	v;npst;ptcp.pst
λăŋχa	λăŋχaλət	v;npst;3pl
λɛ	λɛ	v
λɛ	λɛs	v;pst
λɛ	λɛsət	v;pst;3pl
λɛ	λɛsəw	v;pst;1pl
λɛ	λɛsλe	v;pst;3sg>sg/pl
λɛ	λɛti	v;ptcp.npst
λɛ	λɛtəλ	v;ptcp.npst;poss.3sg
λɛ	λɛλ	v;npst
λɛ	λɛλi	adv;car
λɛ	λɛλɛm	v;npst;poss.1sg
λɛ	λɛλλe	v;npst;3sg>sg/pl
λɛpas	λɛpasn	n;loc
λɛpt	λɛpta	adj;dat
λɛpt	λɛptijet	adj;dim;acc
λɛpəs	λɛpəs	n
λɛr	λɛr	n
λɛtut	λɛtut	n
λɛtut	λɛtutən	n;loc
λɛw	λɛwəm	v;ptcp.pst
λɛwasa	λɛwasa	adv
λɛŋχ	λɛŋχti	v;ptcp.npst
λɛλ	λɛλa	adj;dat
λɛλ	λɛλəmtəs	v;punct;pst
λɵj	λɵjti	v;ptcp.npst
λɵmt	λɵmtman	v;cvb
λɵmt	λɵmλəλλe	v;npst;3sg>sg/pl
λɵmǝt	λɵmǝtti	v;ptcp.npst
λɵmətsuχ	λɵmətsuχλaλ	n;pl;poss.3sg
λɵnt	λɵntŋən	
λɵnt	λɵntət	n;pl
λɵp	λɵpətən	n;pl;loc
λɵp	λɵpəλ	n;poss.3sg
λɵp	λɵpɛm	n;poss.1sg
λɵt	λɵtsəmən	v;pst;1du
λɵt	λɵtti	v;ptcp.npst
λɵt	λɵtəm	v;ptcp.pst
λɵt	λɵtλət	v;npst;3pl
λɵtəs	λɵtəsλəw	v;npst;1pl
λɵŋχ	λɵŋχ	n
λɵŋχ	λɵŋχət	
λɵŋχ	λɵŋχλaλa	n;pl;poss.3sg;dat
λɵλ	λɵλ	
λɵλən	λɵλən	prt
λɵχes	λɵχesti	v;ptcp.npst
λʉj	λʉj	n
λʉj	λʉja	n;dat
λʉj	λʉjət	n;pl
λʉpas	λʉpas	n
λʉpas	λʉpasəλ	n;poss.3sg
λʉw	λʉw	n
λʉw	λʉw	pers
λʉw	λʉwen	n;poss.2sg
λʉw	λʉweλ	pers;dat
λʉw	λʉweλa	pers;dat
λʉw	λʉwti	pers;acc
λʉw	λʉwət	n;pl
λʉw	λʉwλaλ	
λʉwsattaλa	λʉwsattaλa	v
λʉwətti	λʉwətti	pers
λʉwəλ	λʉwəλ	
λʉwəλ	λʉwəλa	dat
λʉŋ	λʉŋ	adj
λʉŋ	λʉŋ	n
λʉŋ	λʉŋen	
λʉŋ	λʉŋən	n;loc
λʉŋta	λʉŋta	post
λʉŋət	λʉŋətman	v;cvb
λʉŋət	λʉŋətti	v;ptcp.npst
λʉŋət	λʉŋətλaλ	v;npst;3pl>pl
λˊaksə	λˊaksə	v
λˊaksə	λˊaksəm	v;ptcp.pst
λˊaksə	λˊaksəman	v;cvb
λˊaksə	λˊaksəmaλ	v;ptcp.pst;3sg
λˊaksə	λˊaksəs	v;pst
λˊaksə	λˊaksəteλ	v;ptcp.npst;3pl
λˊaksə	λˊaksəti	v;ptcp.npst
λˊaksə	λˊaksəλ	v;npst
λˊawət	λawətti	v;ptcp.npst
λˊawət	λˊawət	v
λˊawət	λˊawətəλi	v;npst;pass
λˊikm	λˊikməλ	v;npst
λˊuχət	λˊuχətijλti	n;iter.npst;ptcp.npst
λˊuχət	λˊuχətλəm	v;npst;1sg
λˊuχət	λˊʉχətλ	v;npst
λаw	λаwəntsajət	v;dec;pst;pass;pl
χanm	χanmɛm	n;poss.1sg
χanti	χanti	
χar surət	χar surət	n
χaś	χaś	prt
χaś	χaś	v
χaś	χaśsəŋən	v;pst;3du
χaś	χaśəs	v;pst
χint	χint	n
χint	χinta	n;dat
χir	χir	n
χir	χira	n;dat
χir	χirijəλəm	v;freq;ptcp.pst
χir	χirmaλ	v;ptcp.pst;poss.3sg
χir	χirλajət	v;npst;pass;3pl
χirəten	χirəten	
χiš	χiš	n
χiš	χiša	n;dat
χiš	χišəλ	n;poss.3sg
χišəŋ	χišəŋ	adj
χiλi	χiλi	n
χiλi	χiλije	n;dim
χiλi	χiλiλam	n;pl;poss.1sg
χiλnɛ	χiλnɛ	n
χoj	χoj	v
χoj	χojs	v;pst
χoj	χojəs	v;pst
χoj	χojλət	v;npst;3pl
χoj	χojλˊəm	v;plur;ptcp.pst
χojat	χojat	n
χojəλ	χojəλ	v
χojəλ	χojəλəλ	v;npst
χojλ	χojλəλət	v;npst;3pl
χonəŋ	χonəŋ	n
χonəŋ	χonəŋa	post;dat
χonəŋən	χonəŋən	post
χop	χop	n
χop	χopa	n;dat
χop	χopen	n;poss.2sg
χop	χopew	n;poss.1pl
χop	χopewən	n;poss.1pl;loc
χop	χopən	n;loc
χop	χopəλ	n;poss.3sg
χop	χopəλa	n;poss.3sg;dat
χop	χopɛm	n;poss.1sg
χop jʉχ	χop jʉχ	n
χopt	χoptijeλaλ	n;dim;poss.3sg;poss.3sg
χopti	χopteλ	n;poss.3sg
χopti	χopti	n
χopti	χoptiλaλən	n;poss.3sg;poss.3sg;loc
χot	χot	n
χot	χota	n;dat
χot	χotenən	n;poss.2sg;loc
χot	χotew	n;poss.1pl
χot	χotewa	n;poss.1pl;dat
χot	χoteλ	n;poss.3pl
χot	χotǝtən	n;pl;loc
χot	χotən	n;loc
χot	χotət	n;pl
χot	χotətən	n;pl;loc
χot	χotəλ	n;poss.3sg
χot	χotλ	v;npst
χot	χotλan	n;pl;poss.2sg
χot	χotλaλ	n;pl;poss.3pl
χot	χotλət	v;npst;3pl
χot	χotеna	n;poss.2sg;dat
χot jit	χot jit	n
χot χări	χot χări	n
χot χări	χot χărin	n;poss.2sg
χotχari	χotχari	n
χowi	χowɛmijəλəs	v;mom;freq;pst
χowɛməλ	χowɛməλ	
χońś	χońśi	v;ptcp.npst
χońś	χońśλəti	v;caus;ptcp.npst
χoŋra	χoŋra	n
χoŋtɛp	χoŋtɛp	n
χoš	χošən	n;loc
χoš	χošəs	n;pst
χoš	χošλ	v;npst
χoš	χošλəm	v;npst;1sg
χoš	χošλəm	v;npst;ptcp.pst
χošm	χošməλa	v;npst;pass
χošm	χošməλtijλsət	v;caus;iter.npst;pst;pl
χošm	χošməλəλaλ	v;npst;3pl>pl
χošəm	χošəm	adj
χošəm	χošəm	adv
χoλ	χoλ	v
χoλ	χoλmɛs	v;mom;detr;pst
χoλ	χoλmɛsəs	v;mom;detr;pst
χoλ	χoλti	v;ptcp.npst
χoλ	χoλtija	v;ptcp.npst;dat
χoλ	χoλλa	v;npst;pass
χoλ	χoλλəsəm	
χoλ	χoλλət	v;npst;pl
χoλməs	χoλməssət	v;pst;3pl
χoλmɛs	χoλmɛsti	v;ptcp.npst
χoλp	χoλp	n
χoλp	χoλpa	n;dat
χoλp	χoλpen	n;poss.2sg
χoλp	χoλpət	n;pl
χoλp	χoλpəλ	n;poss.3sg
χoλp	χoλpɛm	n;poss.1sg
χoλəmen	χoλəmen	
χoλəp	χoλəp	n
χoλəp	χoλəpa	n;dat
χoλəp	χoλəpən	n;loc
χoλəp	χoλəpλaw	n;pl;poss.1pl
χoλλə	χoλλəti	v;ptcp.npst
χoλλə	χoλλəλ	v;npst
χuj	χuj	wh-pro
χuj	χuja	pro-form;dat
χuj	χujat	неопр.мест;indef
χuj	χujatən	n;indef;loc
χuj	χujatən	wh-pro;indef;loc
χuj	χujatət	n;indef;pl
χuj	χujatλaλən	неопр.мест;indef;pl;poss.3sg;loc
χuj	χujən	wh-pro;loc
χujat	χujat	n
χujat	χujata	n;dat
χujat	χujaten	n;poss.2sg
χujat	χujatət	n;pl
χujat	χujatλ	n;poss.3sg
χujat	χujatλan	n;pl;poss.2sg
χujat	χujatλəw	n;npst;1pl
χulta	χulta	post
χump	χumpλaλ	n;pl;poss.3sg
χumpəlt	χumpəltəλi	v;npst;pass
χuməλχa	χuməλχa	n
χunta	χuntas	v;pst
χunta	χuntasəŋən	v;pst;3du
χunta	χuntaλəm	v;npst;ptcp.pst
χunša	χunša	adv
χupali	χupaleλ	n;poss.3sg
χur	χur	
χur	χur	n
χur	χurijeλən	n;dim;poss.3sg;loc
χur	χurət	n;pl
χur	χurətən	n;pl;loc
χur	χurəλəλaλ	v;npst;3pl>pl
χur	χurλət	v;npst;3pl
χuraməŋ	χuraməŋ	adj
χuras	χuras	n
χuras	χuraspŋən	n;prop.p;du
χuras	χurasəp	n;prop.p
χuras	χurasəp	prop.p
χuras	χurasəλ	n;poss.3sg
χurasəŋ	χurasəŋa	adj;dat
χurt	χurtəmtijəλəs	v;punct;freq;pst
χurt	χurtəmtiλəs	v;punct;freq;pst
χurət	χurətλət	v;npst;3pl
χuta	χuta	pro-form
χutaś	χutaś	pro-form
χuti	χuti	wh-pro
χutisa	χutisa	adv
χutti	χutti	неопр.мест
χutəŋ	χutəŋ	n
χuś	χuśeλa	post;poss.3pl;dat
χuś	χuśəλa	post;poss.3sg;dat
χuśa	χuśa	post
χuśa	χuśam	post;poss.1sg
χuśama	χuśama	post
χuśi	χuśi	post
χušap	χušapəλ	n;poss.3sg
χuλ	χuλ	Q
χuλ	χuλti	v;ptcp.npst
χuλ	χuλəs	v;pst
χuλa	χuλas	
χuλa	χuλast	v;pst;3pl
χuλa	χuλaλ	v;npst
χuλi	χuλijəλ	v;npst
χuλijewa	χuλijewa	Q
χuλna	χuλna	adv
χuλt	χuλt	
χuλt	χuλt	pro-form
χuλt pɛλa	χuλt pɛλa	неопр.мест
χuλta	χuλta	adv
χuλta	χuλtalɛ	pro-form;dim
χuλśa	χuλśa	pro-form
χăj	χăjman	v;cvb
χăj	χăjs	v;pst
χăj	χăjsajŋən	v;pst;pass;3du
χăj	χăjsət	v;pst;3pl
χăj	χăjəm	v;ptcp.pst
χăj	χăjəλtλəw	v;caus;npst;1pl
χăjəp	χăjəp	n
χăn	χănλəλaλ	v;npst;3pl>pl
χănnɛχɵ	χănnɛχɵ	n
χănnɛχɵ	χănnɛχɵja	n;dat
χănnɛχɵ	χănnɛχɵjət	n;pl
χănnɛχɵ	χănnɛχɵjəta	n;pl;dat
χănnɛχɵ	χănnɛχɵjətən	n;pl;loc
χănnɛχɵ	χănnɛχɵλəλ	n;pl;poss.3sg
χănte	χănten	n;loc
χănte	χăntet	n;pl
χănte	χăntət	n;pl
χănti	χăntet	n;pl
χănti	χănti	n
χănti	χăntijən	n;loc
χănti	χăntiλan	n;poss.3sg;dat
χăntə	χăntəλaw	n;pl;poss.1pl
χănš	χănšəmən	v;ptcp.pst;loc
χănši	χănšijən	n;loc
χănšəŋ	χănšəŋət	adj;pl
χăr	χăr	n
χăr	χăren	n;dat
χăr	χăren	n;poss.2sg
χăr	χărijen	n;dim;loc
χăr	χărən	n;loc
χăr	χărət	n;pl
χăr	χărλ	n;poss.3sg
χăt	χătijəλ	v;freq;npst
χăt	χătəs	v;pst
χăt	χătəλ	n;npst
χătśə	χătśəman	v;cvb
χătśə	χătśəλλe	v;poss.3sg;3sg>sg/pl
χătəm	χătəməsəm	v;pst;1sg
χătəm	χătəməλəs	v;npst;pst
χătətˊ	χătətˊλˊəman	v;plur;cvb
χătəλ	χătəλ	n
χătəλ	χătəλa	n;dat
χătəλ	χătəλən	n;loc
χătˊ	χătˊλ	v;npst
χătˊ	χătˊλət	v;npst;3pl
χătˊ	χătˊλəw	v;npst;1pl
χătλ	χătλ	n
χătλ	χătλa	n;dat
χătλ	χătλaλən	n;poss.3sg;loc
χătλ	χătλen	n;poss.2sg
χătλ	χătλewən	n;poss.1pl;loc
χătλ	χătλeλ	n;poss.3pl
χătλ	χătλijeλən	n;dim;poss.3sg;loc
χătλ	χătλən	n;loc
χătλ	χătλət	n;pl
χăń	χăńɛmtəm	v;inch;ptcp.npst;ptcp.pst
χăń	χăńɛməs	v;mom;pst
χăń	χăńɛməsət	v;inch;pst;3pl
χăń	χăńɛməti	v;inch;ptcp.npst
χăńa	χăńašək	adj;comp
χăńat	χăńatsa	v;pst;pass
χăńat	χăńatəm	v;ptcp.pst
χăńi	χăńi	n
χăś	χătśi	v;ptcp.npst
χăś	χăś	adv
χăś	χăśijλəs	v;iter.npst;pst
χăś	χăśman	v;cvb
χăś	χăśsa	v;pst;pass
χăś	χăśsət	v;pst;3pl
χăś	χăśəs	v;pst
χăś	χăśλəmən	v;npst;1du
χăśməλ	χăśməλ	v
χăš	χăš	n
χăš	χăšsət	v;pst;pl
χăš	χăšti	v;ptcp.npst
χăšap	χăšapλan	n;pl;poss.2sg
χăšap	χăšapλen	n;npst;poss.2sg
χăλ	χăλ	v;npst
χăλ	χăλti	v;ptcp.npst
χɵ	χɵ	n
χɵ	χɵjat	n;dat;acc
χɵ	χɵjen	n;poss.2sg
χɵ	χɵjŋən	n;du
χɵ	χɵjən	n;loc
χɵ	χɵjət	n;pl
χɵ	χɵjəλ	n;poss.3sg
χɵ	χɵjɛm	n;poss.1sg
χɵ	χɵŋaλan	n;du;poss.2sg
χɵ	χɵŋəλ	n;du
χɵj	χɵjtaλ	v;ptcp.npst;3pl
χɵl	χɵl	n
χɵl	χɵla	n;dat
χɵl	χɵləŋən	n;du
χɵləm	χɵləm	num
χɵləŋ	χɵləŋ	adj
χɵn	χɵn	
χɵn	χɵn	pro-form
χɵn	χɵnti	
χɵnt	χɵntijəλman	v;freq;cvb
χɵnt	χɵntijəλsa	v;freq;pst;pass
χɵnt	χɵntijəλλa	v;freq;npst;pass
χɵnt	χɵntλ	v;npst
χɵntijəλ	χɵntijəλ	
χɵntti	χɵntti	pro-form
χɵr	χɵr	n
χɵr	χɵra	n;dat
χɵrɛs	χɵrɛsijəλ	v;freq;npst
χɵs	χɵs	num
χɵs	χɵskɛm	num;appr
χɵs	χɵsmit	num;ord
χɵs	χɵsəλ	n;poss.3sg
χɵsλa	χɵsλa	adv
χɵt	χɵt	num
χɵt	χɵtmit	num;ord
χɵtλə	χɵtλəm	ptcp.pst
χɵtλə	χɵtλəs	v;pst
χɵtλə	χɵtλəλ	v;npst
χɵńəλ	χɵńəλ	n
χɵŋ	χɵŋti	v;ptcp.npst
χɵŋχ	χɵŋχəλ	v;npst
χɵλ	χɵλ	n
χɵλ	χɵλman	v;cvb
χɵλ	χɵλmit	adj;ord
χɵλ	χɵλteλən	v;ptcp.npst;3pl;loc
χɵλ	χɵλtɛmən	v;ptcp.npst;1sg;loc
χɵλ	χɵλəmɛmən	v;ptcp.pst;poss.1du
χɵλ	χɵλənsət	v;dec;pst;3pl
χɵλ	χɵλənta	v;dec;imp
χɵλ	χɵλəntati	v;dec;imp;pl
χɵλ	χɵλəntman	v;dec;cvb
χɵλ	χɵλəntsəmən	v;dec;pst;1du
χɵλ	χɵλəntsəŋən	v;dec;pst;3du
χɵλ	χɵλəntti	v;dec;ptcp.npst
χɵλ	χɵλəntλət	v;dec;npst;3pl
χɵλ	χɵλəntλətən	v;dec;npst;2du
χɵλ	χɵλəntλəŋən	v;dec;npst;3du
χɵλ	χɵλənλəw	v;dec;poss.3sg;1pl
χɵλ	χɵλλa	v;npst;pass
χɵλ	χɵλλəλλe	v;npst;3sg>sg/pl
χɵλ	χɵλλˊəsen	v;plur;pst;2sg.sg
χɵλi	χɵλi	adj
χɵλi	χɵλija	n;dat
χɵλmit	χɵλmit	adj
χɵλt	χɵλta	dat
χɵλəm	χɵλəm	num
χɵλəm	χɵλəma	num;dat
χɵλənt	χɵλəntijəλsəm	v;freq;pst;ptcp.pst
χɵχəλ	χɵχəλməs	n;mom;pst
χɵχəλ	χɵχəλməsət	v;mom;pst;pl
χɵχəλ	χɵχəλsəŋən	v;pst;3du
χɵχəλ	χɵχəλti	v;ptcp.npst
χɵχəλ	χɵχəλəλ	v;npst
χɵχəλ	χɵχəλλ	v;npst
χɵχəλ	χɵχəλλət	v;npst;3pl
χɵχəλm	χɵχəλməs	n;pst
χɵχəλm	χɵχəλməst	n;pst;3pl
χʉtˊ	χʉtˊλəw	v;npst;1pl
χʉw	χʉw	adv
χʉw	χʉwa	adj;dat
χʉw	χʉwa	adv;dat
χʉw	χʉwa	dat
χʉw	χʉwšək	adj;comp
χʉw	χʉwən	adv;loc
χʉw	χʉwən	loc
χʉw	χʉwət	adj;pl
χʉwat	χʉwat	post
χʉwən	χʉwn	adv
χʉwən	χʉwənšək	adv;comp
χʉwət	χʉwəttaλ	v;ptcp.npst;3sg
χʉwλə	χʉwλəmaλ	v;ptcp.pst;poss.3sg
χʉwλə	χʉwλəs	v;pst
χʉλ	χʉλ	n
χʉλ	χʉλa	n;dat
χʉλ	χʉλan	n;pl;poss.2sg
χʉλ	χʉλen	n;poss.2sg
χʉλ	χʉλew	n;poss.1pl
χʉλ	χʉλijet	n;dim;pl
χʉλ	χʉλət	n;pl
χʉλ	χʉλəw	n;1pl
χʉλ	χʉλəŋ	adj;prop
χʉλ	χʉλəλ	n;poss.3sg
χʉλ	χʉλɛm	n;poss.1sg
χʉλ	χʉλλaλ	n;pl;poss.3sg
χʉλ λor	χʉλ λor	n
χʉλ λor	χʉλ λorən	n;loc
χоnəŋ	χоnəŋən	n;loc
χӑnti	χӑnti	n
а	а	prt
аλ	аλ	adv
надя	Надяjen	poss.2sg
ӑn	ӑn	prt
ӑnt	ӑnt	prt
ӑntɵ	ӑntɵ	prt