	#	
	#!	
	#!#	
	#!#|#	
	#!“#	
	#!”#	
	#"#	
	#(#	
	#)#	
	#,	
	#,#	
	#,#|#	
	#.	
	#.#	
	#.“#	
	#.”	
	#.”#	
	#:#	
	#;#	
	#?!#	
	#?#	
	#?“#	
	#?”	
	#?”#	
	#|#	
	#–#	
	#“#	
	#”#	
	#”,	
	#”.#	
	.#	
	.”#	
	1	
	10	
	15	
	2	
	3	
	4	
	5	
	6	
	–#	
aktəś	aktəśa	v;IMP.2SG_
aktəś	aktəśsajət	v;PST;PASS;3PL
aktəś	aktəśsət	v;PST;3PL
aktəś	aktəśtət	v;PRS;3PL
aktəś	aktəśλət	v;PRS;3PL
akəm	akəmsət	v;PST;3PL
akəm	akəmλət	v;PRS;3PL
ala	alla	subs
amamətśi	amamətśɛm	subs;SG<1SG
amərλə	amərλəti	v;INF
ant	an	ptcl
ant	ant	ptcl
ant	anta	ptcl
ant	antəs	v;PST[3SG]
ant pă	an pă	ptcl
antəp	antəp	subs
antəp	antəpəλ	subs;SG<3SG
antəp jʉλ	antəp jʉλ	subs
antɵm	antɵ	ptcl
antɵm	antɵm	ptcl
as	asλi	subs;ABE
at	at	ptcl
aŋki	aŋken	subs;SG<2SG
aŋki	aŋken	subs;SG<3DU
aŋki	aŋkeλ	subs;SG<3SG
aŋki	aŋkɛŋən	subs;DU
aŋki	aŋkɛŋəλ	subs;DU<3SG
aŋkərmə	aŋkərməsəm	v;PST;1SG
aŋkərmə	aŋkərməλən	v;PRS;2SG
aŋkərt	aŋkərmaλən	v;PTCP.PST;3SG;LOC
aŋkərt	aŋəλəλ	v;PRS[3SG]
aλ	aλ	adv
aλ	aλ	ptcl
aλmənti ki	aλmənti ki	adv
aλmənti ki	aλmənti ki	sconj
aλnəmλa	aλnəmλa	adv
aλpa	aλpa	adv
aλsaŋ	aλsaŋ	adj
aλt	aλt	ptcl
aλˊ	aλˊsa	v;PST;PASS[3SG]
aλˊ	ăλˊe	v;IMP.SG<2SG
aλˊśə	aλˊśəsi	v;PST;PASS[3SG]
aλˊśə	aλˊśəsijət	v;PST;PASS;3PL
aλˊśə	ăλˊśəλeλ	v;PRS;SG<3PL
aλˊśə	ăλˊśəλi	v;PRS;PASS[3SG]
aλˊλˊə	aλˊλˊəsət	v;PST;3PL
i	i	adj
i	i	cardnum
i	ij	cardnum
i mʉλtijən	i mʉλtijən	adv
i mʉλtijən	ij mʉλtijən	adv
i pʉš	i pʉš	num
i pʉš	ij pʉš	num
i śiməś	i śiməś	dem
ij jʉpijən	ij jʉpijən	adv
ij kɛm	ij kɛmət	adj;PL
ij χʉj	ij χʉj	indfpro
iki	ikenən	subs;SG<2SG;LOC
iki	iket	subs;PL
iki	ikeλ	subs;SG<3SG
iki	ikeλən	subs;SG<3SG;LOC
iki	iki	subs
iki	ikɛŋən	subs;DU
ikile	ikile	subs
ikile	ikileλ	subs;SG<3SG
ikile	ikiλeλ	subs;SG<3SG
imi	imen	subs;SG<2SG
imi	imena	subs;SG<2SG;DLAT
imi	imet	subs;PL
imi	imeta	subs;PL;DLAT
imi	imeλ	subs;SG<3SG
imi	imi	subs
imi	imisaŋən	subs;COLL;DU
imi	imɛm	subs;SG<1SG
imi	imɛŋən	subs;DU
imi tɵ	imi tɵs	v;PST[3SG]
imi šănš ɛwəλt wɵλti mʉś χɵ	imi šănš ɛwəλt wɵλti mʉś χɵ	nprop
imi šănš ɛwəλt wɵλti mʉś χɵ	imi šănš ɛwəλt wɵλti mʉś χɵjən	nprop;LOC
imile	imile	subs
imile	imileλ	subs;SG<3SG
in	in	adv
in	in	pro
in jă	in jă	adv
intam	intam	adv
is	isəλ	subs;SG<3SG
isa	isa	adj
isa	isa	adv
it	it	cardnum
iti	iti	pstp
ińśəs	ińtśəsət	v;PRS[3SG]
ińśəs	ińśəsti	v;INF
ińśəs	ińśəsəλ	v;PRS[3SG]
ińśəs	ińśəsλaλe	v;PRS;SG<3SG
ińśəsiλ	ińśəsiλəs	v;PST[3SG]
iśi	iśi	ptcl
iśi mʉrt	iśi mʉrt	adv
iśi pʉλˊaŋ	iśi pʉλˊaŋ	adv
iśiti	iśiti	adv
iśki	iśki	adj
iśki	iśki	subs
iśńi	išni	subs
išni χʉp	išni χʉpa	subs;DLAT
iλ ɛsλ	iλi ɛsəλsa	v;PST;PASS[3SG]
iλ=	iλi	prvb
iλi kɛrəptijəλ	iλi kɛrəptijəλsəŋən	v;PST;3DU
iλi pit	iλi pitmaλən	v;PTCP.PST;3SG;LOC
iλi pit	iλi pitəs	v;PST[3SG]
iλi rakən	iλi raknəs	v;PST[3SG]
iλi sɛwər	iλi sɛwərti	v;INF
iλi wʉχəλ	iλi wʉχəλti	v;INF
iλi wʉχəλ	iλi wʉχəλλəm	v;SG<3SG;1SG
iλi wʉχəλ	iλi wʉχλəs	v;PST[3SG]
iλi šɵjλə	iλi šɵjλəs	v;PST[3SG]
iλi ɛsλəmt	iλ ɛsλəmtəs	v;PST[3SG]
iλi ɛsλəmt	iλi ɛsλəmtəs	v;PST[3SG]
iλi ʉλ	iλ ʉλsəŋən	v;PST;3DU
iλi ʉλ	iλ ʉλəs	v;PST
iλi ʉλ	iλi ʉλa	v;IMP.2SG_
iλi ʉλ	iλi ʉλəs	v;PST[3SG]
iλpi	iλpi	subs
iλpi	iλpija	subs;DLAT
iλpija	iλpija	pstp
iλpija+dial.var.	itpija	pstp
iλpijən	iλpijən	pstp
iλpijən+dial.var.	itpijən	pstp
iλλi	iλλi	adv
iχət	iχətman	v;CVB
iχət	iχətλa	v;PRS;PASS[3SG]
jalań iki	jalań iket	nprop;PL
jalań iki	jalań ikeλ	nprop;SG<3SG
jalań iki	jalań ikeλən	nprop;SG<3SG;LOC
jalań iki	jalań iki	nprop
jalań iki	jalań ikijən	nprop;LOC
jalań jʉχ	jalań jʉχ	nprop;people
jali	jali	nprop
jam	jam	adj
jam	jamašik	adj;DLAT;COMPR
jam pɛlək	jam pɛlək	adv
jama	jama	adv
jaməs	jaməs	adv
jana	jina	adv
jaŋχ	jaŋti	v;INF
jaŋχ	jaŋti	v;PTCP.PRS
jaŋχ	jaŋλəm	v;PRS;1SG
jaŋχ	jaŋλəman	v;PRS;1DU
jaŋχ	jaŋλən	v;SG<3SG;2SG
jaŋχ	jaŋλət	v;PRS;3PL
jaŋχ	jaŋχa	v;IMP.2SG_
jaŋχ	jaŋχaλən	v;IMP.2DU
jaŋχ	jaŋχsəm	v;PST;1SG
jaŋχ	jaŋχsəmən	v;PST;1DU
jaŋχ	jaŋχten	v;PTCP.PRS;2SG
jaŋχ	jaŋχəm	v;PTCP.PST
jaŋχ	jaŋχəs	v;PST[3SG]
jaŋχ	jaŋχəλ	v;PRS[3SG]
jaŋχ	jaŋχλəm	v;PRS;1SG
jaŋχijəλ	jaŋχijəλ	v
jaŋχijəλ	jaŋχijəλsət	v;PST;3PL
jaŋχijəλ	jaŋχijəλəλ	v;PRS[3SG]
jaχa	jaχa	adv
jaχa akəm	jaχa akəmsət	v;PST;3PL
jaχa pit	jaχa pitsəŋən	v;PST;3DU
ji	jis	v;PST[3SG]
ji	jisen	v;PST;SG<2SG
ji	jisŋən	v;PST;3DU
ji	jisəm	v;PST;1SG
ji	jisət	v;PST;3PL
ji	jitaλ	v;PTCP.PRS;3SG
ji	jiteλ	v;PTCP.PRS;SG<3SG
ji	jiti	v;INF
ji	jiλ	v;PRS[3SG]
ji	jiλət	v;PRS;3PL
ji	jʉwa	v;IMP.2SG_
ji	jʉwmaλ	v;PTCP.PST;3SG
ji	jʉwmaλən	v;PTCP.PST;3SG;LOC
ji	jʉwmeλ	v;PTCP.PST;3SG
ji	jʉwəm	v;PTCP.PST
ji	jʉwəman	v;PTCP.PST;LOC
ji	jʉwəmən	v;PTCP.PST;LOC
jintəp	jintəpən	subs;LOC
jir	jir	subs
jir	jirman	v;CVB
jir	jirən	subs;LOC
jir	jirəs	v;PST[3SG]
jira	jira	adv
jirsaλə	jirsaλəsλe	v;PST;SG<3SG
jirənšək	jirənšək	adv
jirɛmə	jirɛməs	v;PST[3SG]
jirɛλta	jirɛλta	adv
jis jʉχ	jis jʉχ	subs
jisən	jisən	adv
jitpa	jitpa	adv
jiw	jiwλi	subs;ABE
jiwλap asλap	jiwλap asλap	adj
jiŋ wɵrt	jiŋ wɵrt	subs
jiŋ wɵrt	jiŋ wɵrta	subs;DLAT
jiŋ wɵrt	jiŋ wɵrtət	subs;PL
jiŋ χʉλ	jiŋ χʉλ	subs
jiŋk	jiŋk	subs
jiŋk	jiŋka	subs;DLAT
jiŋk	jiŋki	subs;PROPR
jiŋk	jiŋkən	subs;LOC
jiŋk	jiŋkət	subs;PL
jiŋk	jiŋkəŋ	subs;PROPR
jiŋk	jiŋkəλ	subs;SG<3SG
jiŋk	jiŋkɛm	subs;SG<1SG
jiŋk	jiŋkɛŋ	subs;PROPR
jiŋk	jiŋn	subs;LOC
jiŋk wʉj	jiŋk wʉj	subs
jiλəp	jiλəp	adj
jă	jă	interj
jă wăt	jă wăt	ptcl
jăj	jăjλaλ	subs;PL<3SG
jăk	jăk	subs
jăk	jăksa	v;PST;PASS[3SG]
jăk	jăkti	v;INF
jăk	jăkti	v;PTCP.PRS
jăk	jăkət	subs;PL
jăk	jăkətən	subs;PL;LOC
jăk	jăkəλ	v;PRS[3SG]
jăk χʉt	jăk χʉt	subs
jăk χʉt	jăk χʉta	subs;DLAT
jăk χʉt	jăk χʉteλ	subs;SG<3SG
jăk χʉt	jăk χʉtən	subs;LOC
jăkijəλ	jăkijəλλət	v;PRS;3PL
jăkɛmiλ	jăkɛmiλajje	v;IMP.2SG_ filling_syllable
jăsəŋ	jăsəŋ	subs
jăsəŋ	jăsəŋa	subs;DLAT
jăńś	jăńśi	v
jăńś	jăńśmeλ	v;PTCP.PST;3SG
jăńś	jăńśsət	v;PST;3PL
jăńś	jăńśəm	v;PTCP.PST
jăńś	jăńśəs	v;PST[3SG]
jăńś	jăńśət	v;3PL
jăńś	jăńśəλəmən	v;PRS;1DU
jăńś	jăńλət	v;PRS;3PL
jăńś	jăńλəλλe	v;PRS;SG<3SG
jăńś	jăśsət	v;PST;3PL
jăńś	jăśsəŋən	v;PST;3DU
jăńś	jăśət	v;3PL
jăńλˊśə	jăńλˊśaλən	v;IMP.SG<2DU
jăńλˊśə	jăńλˊśəsijət	v;PST;PASS;3PL
jăńλˊśə	jăńλˊśəti	v;INF
jăńλˊśə+sp.var.	jańəlśəsijŋən	v;PST;PASS;3DU
jăŋ	jăŋ	cardnum
jɛkər	jɛkrət	subs;PL
jɛkər χʉməs	jɛkər χʉmsətən	subs;tussock;PL;LOC
jɛməŋ	jɛməŋ	adj
jɛrt	jɛrtəm	v;PTCP.PST
jɛrt	jɛrtλən	v;PRS;2SG
jɛtnətən	jɛtnətən	adv
jɛtšə	jɛtšəm	v;PTCP.PST
jɛtšə	jɛtšəmaλ	v;PTCP.PST;3SG
jɛtšə	jɛtšəs	v;done;PST[3SG]
jɛtən	jɛtna	subs;DLAT
jɛtən	jɛtən	subs
jɛw	jɛwən	subs;LOC
jɛw	jɛwətən	subs;PL;LOC
jɛŋk	jɛŋk	adj
jɛŋk	jɛŋk	subs
jɛŋk	jɛŋka	subs;DLAT
jɛśaλt	jɛśaλt	adv
jɛša	jɛša	adv
jɛša wɵλ	jɛša wɵλ	adv
jɛša wɵλ+dial.var.	jɛša wɵt	adv
jɛλ pɛlək	jɛλ pɛlkəλ	subs;SG<3SG
jɛλ pɛlək	jɛλ pɛləkən	subs;LOC
jɛλ šɵšəm	jɛλ šɵšməs	v;PST[3SG]
jɛλi	jɛλi	adv
jɛλi man	jɛλi manti	v;INF
jɛλi ńɵχəm	jɛλi ńɵχmes	v;PST[3SG]
jɛλi ńɵχəm	jɛλi ńɵχməs	v;PST[3SG]
jɛλi šɵšəm	jɛλi šɵšməs	v;PST[3SG]
jɛλi λăλˊəs	jɛλi λăλˊəsti	v;INF
jɛλi χɵχəλmə	jɛλi χɵχəλməλtən	v;PRS;2DU
jɛλmaš	jɛλmašλaλ	subs;PL<3SG
jɛλpi	jɛλpeλən	pstp;3SG;LOC
jɛλpijən	jɛλpijən	pstp
jɛλλi	jɛλλi	prvb
jɛλλi pɵrλə+dial.var.	jɛtti pɵrtəsət	v;PST;3PL
jɛλλi rʉtəm	jɛλλi rʉtəmsət	v;PST;3PL
jɛλλi tɵ	jɛλ tɵti	v;INF
jɛλλi tɵ	jɛλλi tɵti	v;INF
jɛλλi ʉwət	jɛλλi ʉwtəs	v;PST[3SG]
jɵm jʉχ	jɵm jʉχ	subs
jɵr	jɵr	adj
jɵr	jɵr	subs
jɵr	jɵra	adj;DLAT
jɵr	jɵra	subs;DLAT
jɵr	jɵren	subs;SG<2SG
jɵr	jɵrŋən	adj;DU
jɵr	jɵršək	adj;DIM.MEL
jɵr	jɵrən	subs;LOC
jɵr	jɵrət	subs;SG<3SG
jɵr	jɵrəλ	subs;SG<3SG
jɵr	jɵrλəmən	subs;PL<1DU
jɵrəŋ	jɵrəŋ	adj
jɵrəŋ	jɵrəŋa	adj;DLAT
jɵš	jɵš	subs
jɵš	jɵša	subs;DLAT
jɵš	jɵšəλ	subs;SG<3SG
jɵš	jɵšəλa	subs;SG<3SG;DLAT
jɵš	jɵšɛm	subs;SG<1SG
jɵχət	jɵχət	adj
jɵχəλ	jɵχəλ	subs
jɵχəλ	jɵχəλλaλ	subs;PL<3SG
jɵχəλ	jɵχλət	subs;PL
jʉkan	jʉkan	adj
jʉkan	jʉkansa	v;PST;PASS[3SG]
jʉkan	jʉkanλajəm	v;PRS;PASS;1SG
jʉkana	jʉkana	adv
jʉkana	jʉkana	pstp
jʉkant	jʉkantəm	v;PTCP.PST
jʉlχət	jʉlχətλəλλe	v;PRS;PL<3SG
jʉnt	jʉnt	subs
jʉnt	jʉntman	v;CVB
jʉnt	jʉntəm	v;PTCP.PST
jʉnt	jʉntət	subs;PL
jʉnt	jʉtsa	v;PST;PASS[3SG]
jʉntəs	jʉntəsman	v;CVB
jʉntəs	jʉntəsəλ	v;PRS
jʉpijən	jʉpijən	pstp
jʉrn	jʉrnət	subs;PL
jʉrən χir	jʉran χirəλ	subs;SG<3SG
jʉrən χir	jʉrən χir	subs
jʉrən χir	jʉrən χirəλ	subs;SG<3SG
jʉwrəs	jʉwrəsəm	v;PTCP.PST
jʉwtəs	jʉwtəsəλ	v;PRS[3SG]
jʉwənt	jʉwəntijən	v;LOC
jʉwərλə	jʉwraλəλi	v;PRS;PASS[3SG]
jʉwəλ+dial.var.	jʉwətt	v;PRS[3SG]
jʉwəλ+dial.var.	jʉwəttət	v;PRS;3PL
jʉwəλmə	jʉwəλməsλe	v;PST;SG<3SG
jʉwəλmə+dial.var.	jʉwətməsət	v;PST;3PL
jʉš	jʉš	subs
jʉš	jʉša	subs;DLAT
jʉš	jʉšew	subs;SG<1PL
jʉš	jʉšijen	subs;DIM.MEL;SG<2SG
jʉš	jʉšŋəλ	subs;DU<3SG
jʉš	jʉšən	subs;LOC
jʉš	jʉšəŋ	subs;PROPR
jʉš	jʉšəλ	subs;SG<3SG
jʉš	jʉšəλa	subs;SG<3SG;DLAT
jʉš	jʉšəλən	subs;SG<3SG;LOC
jʉš	jʉšɛm	subs;SG<1SG
jʉš	jʉšλən	subs;PL<3DU
jʉš lămp	jʉš lămp	subs
jʉš wʉtat	jʉš wʉtat	subs
jʉša păwət	jʉša păwətsa	v;PST;PASS[3SG]
jʉλta	jʉλta	adv
jʉλta+dial.var. sa	jʉttasa	adv ptcl
jʉλən	jʉλən	adv
jʉχ	jʉχ	subs
jʉχ	jʉχa	subs;DLAT
jʉχ	jʉχaŋ	subs;PROPR
jʉχ	jʉχət	subs;PL
jʉχ	jʉχətən	subs;PL;LOC
jʉχ	jʉχλaλən	subs;PL<3PL;LOC
jʉχ	jʉχλi	subs;ABE
jʉχ wʉrijən	jʉχ wʉrijən	subs
jʉχan	jʉχan	subs
jʉχan	jʉχanen	subs;SG<2SG
jʉχan	jʉχanət	subs;PL
jʉχan tij	jʉχan tijn	subs;LOC
jʉχi ji	jʉχi jitaλən	v;PTCP.PRS;3SG;LOC
jʉχi ji	jʉχi jiti	v;INF
jʉχi jʉχət	jʉχi jʉχtəs	v;PST[3SG]
jʉχi jʉχət	jʉχi jʉχətsəŋən	v;PST;3DU
jʉχi jʉχət	jʉχi jʉχətλət	v;PRS;3PL
jʉχi kɛrλə	jʉχi kɛrλəs	v;PST[3SG]
jʉχi man	jʉχi mana	v;IMP.2SG_
jʉχi man	jʉχi manset	v;PST;3PL
jʉχi man	jʉχi manti	v;INF
jʉχi man	jʉχi manti	v;PTCP.PRS
jʉχi man	jʉχi manəs	v;PST[3SG]
jʉχi man	jʉχi manλəman	v;PRS;1DU
jʉχi manijəλ	jʉχi manijəλsəm	v;PST;1SG
jʉχi pit	jʉχi pitəs	v;PST[3SG]
jʉχi rakn	jʉχi raknəs	v;PST[3SG]
jʉχi tɵ	jʉχi tɵλi	v;PRS;PASS[3SG]
jʉχi wʉχ	jʉχi wʉχsa	v;PST;PASS[3SG]
jʉχi šɵš	jʉχi šɵštaλən	v;PTCP.PRS;3SG;LOC
jʉχi šɵšəm	jʉχi šɵšməs	v;PST[3SG]
jʉχi λʉŋ	jʉχi λʉŋsəm	v;PST;1SG
jʉχi λʉŋ	jʉχi λʉŋsəŋən	v;PST;3DU
jʉχi λʉŋ	jʉχi λʉŋəs	v;PST[3SG]
jʉχi λʉŋ	jʉχi λʉŋəλ	v;PRS[3SG]
jʉχi λʉŋəλt	jʉχi λʉŋəλλa	v;PRS;PASS[3SG]
jʉχi λʉŋɛmə	jʉχi λʉŋɛməs	v;PST[3SG]
jʉχi χaś	jʉχi χatśi	v
jʉχi χaś	jʉχi χatˊtˊən	v;PRS;2SG
jʉχi=	jʉχ	prvb
jʉχi=	jʉχi	prvb
jʉχtijəλ	jʉχtijəλsəm	v;PST;1SG
jʉχtiλə	jʉχtiλəs	v;PST[3SG]
jʉχət	jʉχtəm	v;PTCP.PST
jʉχət	jʉχtəs	v;PST[3SG]
jʉχət	jʉχətmanən	v;PTCP.PST;2DU;LOC
jʉχət	jʉχətsaŋən	v;PST;3DU
jʉχət	jʉχətsən	v;PST;2SG
jʉχət	jʉχətsət	v;PST;3PL
jʉχət	jʉχətsəŋən	v;PST;3DU
jʉχət	jʉχətt	v;PRS[3SG]
jʉχət	jʉχəttaλən	v;PTCP.PRS;3SG;LOC
jʉχət	jʉχətteλ	v;PTCP.PRS;3SG
jʉχət	jʉχəttəw	v;PRS;1PL
jʉχət	jʉχətəλ	v;PRS[3SG]
jʉχət	jʉχətλət	v;PRS;3PL
jʉχλi	jʉχλi	adv
kanš	kanši	v
kanš	kanšəλ	v;PRS[3SG]
kanš	kanλət	v;PRS;3PL
kanš	kašman	v;CVB
kanšańś	kanšańśəm	v;PTCP.PST
karśat	karśat	subs
karəś	karśa	adj;DLAT
karəś	karəś	adj
karəš	karəšən	subs;LOC
kas	kasλəmən	v;PRS;1DU
kat	kat	cardnum
katna tʉχnɛmə	katna tʉχnɛməs	v;PST[3SG]
katən	katən	cardnum
kašaŋ	kašaŋa	adj;DLAT
kaλ+dial.var.	kattət	v;PRS;3PL
ki	ki	cconj
ki	ki	ptcl
kij	kijən	subs;SG<3DU
kim	kim	adv
kim rakən	kim raknəs	v;PST[3SG]
kim ɛt	kim ɛta	v;IMP.2SG_
kim ɛt	kim ɛtəs	v;PST[3SG]
kim ɛt	kim ɛtəλ	v;PRS[3SG]
kim ɛt	kim ɛtλət	v;PRS;3PL
kim ɛtλˊə	kim ɛtλˊəλəm	v;PRS;1SG
kimpija	kimpija	pstp
kimət	kimət	ordnum
kiməλ	kiməλa	subs;DLAT
kimλi	kimλi	adv
kimλən	kimλən	pstp
kit	kitsəλλe	v;PST;SG<3SG
kit	kitəs	v;PST[3SG]
kińśi+dial.var.	kińśa	pstp
kińśi+dial.var.	kińśaλa	pstp;3SG;DLAT
kiλi	kiλeλ	subs;in;law;SG<3SG
kiλi	kiλeλən	subs;in;law;SG<3SG;LOC
kiλilɛŋki	kiλilɛŋkeλ	subs;in;law;SG<3SG
kămən	kămən	adv
kărti	kărtaŋ	subs;PROPR
kărti	kărti	subs
kărti	kărtija	subs;DLAT
kărɛmiλ	kărɛmiλajje	v;IMP.2SG_ filling_syllable
kărɛmə	kărɛməs	v;PST[3SG]
kăsəm	kăsəm	nprop
kăsəm	kăsəmən	nprop;LOC
kăsəm jʉχan	kăsəm jʉχan	nprop
kăsλ	kăsəλti	v;INF
kăsλ	kăsəλλəman	v;PRS;1DU
kăsλəptə	kăsλəptəti	v;INF
kătra	kătra	adv
kătəλ	kătəλsa	v;PST;PASS[3SG]
kătəλ	kătəλsɛm	v;PST;SG<1SG
kătəλ	kătəλəs	v;PST[3SG]
kătəλ	kătəλλəmən	v;PRS;1DU
kătəλ	kătλe	v;IMP.SG<2SG
kătλəs+dial.var.	kăttəsman	v;CVB
kăwrəm	kăwrəm	adj
kăwər	kăwərəλ	v;PRS[3SG]
kăwərt	kăwərsət	v;PST;3PL
kăwərt	kăwərtəm	v;PTCP.PST
kăwərt	kăwərλa	v;PRS;PASS[3SG]
kăwərt	kăwərλət	v;PRS;3PL
kăš	kašəλ	subs;SG<3SG
kăšaś	kăšaśtəm	v;PRS;1SG
kăšaś	kăšaśtən	v;PRS;2SG
kăšaś	kăšaśəs	v;PST[3SG]
kăšəŋ	kăšəŋ	adj
kăλ tʉr	kăλ tʉr	subs
kăλ tʉr	kăλ tʉrən	subs;LOC
kɛj	kɛjλət	v;PRS;3PL
kɛm	kɛm	ptcl
kɛma	kɛma	pstp
kɛmən	kɛmən	pstp
kɛn	kɛn	adj
kɛpəλ	kɛpλi	subs;PROPR
kɛri	kɛrijəλ	v;PRS[3SG]
kɛw	kɛw	nprop
kɛw	kɛw	subs
kɛw	kɛwa	subs;DLAT
kɛw	kɛwən	nprop;LOC
kɛw	kɛwəŋ	subs;PROPR
kɛw iki	kɛw iki	nprop
kɛši	kɛšeλ	subs;SG<3SG
kɛši	kɛši	subs
kɛši	kɛšijən	subs;LOC
kɛši	kɛšəλən	subs;SG<3SG;LOC
kɛši+dial.var.	kɛša	pstp
kɛλ	kɛλ	subs
kɛλ+dial.var.	kɛt	subs
kɛλ+dial.var.	kɛta	subs;DLAT
kɛλi	kaλeλ	subs;SG<3SG
kɛλi	kaλi	subs
kɛλi	kaλəŋ	subs;PROPR
kɛλi	kɛλi	subs
kɛλi	kɛλɛm	subs;SG<1SG
kɵkkɵk	kɵkkɵk	subs
kɵr	kɵr	subs
kɵrt	kɵrt	subs
kɵrt	kɵrta	subs;DLAT
kɵrt	kɵrtən	subs;LOC
kɵrt	kɵrtəλa	subs;SG<3SG;DLAT
kɵrt	kɵrtɛməna	subs;SG<1DU;DLAT
kʉkər	kʉkər	subs
kʉmi	kʉmi	nprop
kʉnšɛmə	kʉnšɛməs	v;PST[3SG]
kʉnšɛmə	kʉnšɛməsi	v;PST;PASS[3SG]
kʉr	kʉr	subs
kʉr	kʉra	subs;DLAT
kʉr	kʉrew	subs;SG<1PL
kʉr	kʉrijen	subs;DIM.MEL;SG<2SG
kʉr	kʉrŋəλ	subs;DU<3SG
kʉr	kʉrŋəλam	subs;DU<1SG
kʉr	kʉrŋəλəm	subs;DU<1SG
kʉr	kʉrən	subs;LOC
kʉr	kʉrəŋ	subs;PROPR
kʉr	kʉrəλ	subs;SG<3SG
kʉr	kʉrɛm	subs;SG<1SG
kʉr	kʉrλi	subs;ABE
kʉr	kʉrλən	subs;PL<3DU
kʉrińńa	kʉrińńa	nprop
kʉrt	kʉrsəλλe	v;PST;SG<3SG
kʉrək	kʉrek	subs
kʉrək	kʉrək	subs
kʉrək	kʉrəkən	subs;LOC
kʉrəs pʉχ	kʉrəs pʉχa	subs;DLAT
kʉta	kʉta	pstp
kʉteλən	kʉteλən	adv
kʉtən	kʉtən	adv
kʉtən	kʉtən	pstp
kʉtəp	kʉtpijenən	subs;DIM.MEL;SG<2SG;LOC
kʉtəp	kʉtpəλ	subs;SG<3SG
kʉtəp	kʉtəp	subs
kʉtəp	kʉtəpa	subs;DLAT
kʉtəp	kʉtəpən	subs;LOC
kʉtəpa	kʉtəpa	pstp
kʉtəpən	kʉtəpən	pstp
kʉtər	kʉtərsa	v;PST;PASS[3SG]
kʉtər	kʉtərλa	v;PRS;PASS[3SG]
kʉtλəp	kʉtλəpəλ	subs;SG<3SG
kʉśma iki	kʉśma iki	nprop
kʉš	kʉš	ptcl
kʉλ	kʉλa	adj;DLAT
lap pɛnt	lap pɛntəm	v;PTCP.PST
lap tɵχər	lap tɵχərsətte	v;PST;DU<3SG
lap tʉwɛmə	lap tʉwɛmətenən	v;PTCP.PRS;2SG;LOC
lap wʉ	lap wʉsi	v;PST;PASS[3SG]
lap šɵš	lap šɵšsa	v;PST;PASS[3SG]
lap χɵrλɛmə	lap χɵrλɛməλən	v;PRS;2SG
lipaś	lipaś	adj
lipət	liptəŋ	subs;PROPR
lipət	lipət	subs
lăkka	lăkka	pstp
lɛpək sʉχ	lɛpək sʉχət	subs;PL
lɵńi	lɵńi	adj
lɵśmi	lɵśmi	nprop
lʉk	lʉk	subs
lʉk	lʉka	subs;DLAT
lʉk	lʉkət	subs;PL
lʉp	lʉptət	v;PRS;3PL
lʉp	lʉpəm	v;PTCP.PST
lʉp	lʉpəs	v;PST[3SG]
lʉp	lʉpət	v;PRS[3SG]
lʉp	lʉpəλ	v;PRS[3SG]
lʉp	lʉpλa	v;PRS;PASS[3SG]
lʉp	lʉpλət	v;PRS;3PL
lʉp	lʉpλəλλe	v;PRS;PL<3SG
lʉpijəλ	lʉpijəλ	v;PRS[3SG]
lʉpijəλ	lʉpijəλteλ	v;PTCP.PRS;3PL
lʉpijəλ	lʉpijəλət	v;PRS;3PL
lʉpijəλ	lʉpijəλλət	v;PRS;3PL
lʉt	lʉt	subs
lʉt	lʉta	subs;DLAT
lʉt	lʉtəλ	subs;SG<3SG
ma	matɛm	v;PRS;SG<1SG
man	mana	v;IMP.2SG_
man	manati	v;IMP.2PL
man	manmeλ	v;PTCP.PST;3PL
man	mans	v;PST[3SG]
man	mansət	v;PST;3PL
man	mantanan	v;PTCP.PRS;3DU;LOC
man	mantaλ	v;PTCP.PRS;3SG
man	manti	v;INF
man	manti	v;PTCP.PRS
man	mantət	v;PRS;3PL
man	mantɛm	v;PTCP.PRS;1SG
man	manəm	v;PTCP.PST
man	manəs	v;PST[3SG]
man	manəλ	v;PRS[3SG]
man	manλa	v;PRS;PASS[3SG]
man	manλəm	v;PRS;1SG
man	manλəmən	v;PRS;1DU
man	manλən	v;PRS;2SG
man	manλət	v;PRS;3PL
man	manλəw	v;PRS;1PL
manšańś	manšańśəs	v;PST[3SG]
manšə	manšəs	v;PST[3SG]
manšə	manšətenən	v;PTCP.PRS;2SG;LOC
manətti	manti	ppron
manətti	manət	ppron
manətti	manətti	ppron
manɛma	manɛma	ppron
manλ	manλaλəw	v;PRS;1PL
mar	mar	subs
mar	mareλən	subs;3SG;LOC
mar	marən	subs;LOC
mar	marɛmən	pstp;1SG;LOC
mar	marɛmən	subs;1SG;LOC
marək	marəka	subs;DLAT
marɛmə	marɛməten	v;PTCP.PRS;2SG
mata	mata	indfpro
mata	mata	irogpro
matajəλ	matajəλ	adv
matte	matte	ptcl
mattirən	mattirn	adv
mattirən	mattirən	adv
maλatti	maλattija	subs;DLAT
mil	miləp	subs;PROPR
min	min	ppron
mir	mir	subs
mir	mirən	subs;LOC
mir	mirəta	subs;PL;DLAT
mitra	mitra	subs
miš nɛ	miš nɛ	subs
mă	mă	ppron
măw	măwəŋ	subs;PROPR
mɛlək	mɛlək	adj
mɛsta	mɛsta	subs
mɛt	mɛt	adv
mɛt jɵχət	mɛt jɵχət	adv
mɛt šʉpəŋ	mɛt šʉpəŋ	adv
mɛtšə	mɛtšəste	v;PST;PL<3SG
mɛwəλ	mɛwəλ	subs
mɛwəλ	mɛwəλən	subs;LOC
mɛń nɛ	mɛń ńe	subs
mɛń nɛ	mɛń ńeŋən	subs;SG<2SG
mɛń nɛ	mɛń ńɛŋəλ	subs;SG<3SG
mɛŋk	mɛŋkəλ	nprop;SG<3SG
mɛŋk iki	mɛŋk ikeλ	nprop;SG<3SG
mɛŋk iki	mɛŋk iki	nprop
mɛšəm	mɛšəmsəλλe	v;PST;SG<3SG
mɵnti	mɵnti	adv
mɵrəχ	mɵrəχ	nprop
mɵrɛmə	mɵrɛməs	v;PST[3SG]
mɵŋχ	mɵŋχəsəλλe	v;PST;SG<3SG
mɵŋχ	mɵŋχətən	subs;PL;LOC
mɵš	mɵšəm	subs;SG<1SG
mɵšəŋ	mɵšəŋ	adj
mʉj	mʉj	adv
mʉj	mʉj	cconj
mʉj	mʉj	irogpro
mʉj	mʉja	subs;DLAT
mʉj	mʉjen	irogpro;SG<2SG
mʉj	mʉjəŋa	subs;PROPR;DLAT
mʉj	mʉjəλ	irogpro;SG<3SG
mʉj	mʉjəλən	irogpro;SG<3SG;LOC
mʉj kɛm	mʉj kɛm	irogpro
mʉj pă	mʉj pă	cconj
mʉj sir	mʉj sir	irogpro
mʉj wʉrən	mʉj wʉrən	irogpro
mʉj ărat	mʉj ărat	irogpro
mʉja	mʉja	irogpro
mʉjpər	mʉjpər	subs
mʉjpər	mʉjpərətən	subs;PL;LOC
mʉjpər χʉt	mʉjpər χʉt	subs
mʉjəŋ jʉχ	mʉjəŋ jʉχ	subs
mʉjəŋ jʉχ	mʉjəŋ jʉχλən	subs;PL<2DU
mʉjλə	mʉjλəsijət	v;PST;PASS;3PL
mʉntəλmə	mʉntəλməs	v;PST[3SG]
mʉr	mʉr	adj
mʉr	mʉrəλa	v;PRS;PASS[3SG]
mʉrta	mʉrta	adv
mʉrti mʉw	mʉrti mʉwa	subs;DLAT
mʉrti mʉw wʉj	mʉrti mʉw wʉjət	subs;PL
mʉs	mʉsəs	v;PST[3SG]
mʉs	mʉsəλ	v;PRS[3SG]
mʉsəŋ	mʉsəŋ	adv
mʉsəλ	mʉsəλ	v
mʉtšə	mʉtšəsən	v;PST;2SG
mʉw	mʉw	subs
mʉw	mʉwa	subs;DLAT
mʉw	mʉwew	subs;SG<1PL
mʉw	mʉwən	subs;LOC
mʉw	mʉwən	subs;SG<2PL
mʉw	mʉwət	subs;PL
mʉw	mʉwəta	subs;PL;DLAT
mʉw	mʉwəŋ	subs;PROPR
mʉw	mʉwəλ	subs;SG<3SG
mʉw	mʉwəλa	subs;SG<3SG;DLAT
mʉw	mʉwɛm	subs;SG<1SG
mʉw	mʉwɛŋ	subs;PROPR
mʉw păj	mʉw păj	subs
mʉw păj	mʉw păjən	subs;LOC
mʉw taχi	mʉw taχi	subs
mʉŋ	mʉŋ	ppron
mʉś χɵ	mʉś χɵ	nprop
mʉś χɵ	mʉś χɵjən	nprop;LOC
mʉśej	mʉśejətən	subs;PL;LOC
mʉλ	mʉλəm	v;PTCP.PST
mʉλ taχi	mʉλ taχija	subs;DLAT
mʉλtan	mʉλtan	nprop
mʉλtan	mʉλtanət	nprop;PL
mʉλtan jʉχ	mʉλtan jʉχ	nprop
mʉλtas	mʉλtas	adv
mʉλti	mʉλti	indfpro
mʉλti	mʉλtija	indfpro;DLAT
mʉλti	mʉλtijən	indfpro;LOC
mʉλti kɛmən	mʉλti kɛmən	adv
mʉλti wʉrən+dial.var.	mʉtti wʉrən	adv
mʉλtsər	mʉλsar	indfpro
mʉλtsər	mʉλtsər	indfpro
mʉλət	mʉλətsa	v;PST;PASS[3SG]
mʉλχa	mʉλχa	adv
mʉχti	mʉχteλən	pstp;3SG;LOC
mʉχti pʉrit	mʉχti pʉritsəλλe	v;PST;SG<3SG
mʉχti=	mʉχti	prvb
mʉχəλaja	mʉχəλaja	adv
nakɛmə	nakɛməsλe	v;PST;SG<3SG
naŋ	naŋ	ppron
naŋena	naŋena	ppron
naŋətti	naŋti	ppron
naλ	naλəp	subs;PROPR
nik kăwərt	nik kăwərsəŋən	v;PST;3DU
nik kăwərt	nik kăwərsəλən	v;PST;SG<3DU
nik kăwərt	nik kăwərsəλλe	v;PST;DU<3SG
nik kăwərt	nik kăwərtaλən	v;IMP.SG<2DU
nik kăwərt	nik kăwərti	v
nik mʉλ	nik mʉλsəŋən	v;PST;3DU
nik mʉλ	nik mʉλti	v;INF
nik χatəmə	nik χatəməs	v;PST[3SG]
nim χʉt sʉŋ	nim χʉt sʉŋən	subs;LOC
niməλ	niməλŋəλ	subs;DU<3SG
nin	nin	ppron
ninən	ninan	ppron
ninən	ninən	ppron
ninəti	ninəti	ppron
năj	năj	subs
nărəm	nărəmsəŋən	v;PST;3DU
năwər	năwərti	v;INF
năwər	năwərλa	v;PRS;PASS[3SG]
năŋk	năŋk	subs
năŋk	năŋka	subs;DLAT
năŋk	năŋkəp	subs;PROPR
nɛ	nɛ	adj
nɛ	nɛ	subs
nɛ	nɛŋəŋ	subs;PROPR
nɛ	nɛŋəλ	subs;SG<3SG
nɛ jăk	nɛ jăkət	subs;PL
nɛm	nɛməλ	subs;SG<3SG
nɛmasija	nɛmasija	adv
nɛməλt	nɛməλt	indfpro
nɛməλti	nɛməλ	indfpro
nɛməλti	nɛməλti	indfpro
nɛməλti	nɛməλtijən	indfpro;LOC
nɛmχʉjat	nɛmχʉjata	indfpro;DLAT
nɛpɛmə	nɛpɛməsλe	v;PST;SG<3SG
nɛš	nɛš	ptcl
nɛχʉjat	nɛχʉjata	subs;DLAT
nɵjsaχ	nɵjsaχa	subs;DLAT
nɵjsaχ	nɵjsaχλ	subs;SG<3SG
nɵm	nɵmman	v;CVB
nɵm	nɵmtəte	v;PRS;SG<3SG
nɵm	nɵmλəλe	v;PRS;SG<3SG
nɵmən	nɵmən	adv
nɵməs	nɵməssət	v;PST;3PL
nɵməs	nɵməssəŋən	v;PST;3DU
nɵməs	nɵməsəλ	v;PRS[3SG]
nɵməs	nɵməsλən	v;PRS;2SG
nɵməsijəλ	nɵmsijλəŋən	v;3DU
nɵməsijəλ	nɵməsijəλ	v
nɵməλta	nɵməλta	adv
nɵpət	nɵptəλ	subs;SG<3SG
nɵpət	nɵpətλən	subs;PL<3DU
nʉm wʉt	nʉm wʉt	subs
nʉmpi	nʉmpi	subs
nʉmpi	nʉmpija	subs;DLAT
nʉməs	nʉməs	subs
nʉməs	nʉməsən	subs;LOC
nʉməs	nʉməsəλ	subs;SG<3SG
nʉməs	nʉməsλaλ	subs;PL<3SG
nʉməs	nʉməsλən	subs;PL<3DU
nʉri	nʉri	subs
nʉrəm	nʉrməλa	subs;SG<3SG;DLAT
nʉwi	nʉwi	adj
nʉχ kiλ	nʉχ kiλsəŋən	v;PST;3DU
nʉχ kiλəmt	nʉχ kiλəmtəs	v;PST[3SG]
nʉχ mɛnəm	nʉχ mɛnəmsəλλe	v;PST;SG<3SG
nʉχ ninšəmtiλ	nʉχ ninšəmtiλəs	v;PST[3SG]
nʉχ pit	nʉχ pitəm	v;PTCP.PST
nʉχ pit	nʉχ pitλəm	v;PRS;1SG
nʉχ pit	nʉχ pitλəw	v;PRS;1PL
nʉχ pitəm	nʉχ pitəmsən	v;PST;2SG
nʉχ pʉnš	nʉχ pʉnša	v;IMP.2SG_
nʉχ pʉnš	nʉχ pʉnšəλ	v;PRS[3SG]
nʉχ pʉwλə	nʉχ pʉwλəs	v;PST[3SG]
nʉχ rakən	nʉχ rakənsət	v;PST;3PL
nʉχ rakən	nʉχ rakənsəŋən	v;PST;3DU
nʉχ săjkatiλ	nʉχ săjkatiλəs	v;PST[3SG]
nʉχ sʉr	nʉχ sʉrλət	v;PRS;3PL
nʉχ tăλ	nʉχ tăλe	v;IMP.SG<2SG
nʉχ tɵ	nʉχ tʉwəm	v;PTCP.PST
nʉχ tʉri	nʉχ tʉrijəs	v;PST[3SG]
nʉχ wɛśəs	nʉχ wɛśəssət	v;PST;3PL
nʉχ wʉ	nʉχ wʉs	v;PST[3SG]
nʉχ ɛsəλ	nʉχ ɛsəλsəλən	v;PST;SG<3DU
nʉχ ɛŋχ	nʉχ ɛŋχsəλe	v;PST;SG<3SG
nʉχ ɛŋχəs	nʉχ ɛŋχəsti	v;INF
nʉχ λʉλˊ	nʉχ λʉλˊəs	v;PST[3SG]
nʉχ χɵŋχ	nʉχ χɵŋχəs	v;PST[3SG]
nʉχ=	nʉχ	prvb
nʉχλi	nʉχλi	adv
pak	pakti	v;PTCP.PRS
pak	paktəm	v;PRS;1SG
pak	pakət	v;PRS[3SG]
pak	pakəλ	v;PRS[3SG]
pakən	pakənsən	v;PST;2SG
pant	panta	subs;DLAT
pant	pantət	subs;SG<3PL
pant	pantəta	subs;PL;DLAT
panən	panən	adv
par	partɛm	v;PTCP.PRS;1SG
par	parəm	v;PTCP.PST
par	parəs	v;PST[3SG]
par	parət	v;PRS[3SG]
parat	paratsən	v;PST;2SG
pasan	pasan	subs
pasan	pasana	subs;DLAT
pasan	pasanən	subs;LOC
pasti	pasti	adj
pati	pateλa	pstp;3PL;DLAT
pati	pati	subs
pati+dial.var.	pata	pstp
patlə	patləti	v;PTCP.PRS
patər ʉχ	patər ʉχ	subs
paśar jʉχ	paśar jʉχət	subs;PL
paλ	paλa	v;IMP.2SG_
paλ	paλti	v;PTCP.PRS
paλat	paλat	subs
paλatti	paλatteλən	adj;SG<3SG;LOC
paλtamə	paλtaməsən	v;PST;2SG
paλtap	paλtapəŋ	subs;PROPR
paλəŋ	paλəŋ	subs
paλəŋ	paλəŋən	subs;LOC
piri	piri	subs
pirəś	pirśa	adj;DLAT
pirəś	pirəś	adj
pirəś iki	pirəś iki	nprop
pit	pitməλ	v;PTCP.PST;3SG
pit	pitsa	v;PST;PASS[3SG]
pit	pitsajŋən	v;PST;PASS;3DU
pit	pitsajəm	v;PST;PASS;1SG
pit	pitsajət	v;PST;PASS;3PL
pit	pitseλ	v;PST;SG<3PL
pit	pitsəm	v;PST;1SG
pit	pitsət	v;PST;3PL
pit	pitsəŋən	v;PST;3DU
pit	pitsəλe	v;PST;SG<3SG
pit	pitsəλλe	v;PST;SG<3SG
pit	pittijən	v;PTCP.PRS;LOC
pit	pitəm	v;PTCP.PST
pit	pitəs	v;PST[3SG]
pit	pitəλ	v;PRS[3SG]
pit	pitλajən	v;PRS;PASS;2SG
pit	pitλəm	v;PRS;1SG
pit	pitλəmən	v;PRS;1DU
pit	pitλət	v;PRS;3PL
pit	pitλəw	v;PRS;1PL
piti	piti	adj
pitijəλ	pitijəλsajəw	v;PST;PASS;1PL
piś	piś	subs
piλ	piλaŋət	subs;PROPR;PL
piλa	piλa	pstp
piλa	piλɛma	pstp;1SG;DLAT
piλa+dial.var.	pitana	pstp;2DU;DLAT
pă	pă	cconj
pă	pă	ptcl
pă sir	pă sir	ptcl
pă śi	pă śi	adv
păj	păjən	subs;LOC
păjəm wɵλ	păjəm wɵλəm	v;PTCP.PST
păjəm wɵλ+dial.var.	păjəm wɵtati	v;IMP.2PL
păn	păn	subs
pănnɛ	pănnɛ	subs
părt	părsajŋən	v;PST;PASS;3DU
părt	părsəλλe	v;PST;SG<3SG
părt	părtəm	v;PTCP.PST
părt	părtλa	v;PRS;PASS[3SG]
păwət	păwtəm	v;PTCP.PST
păwət	păwətsəm	v;PST;1SG
păwət	păwətsət	v;PST;3PL
păšmek	păšmek	subs
pɛlki	pɛlka	adv
pɛlšaś	pɛlšaśλəw	v;PRS;1PL
pɛlək	pɛlka	subs;DLAT
pɛlək	pɛlken	subs;SG<2SG
pɛlək	pɛlək	subs
pɛlək	pɛləka	subs;DLAT
pɛlək	pɛləkən	subs;LOC
pɛlək	pɛλakən	subs;LOC
pɛntijəλ	pɛntijəλsa	v;PST;PASS[3SG]
pɛwəm	pɛwəmλajtən	v;PRS;PASS;2DU
pɛńśar	pɛńśarən	subs;LOC
pɛŋ kɛλ	pɛŋ kɛλ	subs
pɛś	pɛś	subs
pɛši	pɛšeλ	subs;SG<3SG
pɛši	pɛši	subs
pɛλi+dial.var.	pɛta	pstp
pɛλi+dial.var.	pɛλa	pstp
pɛλi+dial.var.	pɛλaλa	pstp;3SG;DLAT
pɛλŋa	pɛλŋa	subs
pɛλŋa	pɛλŋajət	subs;PL
pɵm	pɵmλi	subs;ABE
pɵn	pɵnən	subs;LOC
pɵrλə	pɵrλəλət	v;PRS;3PL
pɵrλə+dial.var.	pɵrtəs	v;PST[3SG]
pɵrλə+dial.var.	pɵrtəsət	v;PST;3PL
pɵrλə+dial.var.	pɵrtət	v;PRS[3SG]
pɵrλə+dial.var.	pɵrtəti	v;INF
pɵrλə+dial.var.	pɵrtətəm	v;PRS;1SG
pɵrλə+dial.var.	pɵrtətət	v;PRS;3PL
pɵrλəλə+dial.var.	pɵrtətəs	v;PST[3SG]
pɵsəŋ	pɵsəŋ	subs
pɵsəŋ	pɵsəŋən	subs;LOC
pɵšas	pɵšas	subs
pɵλən	pɵλən	subs
pɵλˊśaŋ	pɵλˊśaŋ	adj
pɵχəλmə	pɵχəλme	v;IMP.SG<2SG
pɵχəλmə	pɵχəλməsλe	v;PST;SG<3SG
pʉjar pʉχ	pʉjar pʉχ	subs
pʉjəkśijəλ	pʉjəkśijəλsət	v;PST;3PL
pʉjəkśə	pʉjəksa	v;PST;PASS[3SG]
pʉkəś	pʉkəś	subs
pʉl	pʉl	subs
pʉl	pʉlije	subs;DIM.MEL
pʉl	pʉlλaλ	subs;PL<3SG
pʉn	pʉn	subs
pʉn	pʉnaλən	v;IMP.SG<2DU
pʉn	pʉnman	v;CVB
pʉn	pʉnsəm	v;PST;1SG
pʉn	pʉnsəmən	v;PST;1DU
pʉn	pʉnsəŋən	v;PST;3DU
pʉn	pʉnsəλλe	v;PST;DU<3SG
pʉn	pʉnsəλλən	v;PST;SG<3DU
pʉn	pʉnəm	v;PTCP.PST
pʉn	pʉnən	subs;LOC
pʉn	pʉnəs	v;PST[3SG]
pʉn	pʉnət	subs;PL
pʉn	pʉnəŋ	subs;PROPR
pʉnant	pʉnansajət	v;PST;PASS;3PL
pʉnant	pʉnanəλ	v;PRS[3SG]
pʉnijəλ	pʉnijəλsət	v;PST;3PL
pʉnš	pʉnšəm	v;PTCP.PST
pʉnš	pʉnšəs	v;PST[3SG]
pʉnšijəλ	pʉnšijəλsa	v;PST;PASS[3SG]
pʉnšmə	pʉšməsλe	v;PST;SG<3SG
pʉnəmtiλ	pʉnəmtiλajje	v;IMP.2SG_ filling_syllable
pʉnənt	pʉnəntəs	v;PST[3SG]
pʉpi	pʉpeλ	subs;SG<3SG
pʉpi	pʉpi	subs
pʉpi	pʉpije	subs;DIM.MEL
pʉpi śăśi	pʉpi śăśi	subs
pʉr nɛ	pʉr nele	nprop;PEJ
pʉr nɛ	pʉr nelɛŋkeλa	nprop;DIM.PEJ;SG<3SG;DLAT
pʉra	pʉra	subs
pʉra	pʉraja	subs;DLAT
pʉra	pʉrajen	subs;SG<2SG
pʉra	pʉrajəna	subs;SG<2SG;DLAT
pʉrajən	pʉrajən	pstp
pʉres	pʉresəλ	v;PRS[3SG]
pʉri	pʉrijən	subs;LOC
pʉrit	pʉritsəλλe	v;PST;SG<3SG
pʉrit	pʉritti	v;INF
pʉriλə	pʉriλəsλəmən	v;PST;DU<1DU
pʉriλə	pʉriλəλəw	v;PRS;1PL
pʉrməs	pʉrməs	subs
pʉrməs	pʉrməsət	subs;PL
pʉrwʉs	pʉrwʉs	subs
pʉrwʉs	pʉrwʉsəλ	subs;SG<3SG
pʉrəχ	pʉrəχ	subs
pʉrəχ	pʉrχətən	subs;PL;LOC
pʉrəχ	pʉrχəλ	subs;SG<3SG
pʉrəχ	pʉrχɛm	subs;SG<1SG
pʉrλˊi	pʉrλˊeλ	subs;SG<3SG
pʉrλˊi	pʉrλˊi	subs
pʉs	pʉs	subs
pʉs	pʉsa	subs;DLAT
pʉs	pʉsəλ	subs;SG<3SG
pʉsi	pʉsijəλ	v;PRS[3SG]
pʉt	pʉt	subs
pʉt	pʉtsa	v;PST;PASS[3SG]
pʉt	pʉtsajət	v;PST;PASS;3PL
pʉt	pʉtti	v;INF
pʉt	pʉtən	subs;LOC
pʉt	pʉtən	subs;SG<3DU
pʉtrɛmə	pʉtrɛməsət	v;PST;3PL
pʉtər	pʉtrɛm	subs;SG<1SG
pʉtərt	pʉtərman	v;CVB
pʉtərt	pʉtərsəm	v;PST;1SG
pʉtərt	pʉtərsən	v;PST;2SG
pʉtərt	pʉtərtaλ	v;PRS[3SG]
pʉtərt	pʉtərtsəλe	v;PST;SG<3SG
pʉtərt	pʉtərtti	v;INF
pʉtərt	pʉtərtəs	v;PST[3SG]
pʉtərt	pʉtərtəλ	v;3SG
pʉtərt	pʉtərtəλ	v;PRS[3SG]
pʉwa pɛlək	pʉwa pɛlək	subs
pʉwli	pʉwli	subs
pʉwli	pʉwliλən	subs;PL<2DU
pʉŋəλ	pʉŋəλ	subs
pʉŋəλ	pʉŋəλən	subs;LOC
pʉŋəλ	pʉŋəλəλ	subs;SG<3SG
pʉŋəλ	pʉŋəλəλa	subs;SG<3SG;DLAT
pʉŋəλ	pʉŋλəλən	subs;SG<3PL;LOC
pʉŋχ	pʉŋχəλ	subs;SG<3SG
pʉš	pʉnšəm	v;PTCP.PST
pʉš	pʉš	subs
pʉš	pʉšsəw	v;PST;1PL
pʉši	pʉšija	subs;DLAT
pʉškan	pʉškan	subs
pʉškan	pʉškanəλ	subs;SG<3SG
pʉšəχ	pʉšəχ	subs
pʉšəχ	pʉšəχλaλ	subs;PL<3SG
pʉλ	pʉλti	v;INF
pʉλijəλ	pʉλijəλ	v
pʉλt	pʉλt	subs
pʉλt	pʉλti	subs;PROPR
pʉλət	pʉλətsa	v;PST;PASS[3SG]
pʉλət	pʉλətλəλλe	v;PRS;SG<3SG
pʉχ	pʉχ	subs
pʉχ	pʉχije	subs;DIM.MEL
pʉχ	pʉχŋən	subs;DU
pʉχ	pʉχŋənən	subs;DU;LOC
pʉχ	pʉχən	subs;SG<2DU
pʉχ	pʉχən	subs;SG<3DU
pʉχ	pʉχəλ	subs;SG<3PL
pʉχ	pʉχəλ	subs;SG<3SG
pʉχ	pʉχɛmən	subs;SG<1DU
pʉχ	pʉχλaλa	subs;PL<3SG;DLAT
rakən	rakənman	v;CVB
rakən	rakənsəŋən	v;PST;3DU
raχ	raχa	v;IMP.2SG_
raχ	raχəs	v;PST[3SG]
raχ	raχəλ	v;PRS[3SG]
raχəλt	raχəλsət	v;PST;3PL
răt	răt	subs
rɛp	rɛp	subs
rɛp	rɛpən	subs;LOC
rɛp	rɛpəλa	subs;SG<3SG;DLAT
rɵpit	rɵpitti	v;INF
rɵtna	rɵtna	subs
rɵtna χɵ	rɵtna χɵjəλ	subs;SG<3SG
rʉma	rʉma	adv
rʉtśə	rʉtśəsət	v;PST;3PL
rʉtśə	rʉtśəti	v;INF
rʉwa	rʉwa	subs
rʉwəŋ	rʉwəŋ	adj
rʉwɛmə	rʉwɛma	v;IMP.2SG_
sam	saməλ	subs;SG<3SG
sar	sar	ptcl
saran	saran	nprop
saran	saranət	nprop;PL
saran	saranλaλən	nprop;PL<3SG;LOC
saŋχəm	saŋχəm	subs
saχ	saχ	subs
sij	sij	subs
sij	sijən	subs;SG<3DU
sir	sir	subs
sir	śira	subs;DLAT
sir	śirəp	subs;PROPR
sira wʉra	sira wʉra	adv
siri	siri	adv
sirija	sirija	adv
siwəs	siwəsŋən	subs;DU
siwəs	siwəsən	subs;LOC
să	să	pstp
săpəλ	săpəλ	subs
săpəλ	săpəλλaλ	subs;PL<3SG
săpəλ+dial.var.	săpəta	subs;DLAT
sătˊ	sătˊəλ	v;PRS[3SG]
sătˊ	sătˊəλˊ	v;PRS[3SG]
sătˊ	sătˊλˊ	v;PRS[3SG]
sătˊ	săśəλ	v;PRS[3SG]
sătˊλi pitijəλ	sătˊλi pitijəλsəm	v;PST;1SG
săw śaləŋ	săw śaləŋ	subs
săśλi pit	sătˊλi pitəm	v;PTCP.PST
săśλi pit	sătˊλi pitəs	v;PST[3SG]
săśλi pit	săśλi pitəs	v;PST[3SG]
săχat	saχat	pstp
săχat	săχat	pstp
săχti	saχtɛma	pstp;1SG;DLAT
sɛm	sɛmtat	subs;PL<3PL
sɛm	sɛmŋət	subs;DU<3SG
sɛm	sɛmŋəλ	subs;DU<3SG
sɛm	sɛmŋəλan	subs;DU<3SG;LOC
sɛm	sɛməλ	subs;SG<3SG
sɛm	sɛmλaλ	subs;PL<3PL
sɛm jiŋk	sɛm jiŋkəλ	subs;SG<3SG
sɛm jiŋk	sɛm jiŋλaλ	subs;PL<3SG
sɛm pɛlək	sɛm pɛlək	adj;eyed
sɛma pit	sɛma pitəλ	v;PRS[3SG]
sɛmjă	sɛmjăjən	subs;LOC
sɛmsajʉt	sɛmsajʉtət	subs;PL
sɛmsajʉt	sɛmsajʉtəta	subs;PL;DLAT
sɛr	sɛr	adj
sɛw	sɛwpi	subs;PROPR
sɛwi	sɛwiλaλəw	v;PRS;DU<1PL
sɛwəmə	sɛwəməλ	v;PRS[3SG]
sɛwəmə	sɛwəməλət	v;PRS;3PL
sɛwər	sɛwərsəλe	v;PST;SG<3SG
sɛwər	sɛwərti	v;INF
sɛwərmə	sɛwərməsijŋən	v;PST;PASS;3DU
sɛwəs	sɛwəs	subs
sɛwəs jɛw	sɛwəs jɛwən	subs;LOC
sɛŋk	sɛŋman	v;CVB
sɛŋk	sɛŋsajət	v;PST;PASS;3PL
sɛŋk	sɛŋsəλλe	v;PST;SG<3SG
sɵn	sɵn	subs
sɵn	sɵna	subs;DLAT
sɵn	sɵnət	subs;PL
sɵn	sɵnəλ	subs;SG<3SG
sɵχ	sɵχ	subs
sɵχtə	sɵχtəsi	v;PST;PASS[3SG]
sɵχəm	sɵχəm	subs
sʉmət	sʉmtət	subs;PL
sʉmət	sʉmət	subs
sʉntəmə	sʉntəməs	v;PST[3SG]
sʉntəmə	sʉntəməseλ	v;PST;SG<3PL
sʉntəmə	sʉntəməsmən	v;PST;1DU
sʉntəmə	sʉntəməsŋən	v;PST;3DU
sʉntəmə	sʉntəməsət	v;PST;3PL
sʉpas	sʉpasa	subs;DLAT
sʉr	sʉrəŋ	subs;PROPR
sʉra	sʉra	adv
sʉrt	sʉrtət	subs;PL
sʉrńi	sʉrńi	subs
sʉrəm	sʉrma	subs;DLAT
sʉrəm	sʉrmɛm	subs;SG<1SG
sʉs	sʉs	subs
sʉs	sʉsən	subs;LOC
sʉs kɵrt	sʉs kɵrta	subs;DLAT
sʉs kɵrt	sʉs kɵrtan	subs;SG<3DU
sʉt	sʉt	cardnum
sʉt	sʉta	subs;DLAT
sʉt	sʉtəŋ	cardnum;PROPR
sʉtəp	sʉtpəλ	subs;SG<3SG
sʉtəp	sʉtpəλa	subs;SG<3SG;DLAT
sʉŋ	sʉŋ	subs
sʉŋ	sʉŋa	subs;DLAT
sʉŋ	sʉŋən	subs;LOC
sʉŋ nʉrəm	sʉŋ nʉrəm	subs
sʉŋ nʉrəm	sʉŋ nʉrəma	subs;DLAT
sʉŋ wʉs	sʉŋ wʉs	subs
sʉŋ wʉs	sʉŋ wʉsa	subs;DLAT
sʉχ	sʉχ	subs
sʉχ	sʉχəŋ	subs;PROPR
sʉχ	sʉχəλ	subs;SG<3SG
sʉχəλ	sʉχλəŋ	subs;PROPR
taj	tajmaλ	v;PTCP.PST;3SG
taj	tajseλ	v;PST;SG<3PL
taj	tajsət	v;PST;3PL
taj	tajsəŋən	v;PST;3DU
taj	tajsɛm	v;PST;SG<1SG
taj	tajti	v;INF
taj	tajti	v;PTCP.PRS
taj	tajəm	v;PTCP.PST
taj	tajəs	v;PST[3SG]
taj	tajəλ	v;PRS[3SG]
taj	tajλaλe	v;PRS;DU<3SG
taj	tajλew	v;PRS;SG<1PL
taj	tajλŋən	v;PRS;3DU
taj	tajλəm	v;PRS;1SG
taj	tajλəmən	v;PRS;1DU
taj	tajλən	v;PRS;2SG
taj	tajλət	v;PRS;3PL
taj	tajλəŋən	v;PRS;3DU
taj	tajλəλe	v;PRS;SG<3SG
tam	tam	pro
tam pɛlək	tam pɛlək	subs
tampijən	tampijən	pstp
tamχatλ	tamχatλ	adv
tapri pʉlχi	tapri pʉlχi	adj
tarəptə	tarəptəλλe	v;PRS;SG<3SG
tata	tata	adv
tawri	tawret	subs;PL
taλ	taλ	subs
taλ	taλa	subs;DLAT
taλ	taλən	subs;LOC
taλ	taλətən	subs;PL;LOC
taλ+dial.var.	tat	subs
taλaŋ	taλaŋ	adj
taλaŋ	taλaŋa	adj;DLAT
taλaŋ tɛλən	taλaŋ tɛλən	adv
taλta	taλta	adv
taχ	taχti	v;PTCP.PRS
taχ	taχəs	v;PST[3SG]
taχa	taχa	subs
taχi	taχen	subs;SG<2SG
taχi	taχet	subs;PL
taχi	taχeλ	subs;SG<3SG
taχi	taχeλən	subs;SG<3SG;LOC
taχi	taχi	subs
taχi	taχija	subs;DLAT
taχi	taχijən	subs;LOC
taχi	taχiλaλ	subs;PL<3SG
tij	tija	subs;DLAT
tij	tijəp	subs;PROPR
tij	tijəŋ	subs;PROPR
tij	tijəλ	subs;SG<3SG
tiw	tiw	adv
tiw	tiwtijən	v;PTCP.PRS;LOC
tiw	tiwəm	v;PTCP.PST
tiw	tiwəs	v;PST[3SG]
tištə	tištəs	v;PST[3SG]
tištə	tištəλ	v;PRS[3SG]
tiλəś	tiλśijen	subs;DIM.MEL;SG<2SG
tiλəś	tiλəś	subs
tiχəλ	tiχəλ	subs
tiχəλ	tiχəλa	subs;DLAT
tiχəλ	tiχλət	subs;PL
tiχəλ	tiχλəλ	subs;SG<3SG
tăka	tăka	adj
tăka	tăka	adv
tăka	tăkašək	adj;COMPR
tăkλi+dial.var.	tăkλa	pstp
tărəm	tărəm	adj
tăŋχa	tăŋχa	adv
tăś	tăśen	subs;SG<2SG
tăś	tăśən	subs;LOC
tăś	tăśəλ	subs;SG<3SG
tăśəŋ	tăśəŋ	adj
tăśəŋšək	tăśəŋšək	adj
tăλ	tăλa	v;IMP.2SG_
tăλ	tăλəm	v;PTCP.PST
tăλ	tăλəs	v;PST[3SG]
tăλ	tăλλa	v;PRS;PASS[3SG]
tɛkəptə	tɛkəptəλ	v;PRS[3SG]
tɛm	tɛmλajət	v;PRS;PASS;3PL
tɛpəllɛ	tɛpəllɛ	nprop
tɛλ	tɛλ	adj
tɛλ	tɛλ	subs
tɛλ	tɛλəλ	subs;SG<3SG
tɛλən	tɛλən	adv
tɵ	tɵsi	v;PST;PASS[3SG]
tɵ	tɵsijŋən	v;PST;PASS;3DU
tɵ	tɵsλaλ	v;PST;PL<3PL
tɵ	tɵsλe	v;PST;PL<3SG
tɵ	tɵsλe	v;PST;SG<3SG
tɵ	tɵtan	v;PTCP.PRS;3DU
tɵ	tɵti	v;INF
tɵ	tɵti	v;PTCP.PRS
tɵ	tɵtɛm	v;PRS;SG<1SG
tɵ	tɵλ	v;PRS[3SG]
tɵ	tɵλem	v;PRS;SG<1SG
tɵ	tɵλew	v;PRS;SG<1PL
tɵ	tɵλi	v;PRS;PASS[3SG]
tɵ	tɵλijəm	v;PRS;PASS;1SG
tɵ	tɵλijət	v;PRS;PASS;3PL
tɵ	tɵλəm	v;PRS;1SG
tɵ	tɵλλe	v;PRS;PL<3SG
tɵ	tʉwman	v;CVB
tɵ	tʉwəm	v;PTCP.PST
tɵ	tʉwɛ	v;IMP.SG<3SG
tɵjəm	tɵjəmsən	v;PST;2SG
tɵp	tɵp	adv
tɵp mʉrt	tɵp mʉrt	adv
tɵrəm	tɵrma	subs;DLAT
tɵrəm	tɵrəm	subs
tɵrəm	tɵrəma	subs;DLAT
tɵrəm	tɵrəmən	subs;LOC
tɵrəm pʉχ	tɵrəm pʉχa	subs;DLAT
tɵrəm ăśi	tɵrəm ăśew	subs;SG<1PL
tɵs	tɵs	adj
tɵsa+dial.var.	tɵsi	adv
tɵtˊλˊə	tɵtˊλəsi	v;PST;PASS[3SG]
tɵtˊλˊə	tɵtˊλˊəλλən	v;PRS;PL<2SG
tɵχ śʉs	tɵχ śʉs	adv
tɵχəm	tɵχəmλa	v;PRS;PASS[3SG]
tʉləm	tʉlməm	v;PTCP.PST
tʉləχ	tʉlχət	subs;PL
tʉm	tʉm	pro
tʉm pɛlək	tʉm pɛlək	subs
tʉm pɛlək	tʉm pɛləka	subs;DLAT
tʉm pɛlək	tʉm pɛləkəλ	subs;SG<3SG
tʉmpija	tʉmpija	pstp
tʉmpijən	tʉmpijən	pstp
tʉməś+sp.var.	tamiś	pro
tʉməś+sp.var.	taməś	pro
tʉnt χɵ	tʉn χɵ	subs
tʉnti	tʉnti	subs
tʉnti wɛš	tʉnti wɛš	subs
tʉnti ăŋkəλ	tʉnti ăŋkəλle	subs;PEJ
tʉnti ăŋkəλlɛnki	tʉnti ăŋkəλlɛnki	subs
tʉnti ńăń pʉχ	tʉnti ńăń pʉχ	nprop
tʉrn	tʉrnət	subs;PL
tʉrn	tʉrnəŋ	subs;PROPR
tʉrλi	tʉrλi	adj
tʉt	tʉt	subs
tʉt	tʉta	subs;DLAT
tʉt	tʉtən	subs;LOC
tʉt sʉλtəm	tʉt sʉλmijeλ	subs;DIM.MEL;SG<3SG
tʉt sʉλtəm	tʉt sʉλmijɛm	subs;DIM.MEL;SG<1SG
tʉt sʉλtəm	tʉt sʉλtəm	subs
tʉt sʉλtəm	tʉt sʉλtəmən	subs;LOC
tʉtjʉχ	tʉtjʉχ	subs
tʉwi	tʉwi	subs
tʉwi	tʉwija	subs;DLAT
tʉwi	tʉwijən	subs;LOC
tʉŋk	tʉŋk	subs
tʉŋmat	tʉŋmatti	v;PTCP.PRS
tʉš	tʉšλaλ	subs;PL<3SG
tʉšəŋ	tʉšəŋ	adj
tʉχ	tʉχλəŋən	v;PRS;3DU
tʉχəλ+dial.var.	tʉχtət	subs;PL
tʉχəλ+dial.var.	tʉχəttatən	subs;PL<3PL;LOC
tˊa	tˊa	interj
wešsʉχ	wešsʉχəλ	subs;SG<3SG
wăn	wăn	adj
wăn	wăn	adv
wăn kʉtəλ	wăn kʉtəλ	adv
wăna	wăna	adv
wăna ji	wăna jiti	v;INF
wănamə	wănaməti	v;INF
wănkar	wănkar	nprop
wănt	wănsəm	v;PST;1SG
wănt	wănsəmən	v;PST;1DU
wănt	wănsən	v;PST;2SG
wănt	wănt	v;PRS[3SG]
wănt	wănta	v;IMP.2SG_
wănt	wăntaλən	v;IMP.SG<2DU
wănt	wănte	v;IMP.SG<2SG
wănt	wăntenən	v;PTCP.PRS;2SG;LOC
wănt	wănti	v
wănt	wănti	v;INF
wănt	wănttew	v;PTCP.PRS;1PL
wănt	wăntti	v;INF
wănt	wăntəm	v;PTCP.PST
wănt	wăntəs	v;PST[3SG]
wănt	wănəλ	v;PRS[3SG]
wănt	wăt	v
wăntijt	wăntijλəŋən	v;PRS;3DU
wăntijəλ	wăntijəλ	v
wăntijəλ	wăntijəλəλλe	v;PRS;SG<3SG
wăntijəλ	wăntijλλən	v;PRS;2SG
wăntiλə	wăntiλəλλe	v;PRS;SG<3SG
wăntiλə	wăntəλəs	v;PST[3SG]
wăntəs	wăntəssəŋən	v;PST;3DU
wăntəs	wăntəsəs	v;PST[3SG]
wăntəs	wăntəsλət	v;PRS;3PL
wănəλtijə	wănəλtijəλət	v;PRS;3PL
wănλtə	wănλtiλti	v;INF
wănλtə+sp.var.	wănəλtəsλe	v;PST;SG<3SG
wăr	wăr	subs
wărk	wărk	subs
wărəs	wărsəŋ	subs;PROPR
wăttɛmə	wăttɛməs	v;PST[3SG]
wăńś	wăńśəs	v;PST[3SG]
wăńś	wăńśəsət	v;PST;3PL
wăńśəs	wăńśəsəm	v;PTCP.PST
wăś	wăś	adj
wɛj	wɛjŋəλ	subs;DU<3SG
wɛr	wɛr	subs
wɛr	wɛr	v
wɛr	wɛra	subs;DLAT
wɛr	wɛret	subs;PL
wɛr	wɛreλ	subs;SG<3SG
wɛr	wɛrman	v;CVB
wɛr	wɛrmaλ	v;PTCP.PST;3SG
wɛr	wɛrmɛm	v;PTCP.PST;1SG
wɛr	wɛrsa	v;PST;PASS[3SG]
wɛr	wɛrsajət	v;PST;PASS;3PL
wɛr	wɛrsəm	v;PST;1SG
wɛr	wɛrsəλλe	v;PST;SG<3SG
wɛr	wɛrti	v;INF
wɛr	wɛrəm	v;PTCP.PST
wɛr	wɛrəs	v;PST[3SG]
wɛr	wɛrət	subs;PL
wɛr	wɛrəλ	subs;SG<3PL
wɛr	wɛrəλ	subs;SG<3SG
wɛr	wɛrəλ	v;PRS[3SG]
wɛr	wɛrəλən	subs;SG<3SG;LOC
wɛr	wɛrɛm	subs;SG<1SG
wɛr	wɛrλa	v;PRS;PASS[3SG]
wɛr	wɛrλaλ	v;PL<3SG
wɛr	wɛrλəm	v;PRS;1SG
wɛr	wɛrλət	v;PRS;3PL
wɛr	wɛrλətən	v;PRS;2DU
wɛra	wɛra	adv
wɛrti	wɛrti	adv
wɛrənt	wɛrənsajət	v;PST;PASS;3PL
wɛt	wɛt	cardnum
wɛt	wɛtijen	cardnum;DIM.MEL;SG<2SG
wɛtlɔw χajəp	wɛtlɔw χajpət	subs;PL
wɛwtam	wɛwtam	adj
wɛwλi	wɛwλi	adj
wɛŋ	wɛŋəλ	subs;in;law;SG<3SG
wɛŋ jʉχ	wɛŋ jʉχλaλən	subs;in;law;PL<3SG;LOC
wɛŋ χɵ	wɛŋ χɵ	subs;in;law
wɛśəp	wɛśəp	adj
wɛśəs	wɛśəssəŋən	v;PST;3DU
wɛśəŋ	wɛśəŋ	adj
wɛš	wɛnšəp	subs;PROPR
wɛš	wɛš	subs
wɛš	wɛšən	subs;LOC
wɛλ	wɛλ	v
wɛλ	wɛλti	v;INF
wɛλ	wɛλλət	v;PRS;3PL
wɛλ	wɛλλəti	v;PRS;2DU
wɛλ	wɛλλəw	v;PRS;1PL
wɛλpəs	wɛλpəs	subs
wɛλpəs	wɛλpəsa	subs;DLAT
wɛλpəs	wɛλpəsλaλ	subs;PL<3SG
wɛλpəs χɵ	wɛλpəs χɵ	subs
wɛλpəsλə	wɛλpəsλəman	v;CVB
wɛλpəsλə	wɛλpəsλəλti	v;PRS;2PL
wɛλpəsλə	wɛλpəsλəλət	v;PRS;3PL
wɛλəs	wɛλəsəλ	v;PRS[3SG]
wɛλˊśi	wɛλˊśi	adv
wɵ	wɵλeλ	v;PRS;SG<3PL
wɵ	wɵλλe	v;PRS;SG<3SG
wɵjət	wɵjtəs	v;PST[3SG]
wɵjət	wɵjətsa	v;PST;PASS[3SG]
wɵn	wɵn	adj
wɵn	wɵna	adj;DLAT
wɵn	wɵnašək	adj;ADVZR;DIM.MEL
wɵn pɛlək	wɵn pɛlək	adv
wɵnat	wɵnat	subs
wɵnt	wɵnn	subs;LOC
wɵnt	wɵnt	subs
wɵnt	wɵnta	subs;DLAT
wɵnt	wɵntət	subs;PL
wɵnt	wɵntəta	subs;PL;DLAT
wɵnt	wɵntətən	subs;PL;LOC
wɵnt wʉj	wɵn wʉj	subs
wɵnt wʉj	wɵnt wʉj	subs
wɵnt wʉj	wɵnt wʉjət	subs;PL
wɵnt wʉλi	wɵnt wʉλi	subs
wɵnt λɵŋχ	wɵn λɵŋχət	subs;PL
wɵnt λɵŋχ	wɵnt λɵŋχ	subs
wɵnti+dial.var.	wɵnta	pstp
wɵntijəλ	wɵntijəm	v;PTCP.PST
wɵntijəλ	wɵntijəλ	v
wɵntər sʉχ	wɵntər sʉχət	subs;3PL
wɵntəλtə	wɵntiλəλλe	v;PRS;SG<3SG
wɵr pʉχ	wɵr pʉχ	subs
wɵs	wɵs	v
wɵs	wɵsŋən	v;3DU
wɵs	wɵsət	v;3PL
wɵtśa	wɵtśa	adv
wɵńəλ	wɵńəλλən	v;PRS;2SG
wɵλ	wɵλ	v
wɵλ	wɵλa	v;IMP.2SG_
wɵλ	wɵλatən	v;IMP.2DU
wɵλ	wɵλman	v;CVB
wɵλ	wɵλməλ	v;PTCP.PST;3SG
wɵλ	wɵλtan	v;PTCP.PRS;3DU
wɵλ	wɵλtaλ	v;PTCP.PRS;3SG
wɵλ	wɵλtenən	v;PTCP.PRS;2SG;LOC
wɵλ	wɵλti	v;INF
wɵλ	wɵλti	v;PTCP.PRS
wɵλ	wɵλəm	v;PTCP.PST
wɵλ	wɵλλa	v;PRS;PASS[3SG]
wɵλ	wɵλλaŋən	v;PRS;3DU
wɵλ	wɵλλəmən	v;PRS;1DU
wɵλ	wɵλλət	v;PRS;3PL
wɵλ	wɵλλəŋən	v;PRS;3DU
wɵλ+dial.var.	wɵtati	v;IMP.2PL
wɵλ+dial.var.	wɵtəm	v;PTCP.PST
wɵλiλə	wɵλiλəλ	v;PRS[3SG]
wɵλmət	wɵλmətsət	v;PST;3PL
wɵλmət	wɵλmətsəŋən	v;PST;3DU
wɵλəm	wɵλəm	subs
wɵλəpsi	wɵλəpseλ	subs;SG<3SG
wɵλəpsi	wɵλəpsijən	subs;LOC
wɵλλijəλ	wɵλλijəλsət	v;PST;3PL
wʉ	wʉjati	v;IMP.2PL
wʉ	wʉjman	v;CVB
wʉ	wʉjəm	v;PTCP.PST
wʉ	wʉs	v;PST[3SG]
wʉ	wʉste	v;PST;PL<3SG
wʉ	wʉsλe	v;PST;SG<3SG
wʉ	wʉtew	v;PRS;SG<1PL
wʉ	wʉλ	v;PRS[3SG]
wʉ	wʉλijət	v;PRS;PASS;3PL
wʉj	wʉj	subs
wʉj	wʉjijen	subs;DIM.MEL;SG<2SG
wʉj	wʉjən	subs;LOC
wʉj	wʉjət	subs;PL
wʉj sʉχ	wʉj sʉχ	subs
wʉj sʉχ	wʉj sʉχət	subs;PL
wʉj wɛλ	wʉj wɛλti	v;PTCP.PRS
wʉjaŋ	wʉjaŋ	adj
wʉjəmt	wʉjəmsa	v;PST;PASS[3SG]
wʉjəŋ	wʉjəŋ	adj;
wʉjəŋ χɵ	wʉjəŋ χɵ	subs;man
wʉnš	wʉnš	subs
wʉnš	wʉnšəti	v;IMP.2PL
wʉnš	wʉšsət	v;PST;3PL
wʉr	wʉra	subs;DLAT
wʉr	wʉrəλ	subs;SG<3SG
wʉr mɛŋk	wʉr mɛŋk	subs
wʉraja χʉj	wʉraja χʉjsəŋən	v;PST;3DU
wʉraja χʉj	wʉraja χʉjti	v;INF
wʉrak	wʉrak	subs
wʉrat	wʉrattaλ	v;PTCP.PRS;3SG
wʉrat	wʉratəm	v;PTCP.PST
wʉrat	wʉratəλ	v;PRS[3SG]
wʉrti	wʉrta	adj;DLAT
wʉrti	wʉrtet	adj;PL
wʉrti	wʉrti	adj
wʉrŋa	wʉrŋa	subs
wʉrŋa	wʉrŋajen	subs;SG<2SG
wʉrəm	wʉrəmλət	v;PRS;3PL
wʉrəs	wʉrsəλ	nprop;SG<3SG
wʉrəs	wʉrsəλa	nprop;SG<3SG;DLAT
wʉrəs	wʉrəs	nprop
wʉrəs iki	wʉrəs ikeλ	subs;SG<3SG
wʉrəš	wʉrəšən	subs;LOC
wʉstə	wʉste	v;IMP.SG<2SG
wʉstə	wʉstəλɛm	v;PRS;SG<1SG
wʉt	wʉt	subs
wʉt	wʉten	subs;SG<2SG
wʉt	wʉti	prvb
wʉt	wʉtsa	v;PST;PASS[3SG]
wʉt	wʉtən	subs;LOC
wʉt pɛlək	wʉt pɛləka	subs;DLAT
wʉt pɛlək	wʉt pɛləkən	subs;LOC
wʉt sʉŋ	wʉt sʉŋa	subs;DLAT
wʉtat	wʉtat	subs
wʉtpija	wʉtpija	pstp
wʉtśiλ	wʉtśiλsəm	v;PST;1SG
wʉtśiλ	wʉtśiλsəλλe	v;PST;DU<3SG
wʉtśiλ	wʉtśiλəs	v;PST[3SG]
wʉtəs	wʉtəs	subs
wʉtλi	wʉtλi	adv
wʉńś	wʉńśi	v
wʉńś	wʉńλa	v;PRS;PASS[3SG]
wʉśkə	wʉśkəsi	v;PST;PASS[3SG]
wʉśkə	wʉśkəsλe	v;PST;SG<3SG
wʉśλəm	wʉśλəm	adj
wʉśχemə	wʉśχəmλɛm	v;PRS;SG<1SG
wʉš	wʉš	subs
wʉš	wʉša	subs;DLAT
wʉš	wʉšən	subs;LOC
wʉš	wʉšəλ	subs;SG<3SG
wʉš jʉχan	wʉš jʉχan	nprop
wʉš jʉχan	wʉš jʉχana	nprop;DLAT
wʉš jʉχan	wʉš jʉχaneλən	nprop;SG<3SG;LOC
wʉša	wʉša	pstp
wʉšən wɵrt iki	wʉšən wɵrt iki	nprop
wʉλ	wʉλəλ	subs;SG<3SG
wʉλaŋ	wʉλɛŋ	adj
wʉλi	wʉλi	subs
wʉλi	wʉλija	v;IMP.2SG_
wʉλi	wʉλijəs	v;PST[3SG]
wʉλi	wʉλiλaλ	subs;PL<3PL
wʉλi	wʉλiλəmən	v;PRS;1DU
wʉλi	wʉλiλən	subs;PL<2DU
wʉλi	wʉλiλəw	subs;PL<1PL
wʉλi sʉχ	wʉλi sʉχ	subs
wʉλi sʉχ	wʉλi sʉχət	subs;PL
wʉλit	wʉλitseλ	v;PST;SG<3PL
wʉλɛŋ	wʉλɛŋa	adj;;DLAT
wʉλλa	wʉλλa	adv
wʉχ	wʉχ	subs
wʉχ	wʉχe	v;IMP.SG<2SG
wʉχ	wʉχsəλλən	v;PST;SG<3DU
wʉχ	wʉχti	v;INF
wʉχsar sʉχ	wʉχsar sʉχət	subs;PL
wʉχəλ	wʉχλˊəman	v;CVB
wʉχəλtijə	wʉχəλtijəλət	v;PRS;3PL
wʉχəλtijəλ	wʉχəλtijəλsət	v;PST;3PL
wʉχəλtə	wʉχəλtəm	v;PTCP.PST
wʉχəλtə	wʉχəλtəti	v;INF
wʉχəλtə	wʉχəλtəti	v;PTCP.PRS
wʉχəλtʉt	wʉχəλtʉta	subs;DLAT
ă	ă	cconj
ăj	ăj	adj
ăjəλta	ăjəλta	adv
ăjəλtijewa	ăjəλtijewa	adv
ăjλta	ăjλta	adv
ăjλăŋki	ăjλăŋketən	subs;PL;LOC
ăkań	ăkań	subs
ăki	ăket	subs;PL
ăki	ăkɛm	subs;SG<1SG
ămp	ămp	subs
ămtəptə	ămtəptəλλe	v;PRS;PL<3SG
ăn	ăn	subs
ăn	ănət	subs;PL
ăna nă	ăna nă	interj
ănši jʉχ	ănši jʉχ	subs
ăprəŋa	ăprəŋa	adj
ăpər	ăpər	adj
ăr	ăr	adj
ăr	ăra	adj;DLAT
ăr	ărət	subs;PL
ăr sir	ăr sir	indfpro
ăra	ăra	adv
ări	ăriλət	v;PRS;3PL
ărt	ărn	subs;LOC
ărt	ărta	subs;DLAT
ărt	ărteλən	pstp;3SG;LOC
ărt	ărtən	subs;LOC
ărt	ărtəλən	pstp;3SG;LOC
ărtaλə	ărtaλəsλən	v;PST;SG<3DU
ărtaλə	ărtaλəλλe	v;PRS;SG<3SG
ărtən	ărn	pstp
ărtən	ărtən	pstp
ăršək	ăršək	adv
ăs	ăs	nprop
ăs	ăsa	nprop;DLAT
ăt	ăt	ptcl
ăt	ăt	subs
ăt kʉtəp	ăt kʉtəp	subs
ăteλt	ăteλ	adj
ăteλt	ăteλ	adv
ăteλt+dial.var.	ătet	adv
ătəm	ătma	adj;DLAT
ătəm	ătəm	adj
ătəλ	ătəλ	adv
ătəλ	ătəλən	adv
ăw	ăwəλ	v;PRS[3SG]
ăŋən	ăŋən	subs
ăśi	ăśen	subs;SG<2SG
ăśi	ăśen	subs;SG<3DU
ăśi	ăśeλ	subs;SG<3SG
ăśi	ăśi	subs
ăśi	ăśɛŋən	subs;DU
ăśi	ăśɛŋəλ	subs;DU<3SG
ăλ	ăλ	ptcl
ăλti kɛši	ăλti kɛšeλ	subs;SG<3SG
ăλti kɛši	ăλti kɛši	subs
ăλti kɛši	ăλti kɛšijən	subs;LOC
ăλəm	ăλmɛ	v;IMP.SG<3SG
ăλəm	ăλəmman	v;CVB
ăλəm	ăλəməs	v;PST[3SG]
ăλəŋ	ăλəŋ	adv
ăλəŋ	ăλəŋ	subs
ăλəŋ	ăλəŋa	subs;DLAT
ăλəŋa	ăλəŋaja	subs;DLAT
ăλɛmə	ăλɛməs	v;PST[3SG]
ăλɛmə	ăλɛməsi	v;PST;PASS[3SG]
ăλɛmə	ăλɛməsλe	v;PST;SG<3SG
ńarkə	ńarketən	subs;PL;LOC
ńarəm	ńarəm	adj
ńarɛmə	ńarɛməsλe	v;PST;SG<3SG
ńarɛmə	ńarɛməti	v;PTCP.PRS
ńaλ	ńaλ	cardnum
ńaχ	ńaχ	v
ńaχ	ńaχλajət	v;PRS;PASS;3PL
ńăli	ńălet	subs;PL
ńăli	ńăli	subs
ńămaλt	ńămaλt	subs
ńămaλt	ńămaλtət	subs;PL
ńăwrɛm	ńăwrɛm	subs
ńăwrɛm	ńăwrɛmŋən	subs;DU
ńăwrɛm	ńăwrɛmŋəλ	subs;DU<3SG
ńăwrɛm	ńăwrɛmλaλ	subs;PL<3PL
ńăwrɛm χɵ	ńăwrɛm χɵjəλ	subs;SG<3SG
ńɵrəm	ńɵrəm	subs
ńɵrəm	ńɵrəmən	subs;LOC
ńɵrəm χʉməs	ńɵrəm χʉmsət	subs;tussock;PL
ńɵχəm	ńɵχməs	v;PST[3SG]
ńʉki χʉt	ńʉki χʉtətən	subs;PL;LOC
ńʉr	ńʉr	ptcl
ńʉr	ńʉrən	subs;LOC
ńʉr	ńʉrəλ	subs;SG<3SG
ńʉrtɛmə	ńʉrtɛməsi	v;PST;PASS[3SG]
ńʉwti	ńʉwti	subs;year;old_female_reindeer
ńʉλ	ńʉλ	subs
ńʉλ	ńʉλpi	subs;PROPR
ńʉλ	ńʉλən	subs;LOC
ńʉλ	ńʉλət	subs;PL
ńʉλ	ńʉλətən	subs;PL;LOC
ńʉλ	ńʉλəλ	subs;SG<3SG
ńʉλ wʉs	ńʉλ wʉs	subs
ńʉλ wʉs	ńʉλ wʉsa	subs;DLAT
ńʉλ wʉs	ńʉλ wʉsŋən	subs;DU
ńʉχa	ńʉχaλ	v;PRS[3SG]
ńʉχi	ńʉχet	subs;PL
ńʉχi	ńʉχeλ	subs;SG<3SG
ńʉχi	ńʉχi	subs
ńʉχi	ńʉχijən	subs;LOC
ńʉχi	ńʉχiλaλ	subs;PL<3SG
ńʉχi	ńʉχɛm	subs;SG<1SG
ńʉχi kăš	ńʉχi kăšən	subs;LOC
ńʉχsəŋ	ńʉχsəŋ	adj;
ńʉχər	ńʉχərti	v;PTCP.PRS
ńʉχəs	ńʉχəs	subs
ńʉχəs sʉχ	ńʉχəs sʉχ	subs
ńʉχəs sʉχ	ńʉχəs sʉχət	subs;PL
ńʉχλə	ńʉχλəs	v;PST[3SG]
ńʉχλə+dial.var.	ńʉχtəsλe	v;PST;SG<3SG
śak	śakəs	v;PST[3SG]
śal	śalŋən	subs;DU
śal	śalət	v;3PL
śaləŋ	śaləŋ	adj
śalɛŋ	śalɛŋ	adj
śart	sar	subs;telling
śart	śart	subs
śart	śarti	v
śart	śartteλ	v;PTCP.PRS;3PL
śart	śartəλ	v;PRS[3SG]
śart	śarλ	v;PRS[3SG]
śart	śarλaλ	subs;PL<3SG
śart jʉχ	śart jʉχən	subs;LOC
śart χɵ	śar χɵ	subs
śart χɵ	śart χɵ	subs
śart χɵ	śart χɵja	subs;DLAT
śartəŋ jʉχ	śartəŋ jʉχa	subs;IMP.2SG_
śata	śata	adv
śaškan	śaškan	subs
śaškan	śaškanət	subs;PL
śaškan saχ	śaškan saχət	subs;PL
śaλta	śaλta	adv
śi	si	ptcl
śi	śi	dem
śi	śi	ptcl
śi kʉtən	śi kʉtən	adv
śi rʉwən	śi rʉwən	adv
śi tʉχəλpijən	śi tʉχəλpijən	adv
śi wʉš ɛwəλt	śi wʉš ɛwəλt	adv
śi ɛwəλ+dial.var.	śi ɛwət	ptcl
śikɛm	śikɛm	adj
śiməś	śiməś	pro
śir	śirəλən	pstp;3SG;LOC
śira	śira	pstp
śirn	śirn	ptcl
śirn	śirən	adv
śit	śit	pro
śit	śitəλ	pro;SG<3SG
śiti	śiti	adv
śitəλ pata	śitəλ pata	adv
śitɛmən	śitɛmən	adv
śitλən	śitaλən	adv
śitλən	śitəλən	adv
śitλən	śitλən	adv
śiw	siw	adv
śiw	śiw	adv
śiχ	śiχ	adv
śăśi	śăśeλ	subs;SG<3SG
śăśi	śăśɛm	subs;SG<1SG
śʉrəs	sʉrsəŋ	cardnum;PROPR
śʉrəs	śʉrəs	cardnum
śʉrəs	śʉrəs	subs
śʉrɛm	śʉrɛma	adj;DLAT
śʉs	śʉs	subs
śʉń	śʉń	subs
śʉń	śʉńən	subs;LOC
śʉń	śʉńəλ	subs;SG<3SG
śʉńəŋ χɵλəŋən	śʉńəŋ χɵλəŋən	subs
śʉχri	sʉχreλən	subs;SG<3SG;LOC
śʉχri	śʉχri	subs
śʉχri šɵp	śʉχri šɵpije	subs;DIM.MEL
śʉχri šɵp	śʉχri šɵpijeλ	subs;DIM.MEL;SG<3SG
śʉχri šɵp	śʉχri šɵpəλ	subs;SG<3SG
šat ša	šat ša	interj
šawi	šawisəλλe	v;PST;PL<3SG
šaŋk	šaŋk	adj
šaŋkap	šaŋkap	adv
šaš	šanša	subs;DLAT
šaš	šanšəλən	subs;SG<3SG;LOC
šiməλ	šiməλ	adv
šiw	šiwən	subs;LOC
šiw	šiwλaλ	subs;PL<3PL
šiwaλijəλ	šiwaλijəλsajət	v;PST;PASS;3PL
šiwaλə	šiwaλəsen	v;PST;SG<2SG
šiwaλə	šiwaλəseλ	v;PST;SG<3PL
šiwaλə	šiwaλəsijət	v;PST;PASS;3PL
šiwaλə	šiwaλəsŋən	v;PST;3DU
šiwaλə	šiwaλəsən	v;PST;2SG
šiwaλə+dial.var.	šiwatəs	v;PST[3SG]
šiwaλɛma	šiwaλəmaλ	v;PRS[3SG]
šiwaλɛma	šiwaλɛmaλən	v;PRS;2SG
šiwi	šiwi	pstp
šiŋəš	šiŋəša	subs;DLAT
šăj	šăj	subs
šăj	šăjən	subs;LOC
šăj	šăjλəmən	subs;PL<1DU
šăj ăn	šăj ănen	subs;SG<2SG
šăj ăn	šăj ănɛm	subs;SG<1SG
šăkən	šăkənəλ	v;PRS[3SG]
šărit	šăritəm	v;PTCP.PST
šărit	šăritλa	v;PRS;PASS[3SG]
šăwi	šăwiman	v;CVB
šăwi	šăwiλa	v;PRS;PASS[3SG]
šăš	šănšɛm	subs;SG<1SG
šăš	šăš	subs
šăλˊ	šăλˊ	subs
šăλˊ+dial.var.	šătˊ	subs
šɛpan	šɛpan	subs
šɛpan	šɛpanλaλən	subs;PL<3PL;LOC
šɛpan jʉχ	šɛpan jʉχ	subs
šɛpan χɵ	šɛpan χɵ	subs
šɛpanλə	šɛpanλəti	v;PTCP.PRS
šɛpanλə	šɛpanλəλi	v;PRS;PASS[3SG]
šɛŋk	šɛŋk	adv
šɛŋkəλ	šɛŋλəm	v;PTCP.PST
šɛλməŋ	šɛλməŋ	adj
šɵk	šɵk	subs
šɵkat	šɵkatti	v;PTCP.PRS
šɵkat	šɵkəλλa	v;PRS;PASS[3SG]
šɵp	šɵp	subs
šɵp	šɵpa	subs;DLAT
šɵp	šɵpeλ	subs;SG<3SG
šɵp	šɵpλən	subs;PL<3DU
šɵpa	šɵpa	adv
šɵŋχ	šɵŋsəλλe	v;PST;SG<3SG
šɵš	šɵtši	v
šɵš	šɵtλ	v;PRS[3SG]
šɵš	šɵša	v;IMP.2SG_
šɵš	šɵšsəman	v;PST;1DU
šɵš	šɵšsəmən	v;PST;1DU
šɵš	šɵšsəŋən	v;PST;3DU
šɵš	šɵšəm	v;PTCP.PST
šɵš	šɵšəs	v;PST[3SG]
šɵš	šɵšəλ	v;PRS[3SG]
šɵš	šɵšλəm	v;PRS;1SG
šɵšijəλ	šɵšijəλ	v
šɵšijəλ	šɵšijəλλəw	v;PRS;1PL
šɵšijəλ	šɵšijλλət	v;PRS;3PL
šɵšəm	šɵšməs	v;PST[3SG]
šɵšɛmə	šɵšɛməs	v;PST[3SG]
šʉk	šʉkəλ	subs;SG<3SG
šʉm	šʉməŋ	subs;PROPR
šʉma	šʉma	adv
šʉma pɵrənt	šʉma pɵrənti	v
šʉwər	šʉwərle	subs;PEJ
šʉwər ńʉχi	šʉwər ńʉχi	subs
šʉšəm	šʉšəmman	v;CVB
šʉšəm	šʉšəmsəŋən	v;PST;3DU
šʉšəm	šʉšəmsəλλe	v;PST;SG<3SG
šʉšəm	šʉšəmti	v;INF
šʉšɛmə	šʉšɛməsλe	v;PST;SG<3SG
šʉλˊpaŋ	šʉλˊpaŋ	adj
ɛnməλ	ɛnməλti	v;INF
ɛnəm	ɛnməm	v;PTCP.PST
ɛnəm	ɛnməs	v;PST[3SG]
ɛnəm	ɛnəmsəw	v;PST;1PL
ɛnəm	ɛnəmti	v;PTCP.PRS
ɛptəmt	ɛptəmtəs	v;PST[3SG]
ɛpəλ	ɛpəλ	subs
ɛpəλ	ɛpəλən	subs;LOC
ɛsəλλijəλ	ɛsəλλijəλλət	v;PRS;3PL
ɛsəλλijəλ	ɛsλiλsəλλe	v;PST;SG<3SG
ɛsλ	ɛsəλsəλλe	v;PST;PL<3SG
ɛsλ	ɛsəλλa	v;PRS;PASS[3SG]
ɛsλ	ɛsəλλajən	v;PRS;PASS;2SG
ɛsλ	ɛsəλλɛm	v;PRS;SG<1SG
ɛsλ	ɛsλaλən	v;IMP.2DU
ɛsλ	ɛsλəs	v;PST[3SG]
ɛsλəmt	ɛsλəmti	v;INF
ɛsλəmt	ɛsλəmtəs	v;PST[3SG]
ɛsλəmt	ɛsλəmλɛm	v;PRS;SG<1SG
ɛsλəmtijəλ	ɛsλəmtijəλman	v;CVB
ɛt	ɛttət	v;PRS;3PL
ɛt	ɛtəs	v;PST[3SG]
ɛtər	ɛtərŋən	subs;DU
ɛwi	ɛwi	subs
ɛwi	ɛwijən	subs;LOC
ɛwi	ɛwiλaλa	subs;PL<3SG;DLAT
ɛwi năj	ɛwi năj	subs
ɛwi pʉχ	ɛwi pʉχ	subs
ɛwtəs	ɛwtəssəλλe	v;PST;SG<3SG
ɛwət	ɛwət	pstp
ɛwət	ɛwətλ	v;PRS[3SG]
ɛwəλt	weλ	pstp
ɛwəλt	ɛwəλ	pstp
ɛwəλt	ɛwəλt	pstp
ɛŋχ	ɛŋsəλλe	v;PST;SG<3SG
ɛŋχəm	ɛŋχəmsəλλe	v;PST;SG<3SG
ɛŋχəs	ɛŋχəsλa	v;PRS;PASS[3SG]
ɛλ	ɛλaλ	subs;SG<3SG
ɛλəmə	ɛλməλət	v;PRS;3PL
ɛλˊtijən+dial.var.	ɛttijən	pstp
ɵχtijən	ɵχtijən	pstp
ɵχəλ	ɵχəλ	subs
ɵχəλ	ɵχəλa	subs;DLAT
ɵχəλ	ɵχəλən	subs;LOC
ɵχəλ	ɵχəλλaλa	subs;PL<3SG;DLAT
ɵχəλ	ɵχλijeλ	subs;DIM.MEL;SG<3SG
ʉj	ʉj	subs
ʉjaŋ	ʉjaŋa	adj;DLAT
ʉka šɵpije	ʉka šɵpi	nprop
ʉka šɵpije	ʉka šɵpije	nprop
ʉka šɵpije	ʉka šɵpijen	nprop;LOC
ʉmsijəλ	ʉmsijəλsajət	v;PST;PASS;3PL
ʉmsijəλ	ʉmsijəλsət	v;PST;3PL
ʉmsijəλ	ʉmsijəλət	v;3PL
ʉmsijəλ	ʉmsijəλλa	v;PRS;PASS[3SG]
ʉmsəλ	ʉmsəλsɛm	v;PST;SG<1SG
ʉmsəλt	ʉmseλλa	v;PRS;PASS[3SG]
ʉmsəλt	ʉmsəλsa	v;PST;PASS[3SG]
ʉmsəλt	ʉmsəλte	v;IMP.SG<2SG
ʉmsəλt	ʉmsəλtəs	v;PST[3SG]
ʉmsəλt	ʉmsəλλa	v;PRS;PASS[3SG]
ʉməs	ʉmasəλ	v;PRS[3SG]
ʉməs	ʉmsaλən	v;IMP.SG<2DU
ʉməs	ʉmsəs	v;PST[3SG]
ʉməs	ʉmsəλλe	v;PST;SG<3SG
ʉməs	ʉməssajət	v;PST;PASS;3PL
ʉməs	ʉməssət	v;PST;3PL
ʉməs	ʉməssəŋən	v;PST;3DU
ʉməs	ʉməssəλλe	v;PST;SG<3SG
ʉməs	ʉməstan	v;PTCP.PRS;3DU
ʉməs	ʉməsti	v;INF
ʉməs	ʉməsti	v;PTCP.PRS
ʉməs	ʉməsəλ	v;PRS[3SG]
ʉməs	ʉməsλa	v;PRS;PASS[3SG]
ʉməs	ʉməsλajət	v;PRS;PASS;3PL
ʉməs	ʉməsλaŋən	v;PRS;3DU
ʉməs	ʉməsλət	v;PRS;3PL
ʉməstaŋ jam lʉt	ʉməstaŋəλ jam lʉta	subs;SG<3SG;DLAT
ʉməstaŋ lʉt taχi	ʉməstaŋ lʉt taχija	subs;DLAT
ʉməsti lʉt taχi	ʉməsti lʉt taχija	subs;DLAT
ʉp jʉχ	ʉp jʉχλaλ	subs;in;law;PL<3SG
ʉp jʉχ	ʉp jʉχλaλən	subs;in;law;PL<3SG;LOC
ʉt	ʉt	subs
ʉt	ʉteλ	subs;SG<3PL
ʉt	ʉteλ	subs;SG<3SG
ʉt	ʉtn	subs;SG<3DU
ʉt	ʉtən	subs;LOC
ʉt	ʉtəλn	subs;SG<3SG;LOC
ʉt	ʉtλəm	subs;PL<1SG
ʉta	ʉta	ptcl
ʉw	ʉw	subs
ʉw	ʉwman	subs;CVB
ʉw	ʉwman	v;CVB
ʉw	ʉwteλ	v;PTCP.PRS;3SG
ʉw	ʉwti	v;INF
ʉw	ʉwŋən	subs;DU
ʉw	ʉwəs	v;PST[3SG]
ʉw	ʉwəŋ	subs;PROPR
ʉw	ʉwəλ	subs;SG<3SG
ʉw	ʉwəλ	v;PRS[3SG]
ʉw	ʉwλət	v;PRS;3PL
ʉw χari	ʉw χaret	subs;PL
ʉw χari	ʉw χarija	subs;DLAT
ʉwəs	ʉwəs	subs
ʉwəs jʉrn	ʉwəs jʉrnət	subs;PL
ʉwəs wʉt	ʉwəs wʉt	subs
ʉwəs wʉt	ʉwəs wʉten	subs;SG<2SG
ʉwəs wʉt iki	ʉwəs wʉt iki	nprop
ʉwəs wʉt iki	ʉwəs wʉt ikijən	nprop;LOC
ʉwət	ʉwtəs	v;PST[3SG]
ʉŋəλ wʉs	ʉŋəλ wʉsa	subs;DLAT
ʉŋλ	ʉŋəλ	subs
ʉŋλ	ʉŋəλəλa	subs;SG<3SG;DLAT
ʉŋλ	ʉŋλena	subs;SG<2SG;DLAT
ʉŋλ	ʉŋλən	subs;SG<2SG
ʉŋλ	ʉŋλəλ	subs;SG<3SG
ʉŋλ+dial.var.	ʉŋəta	subs;DLAT
ʉš	ʉša	subs;DLAT
ʉša wɛr	ʉša wɛrsa	v;PST;PASS[3SG]
ʉša wɛr	ʉša wɛrsəλλe	v;PST;SG<3SG
ʉša wɛr	ʉša wɛrsɛm	v;PST;SG<1SG
ʉša wɛr	ʉša wɛrti	v;INF
ʉša wɛr	ʉša wɛrλa	v;PRS;PASS[3SG]
ʉša wɛrənt	ʉša wɛrəntλəλλaλ	v;PRS;PL<3PL
ʉšəŋ	ʉšəŋ	adj
ʉλ	ʉλ	subs
ʉλ	ʉλ	v
ʉλ	ʉλa	subs;DLAT
ʉλ	ʉλtaλ	v;PTCP.PRS;3SG
ʉλ	ʉλti	v;INF
ʉλ	ʉλti	v;PTCP.PRS
ʉλ	ʉλəm	v;PTCP.PST
ʉλ	ʉλəs	v;PST[3SG]
ʉλ	ʉλλəmən	v;PRS;1DU
ʉλ	ʉλλəŋən	v;PRS;3DU
ʉλlʉt	ʉλlʉtəna	subs;SG<3DU;DLAT
ʉλtant	ʉλtansət	v;PST;3PL
ʉλtant	ʉλtantəs	v;PST[3SG]
ʉλəm	ʉλəm	subs
ʉλəmt	ʉλəmλəm	v;PRS;1SG
ʉλəŋ	ʉλaŋən	subs;LOC
ʉλəŋ	ʉλŋəλ	subs;SG<3SG
ʉλəŋ	ʉλəŋ	subs
ʉλəŋ	ʉλəŋa	subs;DLAT
ʉλəŋ	ʉλəŋəλən	pstp;3PL;LOC
ʉλəŋ	ʉλəŋəλən	subs;SG<3PL;LOC
ʉλəŋ+dial.var.	ʉtŋət	subs;PL
ʉλəŋt	ʉλŋətλa	v;PRS;PASS[3SG]
ʉλəŋən	ʉλəŋən	pstp
ʉλəŋən+dial.var.	ʉtəŋən	pstp
ʉχ	ʉχ	subs
ʉχ	ʉχen	subs;SG<2SG
ʉχ	ʉχtatən	subs;PL<3PL;LOC
ʉχ	ʉχəp	subs;PROPR
ʉχ	ʉχəŋ	subs;PROPR
ʉχ	ʉχəλ	subs;SG<3SG
ʉχ	ʉχəλa	subs;SG<3SG;DLAT
ʉχ	ʉχɛm	subs;SG<1SG
ʉχ	ʉχλi	subs;ABE
ʉχ	ʉχλən	subs;PL<3DU
ʉχ pati	ʉχ pati	subs
ʉχšam	ʉχšam	subs
ʉχšam	ʉχšamət	subs;PL
λarkəmt	λarkəmsajŋən	v;PST;PASS;3DU
λarpiλa	λarpiλaλət	v;PRS;3PL
λarpət	λarpətti	v;INF
λarɛmə	λarɛməsijŋən	v;PST;PASS;3DU
λaŋχa	λaŋχaλ	v;PRS[3SG]
λaŋχa	λaŋχaλəm	v;PRS;1SG
λaŋχa	λaŋχaλən	v;PRS;2SG
λaŋχa+dial.var.	taŋχat	v;PRS[3SG]
λij	λij	subs
λij	λijət	subs;PL
λijəm	λijəm	adj
λin	λin	ppron
λipi	λipeλa	pstp;3SG;DLAT
λipija	λipija	pstp
λipijən	λipijən	pstp
λis	λis	subs
λis	λisəλ	subs;SG<3SG
λiw	λiw	ppron
λiw+dial.var.	tiw	ppron
λiweλa+dial.var.	tiweta	ppron
λiλ	λiλ	subs
λiλ+dial.var.	titəŋa	subs;PROPR;DLAT
λiλəŋ	λiλəŋ	adj
λăjəm	λăjməλ	subs;SG<3SG
λăjəm	λăjəm	subs
λăjəm	λăjəmən	subs;LOC
λămpa+dial.var.	tămpa	pstp
λănt	λăntəŋ	subs;PROPR
λăptijəλ	λăptijəλsajət	v;PST;PASS;3PL
λăpət	λăpet	cardnum
λăpət	λăptaλən	v;IMP.SG<2DU
λăpət	λăpət	cardnum
λăpət	λăpətsajət	v;PST;PASS;3PL
λăpət	λăpətti	v;INF
λăpət	λăpətλəλλe	v;PRS;PL<3SG
λăpət χʉś jăŋ	λăpət χʉś jăŋ	cardnum
λăraś	λăraśət	subs;PL
λăraś	λăraśλaλa	subs;PL<3PL;DLAT
λătəmt	λătməλ	v;PRS[3SG]
λăwəm	λăwəmsajət	v;PST;PASS;3PL
λăwərt	λăwər	adj
λăwərt+dial.var.	tăwərt	adj
λăwəλ	λăwəλti	v;INF
λăwəλ	λăwəλti	v;PTCP.PRS
λăwəλ+dial.var.	λăwətsəŋən	v;PST;3DU
λăwɛmə	λăwɛməs	v;PST[3SG]
λăwɛmə	λăwɛməsλəm	v;PST;PL<1SG
λăwλəs	λăwλəsman	v;CVB
λăŋki tɛpəllɛ	λăŋki tɛpəllɛ	nprop;Paunch
λăŋki tɛpəllɛ+fr.var.	λăŋki tɛpəl	nprop;Paunch
λăśkam	λăśkama	adj;DLAT
λăλ+dial.var.	tătt	v;PRS[3SG]
λăλˊ	λăλˊ	subs
λăλˊ	λăλˊa	subs;DLAT
λăλˊ	λăλˊəŋ	subs;PROPR
λăλˊəs	λăλˊəsəs	v;PST[3SG]
λăλˊəs	λăλˊəsəλ	v;PRS[3SG]
λɛ	λɛs	v;PST[3SG]
λɛ	λɛsŋən	v;PST;3DU
λɛ	λɛsət	v;PST;3PL
λɛ	λɛsλe	v;PST;SG<3SG
λɛ	λɛt	v;INF
λɛ	λɛt	v;PTCP.PRS
λɛ	λɛti	v;INF
λɛ	λɛti	v;PTCP.PRS
λɛ	λɛwman	v;CVB
λɛ	λɛwəm	v;PTCP.PST
λɛ	λɛλ	v;PRS[3SG]
λɛ	λɛλijət	v;PRS;PASS;3PL
λɛ	λɛλət	v;PRS;3PL
λɛ	λɛλλe	v;PRS;SG<3SG
λɛ+dial.var.	tɛwəmət	v;PTCP.PST;PL
λɛməŋ	λɛməŋ	nprop
λɛpəŋ	λɛpəŋ	subs
λɛpəλtijəλ	λɛpəλtijəλti	v;PTCP.PRS
λɛr	λɛr	subs
λɛr	λɛrλaλ	subs;PL<3SG
λɛtʉt	λɛtʉt	subs
λɛtʉt	λɛtʉti	subs;PROPR
λɛtʉt	λɛtʉtλaλ	subs;PL<3SG
λɛtʉt	λɛtʉtλəmən	subs;PL<1DU
λɛtʉti tɛλən	λɛtʉti tɛλən	adv
λɛw	λɛw	nprop
λɛw	λɛwa	nprop;DLAT
λɛw	λɛwən	nprop;LOC
λɛśit	λɛśitsəλλe	v;PST;SG<3SG
λɛśit	λɛśitəλ	v;PRS[3SG]
λɛśit	λɛśətman	v;CVB
λɛśtan	λɛśtana	subs;DLAT
λɛλ	λɛλ	adj
λɛλ	λɛλmeλ	v;PTCP.PST;3PL
λɛλ	λɛλsaŋan	v;PST;3DU
λɛλ	λɛλsəŋən	v;PST;3DU
λɛλ	λɛλəs	v;PST[3SG]
λɛλt	λɛλsajət	v;PST;PASS;3PL
λɛλt	λɛλtəm	v;PTCP.PST
λɛλtəs	λɛλtəsti	v;INF
λɵmtəmtiλ	λɵmtəmtiλajje	v;IMP.2SG_ filling_syllable
λɵmət	λɵmətλət	v;PRS;3PL
λɵmətsʉχ	λɵmətsʉχ	subs
λɵməttə	λɵməttəman	v;CVB
λɵmətˊλˊə	λɵmətˊλˊəs	v;PST[3SG]
λɵmətˊλˊə	λɵmətˊλˊəti	v;PTCP.PRS
λɵmətˊλˊə	λɵmətˊλˊəλəm	v;PRS;1SG
λɵmətˊλˊə+sp.var.	λɵmətλəs	v;PST[3SG]
λɵmətˊλˊɛmə	λɵmətˊλˊɛməs	v;PST[3SG]
λɵnt	λɵntət	subs;PL
λɵp jir	λɵp jirən	subs;LOC
λɵt	λɵtsajŋən	v;PST;PASS;3DU
λɵŋ tʉr	λɵŋ tʉr	subs
λɵŋχ	λɵŋλaλa	subs;PL<3PL;DLAT
λɵŋχ	λɵŋχ	subs
λɵŋχ	λɵŋχa	subs;DLAT
λɵŋχ	λɵŋχenən	subs;SG<2SG;LOC
λɵŋχ	λɵŋχət	subs;PL
λɵŋχ	λɵŋχəta	subs;PL;DLAT
λɵχəs	λɵχsɛm	subs;SG<1SG
λɵχəs	λɵχəsa	subs;DLAT
λɵχλɛmə	λɵχλɛməλi	v;PRS;PASS[3SG]
λʉj+sp.var.	λɵjep	subs;PROPR
λʉj+sp.var.	λɵjpi	subs;PROPR
λʉpas	λʉpasət	subs;PL
λʉpəs	λʉpsət	subs;PL
λʉpəs	λʉpəsət	subs;PL
λʉpəs	λʉpəsλən	subs;PL<2DU
λʉr	λʉr	subs
λʉr	λʉr	subs;terrain_which_is_still_flooded_after_the_flood_drained_off
λʉr	λʉrət	subs;terrain_which_is_still_flooded_after_the_flood_drained_off;PL
λʉw	λʉ	ppron
λʉw	λʉw	ppron
λʉw	λʉw	subs
λʉw+dial.var.	tʉw	ppron
λʉwat	λʉwat	subs
λʉwattaλn	λʉwattaλn	adv
λʉweλ	λʉweλ	ppron
λʉweλ	λʉweλa	ppron
λʉweλ+dial.var.	tʉweta	ppron
λʉwət+dial.var.	tʉwət	ppron
λʉwəλt	λʉwəλta	v;IMP.2SG_
λʉńś	λʉńsəλi	v;PRS;PASS[3SG]
λʉńś	λʉńśəsi	v;PST;PASS[3SG]
λʉńś	λʉńśəsijət	v;PST;PASS;3PL
λʉŋ	λʉŋa	subs;DLAT
λʉŋ	λʉŋti	v;INF
λʉŋ	λʉŋən	subs;LOC
λʉŋ	λʉŋəs	v;PST[3SG]
λʉŋ	λʉŋətən	subs;PL;LOC
λʉŋ	λʉŋəλ	v;PRS[3SG]
λʉŋ kɵrt	λʉŋ kɵrt	subs
λʉŋ kɵrt	λʉŋ kɵrtan	subs;LOC
λʉŋ+dial.var.	tʉŋ	subs
λʉŋtəs	λʉŋtəsλ	v;PRS[3SG]
λʉŋət	λʉŋtəsət	v;PST;3PL
λʉŋət	λʉŋətsa	v;PST;PASS[3SG]
λʉŋət	λʉŋəttɛm	v;PTCP.PRS;PTCP.PST
λʉŋət	λʉŋətλa	v;PRS;PASS[3SG]
λʉŋəλt	λʉŋəλsa	v;PST;PASS[3SG]
λʉŋəλt	λʉŋəλseλ	v;PST;SG<3PL
λʉŋəλt	λʉŋəλti	v;PTCP.PRS
λʉŋəλt	λʉŋəλtəp	v;NZER
λʉŋɛmə	λʉŋɛməs	v;PST[3SG]
λʉŋɛmə	λʉŋɛməti	v;INF
λʉŋɛmə	λʉŋɛməλəm	v;PRS;1SG
λʉś	λʉńśa	subs;DLAT
λʉś	λʉńśət	subs;PL
λʉś	λʉśsəλλe	v;PST;SG<3SG
λʉś	λʉśən	subs;LOC
λʉś+dial.var.	tʉś	subs
λʉλa	λʉλati	v;INF
λʉλijəλ	λʉλijəλ	v
λʉλmaχ	λʉλmaχət	subs;PL
λʉλpɛŋ	λʉλpɛŋ	adj
λʉλˊ	λʉśsəλλe	v;PST;SG<3SG
λʉλˊ	λʉλˊ	v
λʉλˊ	λʉλˊa	v;IMP.2SG_
λʉλˊ	λʉλˊman	v;CVB
λʉλˊ	λʉλˊsa	v;PST;PASS[3SG]
λʉλˊ	λʉλˊśi	v;PTCP.PRS
λʉλˊ	λʉλˊśəλ	v;PRS[3SG]
λʉλˊ	λʉλˊəs	v;PST[3SG]
λʉλˊs	λʉλˊsɛmən	v;PTCP.PST;3DU
λʉλˊśaŋ jam lʉt	λʉλˊśaŋəλ jam lʉta	subs;SG<3SG;DLAT
λʉλˊśi lʉt taχi	λʉλˊśi lʉt taχija	subs;DLAT
λʉλˊəmt	λʉλˊəmtəs	v;PST[3SG]
λʉχət	λʉχta	v;IMP.2SG_
λʉχət	λʉχtəs	v;PST[3SG]
λʉχət	λʉχətman	v;CVB
λʉχət	λʉχətλajən	v;PRS;PASS;2SG
λʉχət	λʉχətλəm	v;PRS;1SG
λˊăwtiλe	λˊăwtiλes	v;PST[3SG]
λˊăwtiλe	λˊăwtiλλe	v;PRS;DU<3SG
λˊʉχit	λˊʉχitti	v;PTCP.PRS
λˊʉχɛmə	λˊʉχɛməsi	v;PST;PASS[3SG]
χa	χa	interj
χaj	χajsəmən	v;PST;1DU
χaj	χajsəλe	v;PST;SG<3SG
χaj	χajəs	v;PST[3SG]
χaj	χajλa	v;PRS;PASS[3SG]
χaj	χajλew	v;PRS;SG<1PL
χaj	χajλəλλam	v;PRS;PL<1SG
χaj	χajλɛm	v;PRS;SG<1SG
χajəλ	χajəλti	v;PTCP.PRS
χajəλ+dial.var.	χajətti	v;INF
χannɛχɵ	χannɛχɵ	subs
χannɛχɵ	χannɛχɵja	subs;DLAT
χannɛχɵ	χannɛχɵjət	subs;PL
χannɛχɵ	χannɛχɵjətən	subs;PL;LOC
χannɛχɵ	χannɛχɵjəλ	subs;SG<3SG
χanti	χanti	adj
χanti	χantija	subs;DLAT
χanšap	χanšap	adj
χanši	χanšɛta	subs;PL;DLAT
χar mʉw	χar mʉw	subs
χari	χar	subs
χari	χarijətən	subs;PL;LOC
χarśi	χarśi	adj
χatəmə	χatəma	v;IMP.2SG_
χatəmə	χatəməs	v;PST[3SG]
χatəmə	χatəməλəm	v;PRS;1SG
χatətˊλˊə	χatətˊλəλ	v;PRS[3SG]
χatətˊλˊə	χatətˊλˊətaλ	v;PTCP.PRS;3SG
χatətˊλˊə	χatətˊλˊəλ	v;PRS[3SG]
χatəλ	χatəλ	adv
χatλ	χatəλ	subs
χatλ	χatλ	subs
χatλ	χatλa	subs;DLAT
χatλ	χatλen	subs;SG<2SG
χatλ	χatλijen	subs;DIM.MEL;SG<2SG
χatλ	χatλən	subs;LOC
χatλ	χatλətən	subs;PL;LOC
χatλ	χatλəλ	subs;SG<3SG
χatλəλn	χatλaλən	adv
χatλəλn	χatλəλ	adv
χańija	χańija	adv
χańɛm	χańɛmλ	v;PRS[3SG]
χaś	χatśi	v
χaś	χatˊtˊəm	v;PRS;1SG
χaś	χaś	adv
χaś	χaśa	v;IMP.2SG_
χaś	χaśmaλ	v;PTCP.PST;3SG
χaś	χaśsəm	v;PST;1SG
χaś	χaśsəŋən	v;PST;3DU
χaś	χaśəs	v;PST[3SG]
χaśijəλ	χaśijəλ	v
χaλewət	χaλewta	subs;DLAT
χaλewət	χaλewət	adv
χint	χint	subs
χint	χintəŋ	subs;PROPR
χint	χintəλ	subs;SG<3SG
χint	χintɛm	subs;SG<1SG
χint	χinλ	subs;SG<3SG
χir	χir	subs
χir	χirije	subs;DIM.MEL
χir	χirɛm	subs;SG<1SG
χiλi	χiλeλ	subs;SG<3SG
χiλi	χiλije	subs;DIM.MEL
χiλi	χiλijɛm	subs;DIM.MEL;SG<1SG
χɵ	χɵ	subs
χɵ	χɵjeλ	subs;SG<3SG
χɵ	χɵjŋən	subs;DU
χɵ	χɵjən	subs;LOC
χɵ	χɵjəŋ	subs;PROPR
χɵ	χɵjəλ	subs;SG<3SG
χɵ jăk	χɵ jăkət	subs;PL
χɵ jʉχ	χɵ jʉχλaλ	subs;PL<3SG
χɵ pʉχ	χɵ pʉχ	subs
χɵ pʉχ	χɵ pʉχa	subs;DLAT
χɵ ńăwrɛm	χɵ ńăwrɛm	subs
χɵlaŋ wɛj	χɵlaŋ wɛjŋən	subs;3DU
χɵn	χɵn	ptcl
χɵn	χɵn	sconj
χɵr	χɵr	subs
χɵrλə	χɵrλəλλe	v;PRS;SG<3SG
χɵsλi sijλi	χɵsλi sijλi	adj
χɵsλi+sp.var.	χɵsλa	adj
χɵt	χɵtəλ	v;PRS[3SG]
χɵŋən pati	χɵŋən patijən	subs;LOC
χɵŋχəmt	χɵŋχəmtəs	v;PST[3SG]
χɵλ	χɵλ	subs
χɵλ	χɵλeλən	subs;SG<3SG;LOC
χɵλ	χɵλtaλən	v;PTCP.PRS;3SG;LOC
χɵλ	χɵλti	v;INF
χɵλ	χɵλən	subs;LOC
χɵλ	χɵλəp	subs;PROPR
χɵλ	χɵλəs	v;PST[3SG]
χɵλ	χɵλəλən	subs;SG<3SG;LOC
χɵλ jʉχ+dial.var.	χɵt jʉχət	subs;3PL
χɵλmit	χɵλmit	ordnum
χɵλəm	χɵλəm	cardnum
χɵλənt	χɵλənta	v;IMP.2SG_
χɵλənt	χɵλəntəsŋən	v;PST;3DU
χɵλənt	χɵλəntλəm	v;PRS;1SG
χɵλənt	χɵλənλ	v;PRS[3SG]
χɵλəntijəλ	χɵλəntijəλ	v
χɵλəntijəλ	χɵλəntijəλəλλe	v;PRS;SG<3SG
χɵχəλmə	χɵχəλməs	v;PST[3SG]
χʉj	χʉj	irogpro
χʉj	χʉjəm	v;PTCP.PST
χʉj	χʉjən	irogpro;LOC
χʉj	χʉjəλ	v;PRS[3SG]
χʉj	χʉjλa	v;PRS;PASS[3SG]
χʉjat	χʉjat	indfpro
χʉjat	χʉjat	subs
χʉjat	χʉjatn	subs;LOC
χʉjat kɛpa	χʉjat kɛpa	indfpro
χʉjmi	χʉjmi	adj
χʉjəm	χʉjməλ	subs;SG<3SG
χʉjəm	χʉjəm	subs
χʉməs	χʉmsətən	subs;PL;LOC
χʉməs	χʉməs	subs
χʉn	χʉnsəλλən	v;PST;SG<3DU
χʉn	χʉnəm	v;PTCP.PST
χʉn pʉχ	χʉn pʉχ	subs
χʉnnapa	χʉnnapa	ptcl
χʉnta	χʉntati	v;PTCP.PRS
χʉnəŋ	χʉnŋətən	subs;PL;LOC
χʉnəŋ	χʉnŋəλən	pstp;3SG;LOC
χʉnəŋ	χʉnəŋa	subs;DLAT
χʉnəŋ	χʉnəŋən	subs;LOC
χʉnəŋa	χʉnəŋa	pstp
χʉnəŋən	χʉnəŋən	pstp
χʉp	χʉpa	subs;DLAT
χʉp	χʉpan	subs;LOC
χʉpti	χʉptijən	subs;LOC
χʉr	χʉr	subs
χʉr	χʉrti	v;INF
χʉr	χʉrλa	v;PRS;PASS[3SG]
χʉram	χʉraməŋ	subs;PROPR
χʉrasəp	χʉrasəp	adj
χʉrasəp	χʉrasəpa	adj;DLAT
χʉrasəŋ	χʉrasəŋ	adj
χʉrɛmə	χʉrɛməsi	v;PST;PASS[3SG]
χʉrɛmə	χʉrɛməsijmən	v;PST;PASS;1DU
χʉt	χʉt	subs
χʉt	χʉta	subs;DLAT
χʉt	χʉteλən	subs;SG<3PL;LOC
χʉt	χʉtijet	subs;DIM.MEL;PL
χʉt	χʉtən	subs;LOC
χʉt	χʉtəp	subs;PROPR
χʉt	χʉtət	subs;PL
χʉt	χʉtətən	subs;PL;LOC
χʉt	χʉtɛməna	subs;SG<1DU;DLAT
χʉt	χʉtλən	subs;PL<2DU
χʉt pitər	χʉt pitərən	subs;LOC
χʉt păwərt	χʉt păwərta	subs;DLAT
χʉt sʉŋ	χʉt sʉŋa	subs;DLAT
χʉt sʉŋ	χʉt sʉŋən	subs;LOC
χʉt šaš	χʉt šaš	subs
χʉt ʉw	χʉt ʉwa	subs;DLAT
χʉt λipi	χʉt λipi	subs
χʉt λăŋəλ	χʉt λăŋəλ	subs
χʉt χari	χʉt χarəλ	subs;SG<3SG
χʉt χari+fr.var.	χʉt χar	subs
χʉta	χʉta	irogpro
χʉti	χʉti	irogpro
χʉti	χʉti	ptcl
χʉtəŋ	χʉtŋət	subs;PL
χʉtəŋ	χʉtəŋ	subs
χʉtəŋ ăki	χʉtəŋ ăki	subs
χʉtəŋ λɵŋχ	χʉtəŋ λɵŋχa	subs;DLAT
χʉtəŋ χɵ	χʉtəŋ χɵ	subs
χʉw	χʉw	adj
χʉw	χʉw	adv
χʉw	χʉwa	adj;DLAT
χʉwa	χʉwa	adv
χʉwa	χʉwašək	adv;COMPR
χʉwat	χʉwat	pstp
χʉwat	χʉwat	subs
χʉwən	χʉwən	adv
χʉwɛm	χʉwɛməs	v;PST[3SG]
χʉwλə	χʉwλa	v;IMP.2SG_
χʉwλə	χʉwλəs	v;PST[3SG]
χʉwλə	χʉwλəsət	v;PST;3PL
χʉśi	χʉśi	pstp
χʉśi+dial.var.	χʉśa	pstp
χʉśi+dial.var.	χʉśama	pstp;1SG;DLAT
χʉśi+dial.var.	χʉśana	pstp;2DU;DLAT
χʉšməλt	χʉšməλλəλλe	v;PRS;PL<3SG
χʉšəm	χʉšməλλəm	v;PRS;DU<1SG
χʉšəm	χʉšəmsa	v;PST;PASS[3SG]
χʉλ	χʉλ	indfpro
χʉλ	χʉλ	subs
χʉλ	χʉλew	subs;SG<1PL
χʉλ	χʉλeλ	subs;SG<3SG
χʉλ	χʉλsəŋən	v;PST;3DU
χʉλ	χʉλəλ	subs;SG<3SG
χʉλ	χʉλɛm	subs;SG<1SG
χʉλ pɛλa	χʉλ pɛλa	adv
χʉλ wɛλ	χʉλ wɛλti	v;PTCP.PRS
χʉλ wʉj	χʉλ wʉj	subs
χʉλa	χʉλam	v;PTCP.PST
χʉλa	χʉλati	v;INF
χʉλa+dial.var.	χʉtas	v;PST[3SG]
χʉλijewa	χʉλiewa	adv
χʉλijewa	χʉλijewa	adv
χʉλijewa+dial.var.	χʉtijewa	adv
χʉλmət	χʉλmətsəŋən	v;PST;3DU
χʉλna	χʉλna	adv
χʉλna+dial.var.	χʉtna	adv
χʉλta	χʉλta	irogpro
χʉλti	χʉλti	adv
χʉλˊ	χʉλˊeλ	subs;SG<3SG
χʉλˊśa	χʉλˊśa	irogpro
χʉλλə+dial.var.	χʉttəs	v;PST[3SG]
χʉλλə+dial.var.	χʉttət	v;PRS[3SG]
