pɵχλ	pɵχλəm	v;pfv.part
a	a	coordconn
a	a	n
aj	aj	adj
aj	aj	n
aj	aja	adj;dat
aj	aje	adj;dim
aj	ajən	n;loc
aj	ajət	adj;pl
aje	ajeλ	n;3sg
ajkeλ	ajkeλ	n
ajəλta	ajəλta	adv
ajλta	ajλta	adv
ajλtijewa	ajλtijewa	adv
akań	akań	n
akań	akańijew	n;dim;1pl
akań	akańən	n;loc
akań	akańԑmn	n;1du
ake	akeλ	n;3sg
aki	akiλaλ	n;pl;3pl
akԑ	akԑm	n;1sg
alikow	alikow	n
alikowa	alikowa	n
amp	amp	n
amp	ampew	n;1pl
amp	ampԑm	n;1sg
ampar	ampar	n
amt	amtəs	v;pst
amt	amtəŋ	n;attr
amńa	amńa	n
amńa	amńajew	n;stem;1pl
amət	amətman	v;conv
amət	amətsaŋən	v;pst;3du
amət	amətsət	v;pst;3pl
amət	amətsəw	v;pst;1pl
amət	amətti	v;ipfv.part
an	an	n
an	anije	n;dim
an	anijeλ	n;dim;3sg
an	anijԑm	n;dim;1sg
an	anλaλ	n;pl;3sg
andrap	andrap	n
anna	anna	n
apr	aprəŋ	n;attr
apśe	apśem	n;1sg
apśe	apśeλ	n;3sg
apəlnԑŋ	apəlnԑŋəλ	n;3sg
apəlԑ	apəlԑmn	n;1sg;loc
apər	apər	n
ar	ar	adv
ar	ar	n
ar	ara	adv;dat
ar	arem	n;1sg
ar	aren	n;2sg
ar	arn	n;loc
ar	aršək	adv;cmpr
arat	arat	n
arat	arattewn	v;ipfv.part;1pl;loc
ari	arijəλ	v;stem;npst
ari	ariman	v;conv
ari	arisa	v;pst;pass
ari	ariti	v;ipfv.part
ari	ariλijəs	v;ipfv;stem;pst
ari	ariλət	v;npst;3pl
arne	arnet	n;pl
arsər	arsər	adj
art	artn	post;loc
art	artən	n;loc
art	artən	post;loc
artaś	artaśəs	v;pst
artaλə	artaλəλλe	v;npst;3sg.so
as	as	n
as	asn	n;loc
at	at	n
at	at	verbprt
at	ata	n;dat
at	atən	n;loc
at	atəλ	n;3sg
at	atλaλən	n;pl;3sg;loc
at	atλətən	n;3sg;pl;loc
at	atԑm	n;1sg
ateλ	ateλ	adj
ateλt	ateλt	adj
atm	atma	adj;adv
atəm	atəm	adj
aŋka	aŋka	n
aŋke	aŋken	n;2sg
aŋke	aŋkeλ	n;3sg
aŋke	aŋkeλən	n;3sg;loc
aŋki	aŋki	n
aŋkśaśԑ	aŋkśaśԑm	n;1sg
aŋkśaśԑ	aŋkśaśԑmn	n;1sg;loc
aŋkəλ	aŋkəλ	n
aŋkəλ	aŋkəλa	n;dat
aŋkəλ	aŋkəλən	n;loc
aŋkλ	aŋkλəta	n;pl;dat
aŋkԑ	aŋkԑm	n;1sg
aŋśi	aŋśiti	v;ipfv.part
aŋən	aŋən	n
aśa	aśa	n
aśe	aŋkeλ-aśeλ	n;3sg;n;3sg
aśe	aŋkeλən-aśeλən	n;3sg;loc;n;3sg;loc
aśe	aśem	n;1sg
aśe	aśen	n;2sg
aśe	aśew	n;1pl
aśe	aśeλ	n;3sg
aśe	aśeλən	n;3sg;loc
aśi	aśi	n
aśi	aśijən	n;stem;loc
aśԑ	aŋkԑm-aśԑm	n;1sg;n;1sg
aśԑ	aŋkԑŋən-aśԑŋən	n;du;n;du
aśԑ	aśԑm	n;1sg
aλ	aλ	interj
aλ	aλ	prt
aλ	aλməs	v;punct;pst
aλ	aλti	v;ipfv.part
aλ	aλəs	v;pst
aλ	aλԑməs	v;punct;pst
aλ	aλԑməsi	v;punct;pst;pass
aλ	aλԑməsλe	v;punct;pst;3sg.so
aλm	aλme	v;imp.so
aλpa	aλpa	prt
aλt	aλt	prt
aλśə	aλśəsi	v;pst;pass
aλəm	aλəmsət	v;pst;3pl
aλəm	aλəmsəλλe	v;pst;3sg.so
aλəm	aλəmti	v;ipfv.part
aλəŋ	aλəŋ	adj
aλəŋ	aλəŋ	adv
aλəŋ	aλəŋ	n
aλəŋ	aλəŋa	n;dat
aλəŋ	aλəŋən	n;loc
aλəŋa	aλəŋaja	n;stem;dat
aλʼ	aλʼe	v;imp.so
aλʼ	aλʼmaλ	v;evid.pst;3sg
aλʼ	aλʼsət	v;pst;pl
aλʼ	aλʼsəλλe	v;pst;3sg.so
aλʼ	aλʼəm	v;pfv.part
aλʼ	aλʼəs	v;pst
aλʼ	aλʼλən	v;npst;2sg
balda	balda	n
balda	baldaja	n;stem;dat
balda	baldalԑŋki	n;dim
bibliuteka	bibliuteka	n
bʉran	bʉran	n
d	d	n
dʉb	dʉb	n
e	e	interj
e	e	n
esəλ	esəλλajət	v;npst;pass;stem;3pl
esλ	esλe	v;imp.so
ewe	ewen	n;2sg
ewe	ewet	n;pl
ewe	eweλ	n;3sg
ewi	ewi	n
ewi	ewije	n;dim
ewi	ewijem	n;dim;1sg
ewi	ewijeŋən	n;dim;du
ewi	ewijԑm	n;dim;1sg
ewi	ewileŋkeŋən	n;dim;du
ewi	ewileŋkeŋənən	n;dim;du;loc
ewi	puχ-ewi	n;n
ewt	ewte	v;imp.so
ewt	ewtəm	v;pfv.part
ewt	ewtəs	v;pst
ewəlt	ewəlt	post
ewəmλ	mosəλtijəs-ewəmλijəs	v;ipfv;pst;v;ipfv;pst
ewət	ewətsəλλe	v;pst;3sg.so
ewəλ	ewəλλen	v;npst;2sg.s:sg.o
ewəλt	ewəλt	post
ewəλt	ewəλteλa	post;3sg;dat
ewəλt	ewəλtԑma	post;1sg;dat
ewԑ	ewԑm	n;1sg
ewԑ	ewԑŋən	n;du
eλti	eλti	post
eχət	eχətmaλ	v;evid.pst;3sg
f	f	n
ginnes	ginnes	n
i	i	cardnum
i	i	coordconn
i	i	pro
i	i	prt
ike	iken	n;2sg
ike	iket	n;pl
ike	ikew	n;1pl
ike	ikeŋən	n;du
ike	ikeλ	n;3sg
ike	ikeλa	n;3sg;dat
ike	ikeλən	n;3sg;loc
iki	iki	n
iki	ikija	n;stem;dat
iki	ikije	n;dim
iki	ikijn	n;stem;loc
iki	ikijən	n;stem;loc
iki	ikileŋken	n;dim;2sg
iki	ikileŋki	n;dim
iki	ikileŋkija	n;dim;stem;dat
iki	ikileŋkiλan	n;dim;pl;2sg
iki	ikilԑ	n;dim
iki	ikilԑn	n;dim;2sg
iki	ikišiwi	n;augm
iki	ikiλam	n;pl;1sg
iki	ikiλaλ	n;pl;3pl
ikԑ	ikԑm	n;1sg
ikԑ	ikԑŋən	n;du
ikԑ	ikԑλ	n;3sg
ikԑ	imԑŋən-ikԑŋən	n;du;n;du
ime	imemn	n;1sg;loc
ime	imen	n;2sg
ime	imet	n;pl
ime	imew	n;1pl
ime	imeŋən	n;du
ime	imeλ	n;3sg
ime	imeλn	n;3sg;loc
ime	imeλən	n;3sg;loc
imi	imi	n
imi	imija	n;stem;dat
imi	imije	n;dim
imi	imijen	n;stem;2sg
imi	imijən	n;stem;loc
imi	imileŋken	n;dim;2sg
imi	imileŋkeλən	n;dim;3sg;loc
imi	imileŋki	n;dim
imi	imilԑ	n;dim
imi	imiλaλ	n;pl;3sg
imuλti	imuλti	pro
imuλtijn	imuλtijn	adv
imuλtijən	imuλtijən	adv
imuχti	imuχti	adv
imχəm	imχəmti	v;ipfv.part
imԑ	imԑm	n;1sg
imԑ	imԑλ	n;3sg
in	in	adv
in	in	pro
inmɵnti	inmɵnti	adv
intăm	intăm	adv
intəm	intəm	adv
inśəs	inśəsλ	v;npst
ipʉš	ipʉš	adv
irmat	irmatəs	v;pst
isa	isa	adv
it	it	cardnum
it	itew	cardnum;1pl
it	itəλ	cardnum;3sg
ita	ita	subordconn
iti	iti	adv
iti	iti	subordconn
iwuλap	iwuλap	adv
ińś	ińśməs	v;punct;pst
ińś	ińśməsi	v;punct;pst;pass
ińś	ińśməsλe	v;punct;pst;3sg.so
ińś	ińśməλλe	v;punct;npst;3sg.so
ińśəs	ińśəssəλλe	v;pst;3sg.so
ińśəs	ińśəssԑm	v;pst;1sg.s:sg.o
ińśəs	ińśəsti	v;ipfv.part
ińśəs	ińśəsəs	v;pst
ińśəs	ińśəsəλ	v;npst
ińśəs	ińśəsλa	v;npst;pass
ińśəs	ińśəsλajəm	v;npst;pass;stem;1sg
ińśəs	ińśəsλajən	v;npst;pass;stem;2sg
ińśəs	ińśəsλajət	v;npst;pass;stem;3pl
ińśəs	ińśəsλəm	v;npst;1sg
ińśəs	ińśəsλəλλe	v;npst;3sg.so
ińśəs	ińśəsλԑm	v;npst;1sg.s:sg.o
iś	iśməsi	v;punct;pst;pass
iśi	iśi	coordconn
iśi	iśi	pro
iśi	iśikԑm	pro;approx
iśi pʉλʼaŋ	iśi pʉλʼaŋ	adv
iśimurt	iśimurt	adv
iśiti	iśiti	prt
iśki	iśki	adj
iśki	iśki	n
iśki	iśkijən	n;stem;loc
iśmə	iśməs	v;pst
iśmə	iśməsλe	v;pst;3sg.so
iškaś	iškaśλ	v;npst
iškəś	iškəśa	v;imp
išńi	išńi	n
išək	išəksa	v;pst;pass
iλ	iλ	adj
iλ	iλ	preverb
iλ	iλn	n;loc
iλpi	iλpi	post
iλpi	iλpija	n;stem;dat
iλpi	iλpija	post;stem;dat
iλpi	iλpijn	post;stem;loc
iλpi	iλpijən	post;stem;loc
iλta	iλta	adv
iλλi	iλλi	adv
iχt	iχtijəλti	v;ipfv;ipfv.part
iχt	iχtəm	v;pfv.part
iχət	iχətman	v;conv
iχət	iχətsəm	v;pst;1sg
iχət	iχətsəλəw	v;pst;1pl.s:nsg.o
iχʉśjaŋ	iχʉśjaŋ	cardnum
ja	ja	prt
ja-a-a	ja-a-a	interj
ja-ta	ja-ta	prt
jaj	jajԑm	n;1sg
jaj	jajԑmn	n;1sg;loc
jak	jak	n
jak	jakti	v;ipfv.part
jak	jakəλ	v;npst
jak	jakλəw	v;npst;1pl
janas	janas	pro
jast	jasta	v;imp
jastə	jastəs	v;pst
jastə	jastəλ	v;npst
jasŋ	jasŋət	n;pl
jasŋ	jasŋəta	n;pl;dat
jasŋ	jasŋəλ	n;3sg
jasŋ	jasŋԑm	n;1sg
jasŋ	jasŋԑma	n;1sg;dat
jasəŋ	jasəŋ	n
jasəŋ	jasəŋa	n;dat
jasəŋ	jasəŋn	n;loc
jasəŋ	jasəŋət	n;pl
jasəŋ	jasəŋλan	n;pl;2sg
jańś	jańśe	v;imp.so
jańś	jańśmaλ	v;pfv.part;3sg
jańś	jańśsəw	v;pst;1pl
jańś	jańśəm	v;pfv.part
jańś	jańśəs	v;pst
jańś	jańśəsa	v;pst;pass
jańś	jańśəλ	v;npst
jańś	jańśλəm	v;npst;1sg
jańś	jańśλԑm	v;npst;1sg.s:sg.o
jańś	jańśԑməs	v;punct;pst
jańś	jańśԑməti	v;punct;ipfv.part
jańś	λԑs-jańśəs	v;pst;v;pst
jańś	λԑsŋən-jańśsaŋən	v;pst;3du;v;pst;3du
jańśi	jańśi	v
jańśi	λԑti-jańśi	v;ipfv.part;v
jańśtut	jańśtut	n
jańλ	λapətsəλλe-jańλsəλλe	v;pst;3sg.so;v;pst;3sg.so
jańλśə	jańλśəsi	v;pst;pass
jańλśə	λapətsa-jańλśəsi	v;pst;pass;v;pst;pass
jańλśə	λapətλajən-jańλśəλijən	v;npst;pass;stem;2sg;v;npst;pass;stem;2sg
jaŋ	jaŋ	cardnum
jaś	jaśmeλ	v;pfv.part;3pl
jaś	jaśti	v;ipfv.part
jaś	jaśtəλλe	v;caus;npst;3sg.so
jaś	λԑtən-jaśtən	v;ipfv.part;2/3du;v;ipfv.part;2/3du
jerniχowa	jerniχowa	n
jetn	jetn	adv
jetn	jetn	n
jetn	jetna	n;dat
jetšə	jetšəs	v;pst
jetšə	jetšəti	v;ipfv.part
jetən	jetən	adv
jetən	jetən	n
jeŋt	jeŋtəs	v;pst
jeśaλt	jeśaλt	post
jeśaλt	jeśaλteλ	post;3sg
jeśaλt	jeśaλteλa	post;3sg;dat
jeśaλt	jeśaλtԑm	post;1sg
ješa	ješa	adv
ješa wɵλ	ješa wɵλ	adv
ješaś	ješaśti	v
ješək	ješək	adj
jeλ	jeλ	adv
jeλ-juχi	jeλ-juχi	adv
jeλi	jeλi	adv
jeλi	jeλi	preverb
jeλi	jeλišək	preverb;cmpr
jeλpe	jeλpenən	post;2sg;loc
jeλpe	jeλpeλən	post;3sg;loc
jeλpi	jeλpijn	post;stem;loc
jeλpi	jeλpijən	post;stem;loc
jeλta	jeλta	adv
jeλən	jeλən	adv
jeλλi	jeλλi	adv
ji	ji	cardnum
ji	ji	coordconn
ji	jis	v;pst
ji	jismən	v;pst;1du
ji	jisŋən	v;pst;3du
ji	jisəm	v;pst;1sg
ji	jisən	v;pst;2sg
ji	jisət	v;pst;3pl
ji	jitaλ	v;ipfv.part;3sg
ji	jiten	v;ipfv.part;2sg
ji	jitewn	v;ipfv.part;1pl;loc
ji	jiti	v;ipfv.part
ji	jiλ	v;npst
ji	jiλəm	v;npst;1sg
ji	jiλət	v;npst;3pl
jina	jina	prt
jintə	jintəsλe	v;pst;3sg.so
jintəp	jintəp	n
jintəp	jintəpen	n;2sg
jintəp	jintəpəλ	n;3sg
jintəp	jintəpλan	n;pl;2sg
jintəp	jintəpλaλ	n;pl;3sg
jintəp	jintəpλaλa	n;pl;3sg;dat
jir	jir	n
jir	jira	n;dat
jir	jire	v;imp.so
jir	jiriλe	v;ipfv;imp.so
jir	jirman	v;conv
jir	jirsəλλe	v;pst;3sg.so
jir	jirti	v;ipfv.part
jir	jirəmsəλe	v;punct;pst;3sg.so
jir	jirən	post;loc
jir	jirəλəm	v;ipfv;pfv.part
jira	jira	preverb
jis	jis	adj
jis	jis	n
jis	jisen	n;2sg
jis	jisn	n;loc
jis	jisəŋ	n;attr
jit	jita	n;dat
jit	jitən	n;loc
jit	jitətn	n;pl;loc
jitəp	jitəp	adj
jiw	jiw	n
jiwewe	jiwewen	n;2sg
jiwewe	jiwewew	n;1pl
jiwewe	jiweweλ	n;3sg
jiwewe	jiweweλna	n;3sg;loc
jiwewi	jiwewi	n
jiwewi	jiwewija	n;stem;dat
jiwpuχ	jiwpuχ	n
jiwpuχ	jiwpuχa	n;dat
jiwpuχ	jiwpuχlԑŋki	n;dim
jiwpuχ	jiwpuχəλ	n;3sg
jiwpuχ	jiwpuχλam	n;pl;1sg
jiwpuχ	jiwpuχλaλ	n;pl;3sg
jiwpuχ	jiwpuχԑm	n;1sg
jiwλap-ăsλap	jiwλap-ăsλap	adj
jiŋk	jiŋk	n
jiŋk	jiŋka	n;dat
jiŋk	jiŋkən	n;loc
jiŋk	jiŋkət	n;pl
jiŋk	jiŋkəŋ	n;attr
jiŋk	mʉwa-jiŋka	n;dat;n;dat
jiŋki	jiŋki	adj
jiλp	jiλpa	adj;adv
jiλpi	jiλpi	adv
jiλəp	jiλəp	adj
jom woš	jom woša	n;dat
jont	jontman	v;conv
jont	jontsa	v;pst;pass
jont	jontsəλλe	v;pst;3sg.so
jont	jontλət	v;npst;3pl
jowəλ	jowəλməti	v;punct;ipfv.part
jowəλ	jowəλsew	v;pst;1pl.s:sg.o
jowəλ	jowəλsəλe	v;pst;3sg.so
još	još	n
još	joša	n;dat
još	jošana	n;2du;dat
još	jošen	n;2sg
još	jošn	n;loc
još	jošən	n;loc
još	jošəλ	n;3sg
još	jošəλa	n;3sg;dat
još	jošλaλ	n;pl;3sg
još	jošλən	n;3sg;loc
još	kʉrŋəλ-jošŋəλ	n;du.poss;n;du.poss
još	sa	=prtc
joχ	joχ	n
joχ	joχən	n;loc
joχ	joχəλ	n;3sg
joχ	joχλam	n;pl;1sg
joχ	joχλan	n;pl;2sg
joχ	joχλaλ	n;pl;3pl
joχ	joχλaλ	n;pl;3sg
joχ	joχλaλən	n;pl;3sg;loc
joχ	joχλəw	n;pl;1pl
joχ	joχλʉw	n;pl;1pl
joχart	joχartəp	n;attr
joχəm	joχəm	n
joχəm	joχəma	n;dat
joχəm	joχəmən	n;loc
junt	junta	v;imp
junt	juntsəmn	v;pst;1du
junt	juntsət	v;pst;3pl
junt	juntti	v;ipfv.part
junt	juntəmtəs	v;punct;pst
junt	juntəλ	v;npst
junt	juntλəm	v;npst;1sg
junt	juntλət	v;npst;3pl
junt	juntλʉw	v;npst;1pl
juntut	juntutije	n;dim
jurn	jurnət	n;pl
jurən	jurən	n
jurԑm	jurԑməsti	v;pst;2pl
juwan	juwan	n
juwra	juwra	adj
juwər	juwərməsijət	v;punct;pst;pass;stem;3pl
juwər	juwərməti	v;punct;ipfv.part
juwər	juwərməλλe	v;punct;npst;3sg.so
juwərt	juwərtsa	v;pst;pass
juwərt	juwərtsəλλe	v;pst;3sg.so
juwərt	juwərtəmət	v;pfv.part;pl
juλ	juλn	n;loc
juλn	juλn	adv
juλta	juλta	adv
juλən	juλən	adv
juχan	juχan	n
juχan	juχana	n;dat
juχan	juχanəŋ	n;attr
juχi	juχi	adv
juχt	juχta	v;imp
juχt	juχtantλ	v;detr;npst
juχt	juχtati	v;imp.pl
juχt	juχtijəλsəm	v;ipfv;pst;1sg
juχt	juχtijəλtən	v;ipfv;ipfv.part;2/3du
juχt	juχtijəλλaŋən	v;ipfv;npst;3du
juχt	juχtiλəs	v;ipfv;pst
juχt	juχtəm	v;pfv.part
juχt	juχtəmtəs	v;punct;pst
juχt	juχtəs	v;pst
juχət	juχətmaλ	v;evid.pst;3sg
juχət	juχətmaλ	v;pfv.part;3sg
juχət	juχətmaλən	v;pfv.part;3sg;loc
juχət	juχətmewn	v;pfv.part;1pl;loc
juχət	juχətmeλ	v;evid.pst;3pl
juχət	juχətmeλ	v;pfv.part;3pl
juχət	juχətmənən	v;pfv.part;2/3du;loc
juχət	juχətmԑmn	v;pfv.part;1sg;loc
juχət	juχətsajəm	v;pst;pass;stem;1sg
juχət	juχətsaŋən	v;pst;3du
juχət	juχətsəm	v;pst;1sg
juχət	juχətsəmn	v;pst;1du
juχət	juχətsəmən	v;pst;1du
juχət	juχətsən	v;pst;2sg
juχət	juχətsət	v;pst;3pl
juχət	juχətsəw	v;pst;1pl
juχət	juχətsəŋən	v;pst;3du
juχət	juχətsəλλe	v;pst;3sg.so
juχət	juχəttaλ	v;ipfv.part;3sg
juχət	juχəttaλən	v;ipfv.part;3sg;loc
juχət	juχətten	v;ipfv.part;2sg
juχət	juχətti	v;ipfv.part
juχət	juχəttԑm	v;ipfv.part;1sg
juχət	juχəttԑmən	v;ipfv.part;1sg;loc
juχət	juχətəλ	v;npst
juχət	juχətλ	v;npst
juχət	juχətλajti	v;npst;pass;stem;ipfv.part
juχət	juχətλaŋən	v;npst;3du
juχət	juχətλəmən	v;npst;1du
juχət	juχətλət	v;npst;3pl
juχət	juχətλəŋən	v;npst;3du
juχλi	juχλi	adv
jăkan	jăkan	n
jăm	jăm	adj
jăm	jăma	adj;adv
jămaś	jămaśsaŋən	v;pst;3du
jămaś	jămaśsəmn	v;pst;1du
jămn	jămn	adv
jămsijewa	jămsijewa	adv
jămən	jămən	adv
jăməs	jăməs	adv
jăna	jăna	interj
jăpali	jăpali	n
jărtjaŋmit	jărtjaŋmit	ordnum
jăŋχ	jăŋχa	v;imp
jăŋχ	jăŋχa-sa	v;imp;=prtc
jăŋχ	jăŋχa-săr	v;imp;=prtc
jăŋχ	jăŋχijəλsaŋən	v;ipfv;pst;3du
jăŋχ	jăŋχijəλλaŋən	v;ipfv;npst;3du
jăŋχ	jăŋχijλsəm	v;ipfv;pst;1sg
jăŋχ	jăŋχmatsət	v;inch;pst;3pl
jăŋχ	jăŋχmaλ	v;evid.pst;3sg
jăŋχ	jăŋχsəm	v;pst;1sg
jăŋχ	jăŋχsəti	v;pst;2pl
jăŋχ	jăŋχsəw	v;pst;1pl
jăŋχ	jăŋχsəŋən	v;pst;3du
jăŋχ	jăŋχti	v;ipfv.part
jăŋχ	jăŋχəm	v;pfv.part
jăŋχ	jăŋχəs	v;pst
jăŋχ	jăŋχəs-jăŋχəs	v;pst;v;pst
jăŋχ	jăŋχəλ	v;npst
jăŋχ	jăŋχλəm	v;npst;1sg
jăŋχ	jăŋχλəmən	v;npst;1du
jăŋχ	jăŋχλən	v;npst;2sg
jăŋχ	jăŋχλət	v;npst;3pl
jăŋχ	jăŋχλəw	v;npst;1pl
jăŋχ	jăŋχλəŋən	v;npst;3du
jăχ	jăχtaλən	v;ipfv.part;3sg;loc
jăχ	jăχti	v;ipfv.part
jăχ	jăχλəm	v;npst;1sg
jăχa	jăχa	adv
jɵr	jɵr	n
jɵr	jɵren	n;2sg
jɵr	jɵrn	n;loc
jɵr	jɵrən	n;loc
jɵr	jɵrən-jɵrən	n;loc;n;loc
jɵr	jɵrԑm	n;1sg
jɵr	jɵrԑmsa	n;1sg;=prtc
jɵri-kăpəri	jɵri-kăpəri	adj
jɵrəm	jɵrəm	n
jɵš	jɵš	n
jɵš	jɵša	n;dat
jɵš	jɵšən	n;loc
jɵš	jɵšəλ	n;3sg
jɵχət	jɵχət	adv
jɵχəλ	jɵχəλ	n
jɵχəλ	jɵχəλən	n;loc
jɵχλ	jɵχλəλ	n;3sg
jɵχλ	jɵχλԑm	n;1sg
jɵχλ	ńoλəŋ-jɵχλəŋ	n;attr;n;attr
jʉkan	jʉkan	adj
jʉkan	jʉkana	post;dat
jʉkan	jʉkanaλa	post;3sg;dat
jʉkan	jʉkaneλa	post;3pl;dat
jʉkant	jʉkantλew	v;npst;1pl.s:sg.o
jʉpe	jʉpenən	post;2sg;loc
jʉpe	jʉpeλən	post;3sg;loc
jʉpi	jʉpijn	post;stem;loc
jʉpi	jʉpijən	post;stem;loc
jʉpԑ	jʉpԑmən	post;1sg;loc
jʉw	jʉwa	v;imp
jʉw	jʉwman	v;pfv.part;2/3.du
jʉw	jʉwmaλ	v;evid.pst;3sg
jʉw	jʉwmeλ	v;evid.pst;3pl
jʉw	jʉwmԑm	v;pfv.part;1sg
jʉw	jʉwmԑmn	v;pfv.part;1du
jʉw	jʉwəm	v;pfv.part
jʉw	jʉwəmən	v;pfv.part;loc
jʉw	jʉwəntλən	v;detr;npst;2sg
jʉw	jʉwԑməs	v;punct;pst
jʉwt	jʉwtəs	v;pst
jʉwənt	jʉwəntəλ	v;npst
jʉwət	jʉwətsa	v;pst;pass
jʉwət	jʉwətsəλλe	v;pst;3sg.so
jʉwət	jʉwətəλ	v;npst
jʉwət	jʉwətλew	v;npst;1pl.s:sg.o
jʉwət	jʉwətλəλe	v;npst;3sg.so
jʉwət	jʉwətλəλλe	v;ipfv;npst;3sg.so
jʉwət	jʉwətλԑm	v;npst;1sg.s:sg.o
jʉχ	jʉχ	n
jʉχ	jʉχa	n;dat
jʉχ	jʉχeλ	n;3pl
jʉχ	jʉχən	n;loc
jʉχ	jʉχət	n;pl
jʉχ	jʉχəλ	n;3sg
jʉχ	jʉχλi	n;car
jʉχ	pʉt-jʉχ	n;n
jʉχ	pʉt-jʉχa	n;n;dat
jʉχ	pʉt-jʉχət	n;n;pl
jԑm	jԑm	adj
jԑrmat	jԑrmat	adj
jԑrnas	jԑrnas	n
jԑrnas	jԑrnasa	n;dat
jԑrt	jԑrt	n
jԑrt	jԑrtən	n;loc
jԑrt	jԑrtəs	v;pst
jԑrəm	jԑrəmsaŋən	v;pst;3du
jԑrəm	jԑrəmλen	v;npst;2sg.s:sg.o
jԑrəm	jԑrəmλəti	v;npst;2pl
jԑŋk	jԑŋk	n
jԑŋk	jԑŋka	n;dat
jԑŋk	jԑŋken	n;2sg
jԑŋk	jԑŋkəŋ	n;attr
jԑŋta	jԑŋtajən	post;stem;loc
jԑŋtaja	jԑŋtaja	adv
jԑša	jԑša	adv
jԑšawɵλ	jԑšawɵλ	adv
kaksina	kaksina	n
kamn	kamn	adv
kamən	kamən	adv
kaməλta	kaməλta	v
kar	kar	n
kar	kara	n;dat
karaλə	karaλəsəm	v;pst;1sg
kari	karijλ	v;stem;npst
kart	kart	n
karte	karteŋ	n;attr
karti	karti	n
karԑmə	karԑməλλe	v;npst;3sg.so
kasm	kasmew	n;1pl
kasm	kasmewn	n;1pl;loc
kasəm	kasəm	n
kasəm	kasəma	n;dat
kasəm	kasəmn	n;loc
katli	katli	adj
katra	katra	adj
katra	katra	adv
katəλ	katəλsa	v;pst;pass
katəλ	katəλsajŋən	v;pst;pass;stem;3du
katəλ	katəλsajət	v;pst;pass;stem;3pl
katəλ	katəλsaŋən	v;pst;3du
katəλ	katəλsət	v;pst;3pl
katəλ	katəλsəw	v;pst;1pl
katəλ	katəλsəλλe	v;pst;3sg.so
katəλ	katəλti	v;ipfv.part
katəλ	katəλλən	v;npst;2sg
katəλ	katəλλət	v;npst;3pl
katəλ	katəλλəλλe	v;npst;3sg.so
katəλ	katəλλԑm	v;npst;1sg.s:sg.o
katʼa	katʼajen	n;stem;2sg
katʼa	katʼajew	n;stem;1pl
katʼer	katʼer	n
katλ	katλ	v
katλ	katλaλən	v;imp.pl.so
katλ	katλe	v;imp.so
katλ	katλəmsa	v;punct;pst;pass
katλ	katλəmti	v;punct;ipfv.part
katλ	katλəmtəs	v;punct;pst
katλ	katλəs	v;pst
kawrəm	kawrəm	adj
kawər	kawərti	v;ipfv.part
kawərt	kawərtsəw	v;pst;1pl
kawərt	kawərtəm	v;pfv.part
kawərt	kawərtəs	v;pst
kazymskoj	kazymskoj	adj
kaśət	kaśətsa	v;pst;pass
kaš	kaš	adj
kaš	kaš	n
kaš	kaša	post;dat
kaš	kašəλ	n;3sg
kaš	kašλ	n;3sg
kaš	kašλi	n;car
kašaś	kašaśa	v;imp
kašaś	kašaśsəm	v;pst;1sg
kašaś	kašaśəs	v;pst
kašaś	kašaśλəm	v;npst;1sg
kašaś	kašaśλən	v;npst;2sg
kašəŋ	kašəŋ	quant
kaλtəŋ	kaλtəŋa	n;dat
kaλtəŋ	kaλtəŋəλa	n;3sg;dat
keri	kerijəs	v;stem;pst
kew	kew	n
kew	kewa	n;dat
kew	kewšʉk	n;dim
kew	kewšʉkλam	n;dim;pl;1sg
kew	kewšʉkλaλ	n;dim;pl;3sg
kew	kewən	n;loc
keše	kešeŋ	n;attr
keši	keši	n
keši	kešijən	n;stem;loc
keλ	keλ	n
keλ	keλa	n;dat
keλ	keλəλ	n;3sg
keλ	keλəλa	n;3sg;dat
ki	ki	subordconn
kim	kim	preverb
kimit	kimit	ordnum
kimpi	kimpija	post;stem;dat
kimət	kimət	ordnum
kiməλ	kiməλ	n
kiməλ	kiməλa	post;dat
kiməλ	kiməλn	post;loc
kimλ	kimλəλ	n;3sg
kimλi	kimλi	adv
kinśa	kinśa	post
kinśi	kinśi	post
kinška	kinškaja	n;stem;dat
kir	kirλ	v;npst
kir	kirλajəm	v;npst;pass;stem;1sg
kir	kirλət	v;npst;3pl
kirməś	kirməś	n
kit	kitsa	v;pst;pass
kit	kitsajəm	v;pst;pass;stem;1sg
kit	kitsew	v;pst;1pl.s:sg.o
kit	kitsət	v;pst;3pl
kit	kitsəλe	v;pst;3sg.so
kit	kitəm	v;pfv.part
kit	kitλ	v;npst
kit	kitλew	v;npst;1pl.s:sg.o
kit	kitλəλλe	v;npst;3sg.so
kit	kitλԑm	v;npst;1sg.s:sg.o
kitəntak	kitəntak	cardnum
kińśa	kińśa	post
kińśԑ	kińśԑm	post;1sg
kišik	kišik	n
kiλ	kiλa	v;imp
kiλ	kiλsaŋən	v;pst;3du
kiλ	kiλsəw	v;pst;1pl
kiλ	kiλəs	v;pst
kiλametra	kiλametra	n
klass	klassa	n;dat
klass	klassn	n;loc
kun	kunλaλ	n;pl;3sg
kămn	kămn	adv
kănaś	kănaś	n
kănaś	kănaśən	n;loc
kăntaś	kăntaśiλəs	v;ipfv;pst
kăntaś	kăntaśəs	v;pst
kăntima	kăntimasa	v;pst;pass
kăntši	kăntši	v
kănš	kănša	v;imp
kănš	kănše	v;imp.so
kănš	kănšijəλλəm	v;ipfv;npst;1sg
kănš	kănšman	v;conv
kănš	kănšsət	v;pst;3pl
kănš	kănšsəλλe	v;pst;3sg.so
kănš	kănštaλ	v;ipfv.part;3sg
kănš	kănšti	v;ipfv.part
kănš	kănšəλ	v;npst
kănš	kănšλən	v;npst;2sg
kănš	kănšԑməsi	v;punct;pst;pass
kănši	kănši	v
kăr	kăr	n
kări	kări	n
kărś	kărśa	adj;adv
kărś	kărśa	adj;dat
kărət	kărətman	v;conv
kărət	kărətsa	v;pst;pass
kărəś	kărəś	adj
kăs	kăsəpsetən	v;nmn;pl;loc
kăs	kăsλəmən	v;npst;1du
kăt	i-kăt	cardnum;cardnum
kăt	ji-kăt	cardnum;cardnum
kăt	kăt	cardnum
kăt χʉś jaŋ	kăt χʉś jaŋ	cardnum
kătkəš	kătkəša	adj;dat
kătna	kătna	adv
kătʼe	kătʼen	n;2sg
kătʼi	kătʼi	n
kăńikula	kăńikula	n
kăš	kăšman	v;conv
kăš	kăšλəm	v;npst;1sg
kăš	kăšλəmən	v;npst;1du
kăš	kăšλəw	v;npst;1pl
kăšaŋ	kăšaŋa	adj;dat
kăše	kăšeλ	n;3sg
kăši	kăši	n
kăši	kăšija	n;stem;dat
kăλ	kăλ	v
kăλ	kăλsaŋən	v;pst;3du
kăλ	kăλti	v;ipfv.part
kăλ	kăλəs	v;pst
kăλ	kăλλi	v;car
kăλi	kăλi	n
kɵjŋ	kɵjŋəλ	n;3sg
kɵr	kɵr	n
kɵr	kɵra	n;dat
kɵr	kɵrew	n;1pl
kɵr	kɵrλ	n;3sg
kɵraptə	kɵraptəman	v;conv
kɵrt	kɵrt	n
kɵrt	kɵrta	n;dat
kɵrt	kɵrten	n;2sg
kɵrt	kɵrtena	n;2sg;dat
kɵrt	kɵrtenən	n;2sg;loc
kɵrt	kɵrtew	n;1pl
kɵrt	kɵrtewa	n;1pl;dat
kɵrt	kɵrteλa	n;3pl;dat
kɵrt	kɵrti	n;adj
kɵrt	kɵrtən	n;loc
kɵrt	kɵrtəŋ	n;attr
kɵrt	kɵrtəλ	n;3sg
kɵrt	kɵrtəλa	n;3sg;dat
kɵrt	kɵrtəλən	n;3sg;loc
kɵrt	kɵrtλa	n;3sg;dat
kɵrt	kɵrtԑm	n;1sg
kɵrt	kɵrtԑma	n;1sg;dat
kɵs	jɵreλ-kɵseλ	n;3pl;n;3pl
kɵs	kɵsən	n;2/3du
kɵs	kɵsəŋa	n;attr;dat
kɵs	kɵsəλ	n;3sg
kɵt	kɵt	n
kɵt	kɵtn	n;loc
kɵńar	kɵńar	adj
kɵśa	kɵśa	n
kɵśa	kɵśaja	n;stem;dat
kɵśa	kɵśajen	n;stem;2sg
kɵśa	kɵśajenən	n;stem;2sg;loc
kɵśa	kɵśajəλ	n;stem;3sg
kɵśa	kɵśajλən	n;stem;pl;loc
kɵśa	kɵśajԑm	n;stem;1sg
kɵśa	kɵśajԑmn	n;stem;1sg;loc
kʉkər	kʉkər	n
kʉləp	kʉləp	n
kʉnš	kʉnšti	v;ipfv.part
kʉnš	kʉnštԑm	v;ipfv.part;1sg
kʉnš	kʉnšət	n;pl
kʉnš	kʉnšԑmaλi	v;punct;npst;pass
kʉnš	kʉnšԑmijəλ	v;punct;ipfv;stem;npst
kʉnš	kʉnšԑməs	v;punct;pst
kʉnš	kʉnšԑməsi	v;punct;pst;pass
kʉnš	kʉnšԑməsλe	v;punct;pst;3sg.so
kʉnš	kʉnšԑməλλe	v;punct;npst;3sg.so
kʉnšpaŋ	kʉnšpaŋԑm	n;1sg
kʉnšpaŋ jʉχ	kʉnšpaŋ jʉχ	n
kʉnšpaŋ jʉχ	kʉnšpaŋ jʉχԑm	n;1sg
kʉr	još-kʉr	n;n
kʉr	jošŋəλ-kʉrŋəλ	n;du.poss;n;du.poss
kʉr	jošλaλ-kʉrλaλ	n;pl;3pl;n;pl;3pl
kʉr	kʉr	n
kʉr	kʉren	n;2sg
kʉr	kʉrijeλam	n;dim;pl;1sg
kʉr	kʉrn	n;loc
kʉr	kʉrŋəna	n;du;dat
kʉr	kʉrŋəλ	n;du.poss
kʉr	kʉrŋəλam	n;du.poss;1sg
kʉr	kʉrŋəλanən	n;du.poss;2sg;loc
kʉr	kʉrŋəλən	n;du.poss;loc
kʉr	kʉrən	n;loc
kʉr	kʉrəp	n;attr
kʉr	kʉrəŋ	n;attr
kʉr	kʉrəλ	n;3sg
kʉr	kʉrλam	n;pl;1sg
kʉr	kʉrλaλ	n;pl;3sg
kʉrek	kʉrek	n
kʉrək	kʉrək	n
kʉrəm	kʉrəm	n
kʉrəm	kʉrəmn	n;loc
kʉrəm	kʉrəmən	n;loc
kʉrət	kʉrətsa	v;pst;pass
kʉsi	kʉsi	n
kʉt	kʉt	n
kʉt	kʉta	post;dat
kʉt	kʉteλn	post;3pl;loc
kʉt	kʉteλən	post;3pl;loc
kʉt	kʉtn	post;loc
kʉt	kʉtən	n;2/3du
kʉt	kʉtən	post;loc
kʉt	kʉtənən	post;2/3du;loc
kʉt	kʉtəŋa	n;attr;adv
kʉt	kʉtλəpən	n;3sg;attr;loc
kʉt	kʉtԑm	n;1sg
kʉt	kʉtԑmənən	post;1du;loc
kʉtp	kʉtpəλa	post;3sg;dat
kʉtre	kʉtret	n;pl
kʉtəp	kʉtəp	n
kʉtəp	kʉtəpa	n;dat
kʉtəp	kʉtəpa	post;dat
kʉtəp	kʉtəpən	post;loc
kʉtərt	kʉtərtaλən	v;imp.pl.so
kʉtʼśə	kʉtʼśəsi	v;pst;pass
kʉśar	kʉśar	n
kʉśar	kʉśaren	n;2sg
kʉśar	kʉśarleŋki	n;dim
kʉśar	kʉśarleŋkԑm	n;dim;1sg
kʉśar	kʉśarlԑ	n;dim
kʉš	kʉš	n
kʉš	kʉš	prt
kʉštəλ	kʉštəλ	n
kʉšəm	kʉšəm	n
kʉλ	kʉλ	adj
kʉλ	kʉλa	adj;adv
kʉλʼ	kʉλʼ	n
kʉλʼ	kʉλʼa	n;dat
kʉλʼ	kʉλʼət	n;pl
kʉλʼ	kʉλʼλԑŋki	n;dim
kԑm	kԑm	n
kԑm	kԑm	post
kԑm	kԑma	n;dat
kԑm	kԑmn	post;loc
kԑm	kԑmԑm	n;1sg
kԑn	kԑn	adj
kԑpa	kԑpa	prt
kԑpi	kԑpi	prt
kԑpəλ	kԑpəλλaλ	n;pl;3sg
kԑpλ	kԑpλijeλaλ	n;dim;pl;3sg
kԑr	kԑr	n
kԑri	kԑrijs	v;stem;pst
kԑri	kԑrijəs	v;stem;pst
kԑrt	kԑrtəm	v;pfv.part
kԑrət	kԑrətəλ	v;npst
kԑrət	kԑrətλətaλ	v;ipfv;ipfv.part;3sg
kԑrλ	kԑrλa	v;imp
kԑrλə	kԑrλəs	v;pst
kԑrλə	kԑrλəsət	v;pst;3pl
kԑš	kԑša	post;dat
kԑš	kԑšeλa	post;3sg;dat
lajm	lajməŋ	n;attr
lajəm	lajəmn	n;loc
lakk	lakka	post;dat
laknԑmə	laknԑməs	v;pst
lampa	lampajew	n;stem;1pl
lapət	lapət	n
latnu	latnu	interj
law	lawԑməsλe	v;punct;pst;3sg.so
laŋk	laŋkəm	v;pfv.part
leŋkər	leŋkər	n
likəm	likəmsʉw	v;pst;1pl
lipaś	lipaśa	adj;dat
lipsi	lipsiλən	v;npst;2sg
lipt	liptijet	n;dim;pl
lipt	liptət	n;pl
lipət	lipət	n
lipət	lipətλaλ	n;pl;3sg
lot	lotn	n;loc
lot	lotԑma	n;1sg;dat
lozʼamow	lozʼamow	n
loŋχ	loŋχԑməm	v;punct;pfv.part
loŋχ	loŋχԑməs	v;punct;pst
lup	lupa	v;imp
lup	lupaλən	v;imp.pl.so
lup	lupijəλ	v;ipfv;npst
lup	lupijλ	v;ipfv;npst
lup	lupmaλ	v;pfv.part;3sg
lup	lupsa	v;pst;pass
lup	lupsən	v;pst;2sg
lup	luptaλ	v;evid.prs;3sg
lup	luptaλ	v;ipfv.part;3sg
lup	lupti	v;ipfv.part
lup	lupəm	v;pfv.part
lup	lupəs	v;pst
lup	lupəλ	v;npst
lup	lupλ	v;npst
lup	lupλaŋən	v;npst;3du
lup	lupλəm	v;npst;1sg
lup	lupλən	v;npst;2sg
lup	lupλət	v;npst;3pl
lutəŋ	lutəŋ	adj
lăp	lăp	preverb
lăp	lăpəŋ	n;attr
lăpte	lăpteλ	n;3sg
lʉk	lʉk	n
lʉk	lʉken	n;2sg
lʉk	lʉkleŋken	n;dim;2sg
lʉk	lʉkət	n;pl
lʉk	lʉkəλ	n;3sg
lʉkԑmə	lʉkԑməsλe	v;pst;3sg.so
lԑpk	lԑpkət	n;pl
lԑpək	lԑpək	n
m	m	n
ma	ma	pro
makla	makla	n
makla	maklalԑt	n;dim;pl
maksimuvitš	maksimuvitš	n
master	master	n
maw	mawəŋ	n;attr
mes	mesən	n;loc
mewəλ	mewəλən	n;loc
mewλ	mewλen	n;2sg
mewλ	mewλəλ	n;3sg
mewλ	mewλəλa	n;3sg;dat
mewλ	mewλəλən	n;3sg;loc
meń	meń	n
meń	meńəλ	n;3sg
meń	meńəλa	n;3sg;dat
meń	meńəλən	n;3sg;loc
mij	mija	v;imp
mij	mije	v;imp.so
mij	mijəm	v;pfv.part
mij	mijλe	v;ipfv;imp.so
mil	mil	n
mil	miln	n;loc
mil	miləλ	n;3sg
milliun	milliun	cardnum
min	min	pro
min	minətti	pro;acc;acc
min	minԑməna	pro;;dat
mir	mir	n
mir	miren	n;2sg
mir	mirew	n;1pl
mir	mirən	n;loc
mir	mirəλ	n;3sg
mirχot	mirχota	n;dat
mis	mis	n
mis	misəŋ	n;attr
mis	misλaλ	n;pl;3sg
mit	mit	n
mitaλə	mitaλəs	v;pst
mitjoχ	mitjoχ	n
mitjoχ	mitjoχət	n;pl
mitjoχ	mitjoχλaλ	n;pl;3sg
mitjoχ	mitjoχλaλən	n;pl;3sg;loc
mitra	mitrajəŋ	n;stem;attr
mitwuχ	mitwuχ	n
mitχɵ	mitχɵ	n
mitχɵ	mitχɵja	n;stem;dat
mitχɵ	mitχɵjəλ	n;stem;3sg
mitχɵ	mitχɵjλ	n;stem;3sg
mitχɵ	mitχɵjλa	n;stem;3sg;dat
mitχɵ	mitχɵjԑm	n;dim;1sg
miša	mišajen	n;stem;2sg
miša	mišajenən	n;stem;2sg;loc
moj	moj	n
moj	moja	n;dat
moj	mojəŋ	n;attr
moj	mojəŋa	n;attr;dat
mojpər	mojpər	n
mojpər	mojpərən	n;loc
mojλə	mojλəsi	v;pst;pass
mojλə	mojλəsijmən	v;pst;pass;stem;1du
mojλə	mojλəsijəm	v;pst;pass;stem;1sg
mojλə	mojλəsət	v;pst;3pl
mojλə	mojλəsλe	v;pst;3sg.so
mojλə	mojλəti	v;ipfv.part
mojλə	mojλəλijəm	v;npst;pass;stem;1sg
mojλə	mojλəλԑm	v;npst;1sg.s:sg.o
moldanow	moldanow	n
molśi	molśi	n
molśԑ	molśԑm	n;1sg
morti	morti	adj
mos	mosman	v;conv
mos	mosti	v;ipfv.part
mos	mosəs	v;pst
mos	mosəλ	v;npst
mos	mosλ	v;npst
mos	mosλəm	v;npst;1sg
mosəŋ	mosəŋ	prt
mosəλtiλ	mosəλtiλəs	v;pst
mońś	mońś	n
mońś	mońśa	v;imp
mońś	mońśem	n;1sg
mońś	mońśen	n;2sg
mońśi	mońśi	v
moś	moś	n
moś	mośλəm	v;npst;1sg
mośi	mośi	v
muj	muj	coordconn
muj	muj	pro
muj	mujen	pro;2sg
muj	mujeλ	pro;3pl
muj	mujn	pro;loc
muj	mujλan	pro;pl;2sg
muj	mujλaλn	pro;pl;3sg;loc
muja	muja	adv
mujkԑm	mujkԑm	adv
mujsər	mujsər	pro
muntəλ	muntəλməs	v;punct;pst
muntəλ	muntəλməsŋən	v;punct;pst;3du
mur	mur	adj
murt	murt	adj
murt	murt	adv
murt	murt	post
murta	murta	adv
murta	mutra	adv
mutur	mutur	n
mutšə	mutšəsi	v;pst;pass
mutšə	mutšəsλe	v;pst;3sg.so
muλ	ԑŋrən-muλən	n;2pl;n;2pl
muλsər	muλsər	pro
muλt	muλt	pro
muλtarat	muλtarat	adv
muλtas	muλtas	n
muλti	muλti	pro
muλti	muλtija	pro;=prtc
muλχa	muλχa	adv
muλχătəλ	muλχătəλ	adv
muχte	muχtewa	post;1pl;dat
muχti	muχti	adv
muχti	muχti	post
muχəλ	muχəλ	adv
muχəλ	muχəλman	v;conv
muχəλ	muχəλsəλλe	v;pst;3sg.so
muχəλa	muχəλaja	post;stem;dat
muχəλaja	muχəλaja	adv
muχəλt	muχəλta	post;dat
muχəλt	muχəλteλa	post;3sg;dat
muχԑmij	năχԑmijəλ-muχԑmijəλ	v;npst;v;npst
mă	măs	v;pst
mă	măsi	v;pst;pass
mă	măsλe	v;pst;3sg.so
mă	măλ	v;npst
mă	măλen	v;npst;2sg.s:sg.o
mă	măλew	v;npst;1pl.s:sg.o
mă	măλi	v;npst;pass
mă	măλəm	v;npst;1sg
mă	măλʉw	v;npst;1pl
mă	măλλe	v;npst;3sg.so
mă	măλԑm	v;npst;1sg.s:sg.o
măn	măna	v;imp
măn	mănasa	v;imp;=prtc
măn	mănatən	v;imp.du
măn	mănijəλλət	v;ipfv;npst;3pl
măn	mănmaλ	v;evid.pst;3sg
măn	mănmen	v;pfv.part;2sg
măn	mănmən	v;pfv.part;loc
măn	măns	v;pst
măn	mănsaŋən	v;pst;3du
măn	mănsaŋən-mănsaŋən	v;pst;3du;v;pst;3du
măn	mănsəm	v;pst;1sg
măn	mănsəmn	v;pst;1du
măn	mănsət	v;pst;3pl
măn	mănsət-mănsət	v;pst;3pl;v;pst;3pl
măn	mănsəw	v;pst;1pl
măn	mănsəŋən	v;pst;3du
măn	măntaλ	v;ipfv.part;3sg
măn	măntaλn	v;ipfv.part;3sg;loc
măn	măntew	v;ipfv.part;1pl
măn	mănti	pro;acc
măn	mănti	v;ipfv.part
măn	măntԑm	v;ipfv.part;1sg
măn	măntԑmən	v;ipfv.part;1sg;loc
măn	mănəm	v;pfv.part
măn	mănəs	v;pst
măn	mănəs-mănəs	v;pst;v;pst
măn	mănət	pro;acc
măn	mănətti	pro;acc;acc
măn	mănəλ	v;npst
măn	mănλ	v;npst
măn	mănλew	v;npst;1pl.s:sg.o
măn	mănλəm	v;npst;1sg
măn	mănλəmən	v;npst;1du
măn	mănλən	v;npst;2sg
măn	mănλən-mănλən	v;npst;2sg;v;npst;2sg
măn	mănλət	v;npst;3pl
măn	mănλəti	v;npst;2pl
măn	mănλəw	v;npst;1pl
măn	mănλʉw	v;npst;1pl
măn	mănԑm	pro;1sg
măn	mănԑma	pro;1sg;dat
măn	mănԑməs	v;punct;pst
mănš	mănšəmsԑmn	v;punct;pst;1du
mănš	mănšəsi	v;pst;pass
mănš	mănšəsλe	v;pst;3sg.so
mănšə	mănšətaλ	v;ipfv.part;3sg
măr	măr	n
măr	măr	post
măr	măra	post;dat
măr	mărewn	post;1pl;loc
măr	mărən	post;loc
măr	mărənən	n;2/3du;loc
măr	mărəŋ	n;attr
măr	mărəλən	post;3sg;loc
măr	mărԑmən	post;1sg;loc
mărat	măratəmən	v;pfv.part;loc
mărat	măratəs	v;pst
mărt	mărtəs	v;pst
mărš	măršəp	n;attr
mărək	mărək	n
mărəŋ	mărəŋ	adj
mărԑm	mărԑmijλ	v;ipfv;npst
mărԑmə	mărԑməλijŋən	v;ipfv;stem;3du
măta	măta	pro
măta	mătajət	pro;stem;pl
mătta	mătta	pro
mătte	mătte	subordconn
mătti	mătti	prt
măttirn	măttirn	prt
măttirən	măttirən	prt
măšina	măšina	n
mɵnti	mɵnti	adv
mɵrə	mɵrəmaλ	v;pfv.part;3sg
mɵrԑmə	mɵrԑməλ	v;npst
mɵstə	mɵstəm	v;pfv.part
mɵŋχs	mɵŋχsəλ	v;npst
mʉw	mʉw	n
mʉw	mʉwa	n;dat
mʉw	mʉwemən	n;1sg;loc
mʉw	mʉwen	n;2sg
mʉw	mʉwewn	n;1pl;loc
mʉw	mʉwi	n;adj
mʉw	mʉwən	n;loc
mʉw	mʉwət	n;pl
mʉw	mʉwəŋ	n;attr
mʉw	mʉwəλ	n;3sg
mʉw	mʉwəλa	n;3sg;dat
mʉw	mʉwλi	n;car
mʉw	mʉwԑm	n;1sg
mʉw	mʉwԑma	n;1sg;dat
mʉw	mʉwԑmən	n;1sg;loc
mʉzej	mʉzej	n
mʉzej	mʉzejew	n;1pl
mʉzej	mʉzejn	n;loc
mʉŋ	mʉŋ	pro
mʉŋ	mʉŋew	pro;1pl
mʉŋ	mʉŋət	pro;acc
mʉŋ	mʉŋətti	pro;acc;acc
mʉλ	mʉλsa	v;pst;pass
mʉλ	mʉλəŋa	n;attr;dat
mԑlək	mԑlək	adj
mԑnm	mԑnmantəs	v;detr;pst
mԑnԑmə	mԑnԑməsi	v;pst;pass
mԑnԑmə	mԑnԑməsλe	v;pst;3sg.so
mԑt	mԑt	prt
mԑt	mԑtsən	v;pst;2sg
mԑta	mԑta	prt
mԑtra	mԑtra	n
mԑtš	mԑtšaλi	v;imp.sg.s:nsg.o
mԑtšə	mԑtšəsi	v;pst;pass
mԑtšə	mԑtšəsλe	v;pst;3sg.so
mԑŋk	mԑŋk	n
n	n	n
na	na	prt
naj	naj	n
naj	najəŋ	n;attr
namən	namən	adv
narəs	narəsti	v;ipfv.part
narəs	narəsəλ	v;npst
narԑp	narԑp	n
narԑp	narԑpəλ	n;3sg
nawr	nawrijλsəw	v;ipfv;pst;1pl
nawr	nawrəs	v;pst
nawər	nawərma	v;punct;imp
nawər	nawərman	v;conv
nawər	nawərməs	v;punct;pst
nawər	nawərti	v;ipfv.part
nawər	nawərtəsət	v;caus;pst;3pl
nawər	sa	=prtc
nawərnԑ	nawərnԑlԑ	n;dim
nek	nekəŋ	n;attr
neŋ	neŋen	n;2sg
nij	nijəm	n;1sg
nij	nijԑm	n;1sg
nik	nik	preverb
niməλ	niməλn	n;loc
niməλ	niməλŋəλ	n;du.poss
nin	nin	pro
nin	ninan	pro;2.nsg
nin	ninəna	pro;2.nsg;dat
nin	ninət	pro;acc
ninš	ninša	v;imp
nir	nira	n;dat
nir	nirəp	n;attr
nojԑmə	nojԑməs	v;pst
nopət	nopətti	v;ipfv.part
noχər	noχər	n
noχərsԑm	noχərsԑm	n
nums	numsa	n;dat
nums	numsəŋ	n;attr
nums	numsəλa	n;3sg;dat
nums	numsԑm	n;1sg
numəs	numəs	n
numəs	numəsən	n;loc
nure	nureλa	n;3sg;dat
nure	nureλən	n;3sg;loc
nuri	nuri	n
nuri	nurija	n;stem;dat
nurm	nurma	n;dat
nurəm	nurəm	n
nuwi	nuwi	adj
nuwi	nuwi	n
nuwi	nuwija	adj;stem;dat
nuwi	nuwija	n;stem;dat
nuχ	nuχ	preverb
nuχλi	nuχλi	adv
năpt	năptəs	v;pst
năpət	năpətmaλ	v;pfv.part;3sg
năpət	năpətsa	v;pst;pass
nărtama	nărtama	adv
nărəλ	nărəλ	n
năŋ	năŋ	pro
năŋ	năŋen	pro;2sg
năŋ	năŋena	pro;2sg;dat
năŋ	năŋena-săr	pro;2sg;dat;=prtc
năŋ	năŋti	pro;acc
năŋ	năŋət	pro;acc
nūm	nʉm	n
nɵm	nɵmn	n;loc
nɵm	nɵmti	v;ipfv.part
nɵm	nɵmən	n;loc
nɵm	nɵmλəλλe	v;npst;3sg.so
nɵms	nɵmsijλλəm	v;ipfv;npst;1sg
nɵms	nɵmsəs	v;pst
nɵməs	nɵməsa	v;imp
nɵməs	nɵməsijəλ	v;ipfv;npst
nɵməs	nɵməsijλ	v;ipfv;npst
nɵməs	nɵməsijλsət	v;ipfv;pst;3pl
nɵməs	nɵməsiλti	v;ipfv;ipfv.part
nɵməs	nɵməsməλən	v;pfv.part;3sg;loc
nɵməs	nɵməsti	v;ipfv.part
nɵməs	nɵməsəs	v;pst
nɵməs	nɵməsəλ	v;npst
nɵməs	nɵməsλ	v;npst
nɵməs	nɵməsλəm	v;npst;1sg
nɵməs	nɵməsλԑm	v;npst;1sg.s:sg.o
nɵməλmə	nɵməλməs	v;pst
nɵməλmə	nɵməλməsən	v;pst;2sg
nɵməλmə	nɵməλməsλe	v;pst;3sg.so
nɵməλmə	nɵməλməti	v;ipfv.part
nɵməλta	nɵməλta	adv
nɵpt	nɵptəλ	n;3sg
nɵpət	nɵpət	n
nɵrəŋ	nɵrəŋ	n
nɵχ	nɵχəs	v;pst
nʉmpi	nʉmpija	post;stem;dat
nʉr	nʉr	n
nʉr	nʉrԑm	n;1sg
nʉw	nʉw	n
nʉša	nʉša	adj
nʉša	nʉšaja	adj;stem;adv
nʉša	nʉšaja	adj;stem;dat
nԑ	nԑ	n
nԑm	nԑm	n
nԑm	nԑmn	n;loc
nԑm	nԑməp	n;attr
nԑm	nԑməλ	n;3sg
nԑm	nԑmλ	n;3sg
nԑman	nԑman	adv
nԑməλ	nԑməλ	pro
nԑməλ χuλti	nԑməλ χuλti	adv
nԑməλ χɵ	nԑməλ χɵ	pro
nԑməλt	nԑməλt	pro
nԑməλti	nԑməλti	pro
nԑməλχujat	nԑməλχujat	pro
nԑməλχɵnti	nԑməλχɵnti	adv
nԑmχujat	nԑmχujat	pro
nԑmχuλti	nԑmχuλti	adv
nԑmχɵnti	nԑmχɵnti	adv
nԑpek	nԑpek	n
nԑpek	nԑpeka	n;dat
nԑpek	nԑpeken	n;2sg
nԑpek	nԑpekət	n;pl
nԑpek	nԑpekəλ	n;3sg
nԑr	nԑrsajət	v;pst;pass;stem;3pl
nԑr	nԑrsəλλe	v;pst;3sg.so
nԑr	nԑrəm	v;pfv.part
nԑr	nԑrəŋ	n;attr
nԑri	nԑrijəs	v;stem;pst
nԑrsa	nԑrsa	n
nԑŋ	nԑŋa	n;dat
nԑŋ	nԑŋijenən	n;dim;2sg;loc
nԑŋ	nԑŋəλ	n;3sg
nԑŋ	nԑŋəλən	n;3sg;loc
nԑŋ	nԑŋԑm	n;1sg
nԑŋ	nԑŋԑmən	n;1du
nԑŋ	χɵjŋən-nԑŋŋən	n;stem;du;n;du
nԑš	nԑš	prt
ojka	ojka	n
ojka	ojkaje	n;dim
ojka	ojkajən	n;stem;loc
ojka	ojkajəλ	n;stem;3sg
oms	omsa	v;imp
oms	omsa-săr	v;imp;=prtc
oms	omsiλəsəw	v;ipfv;pst;1pl
oms	omsəm	v;pfv.part
oms	omsəmiλa	v;punct;ipfv;imp
oms	omsəmsət	v;punct;pst;3pl
oms	omsəmtəs	v;punct;pst
oms	omsəs	v;pst
oms	omsəλtԑməsi	v;caus;punct;pst;pass
omsəλ	omsəλsa	v;pst;pass
omsəλ	omsəλsajəm	v;pst;pass;stem;1sg
omsəλ	omsəλsajət	v;pst;pass;stem;3pl
omsəλ	omsəλλajəm	v;npst;pass;stem;1sg
omsəλ	omsəλλəλλʉw	v;npst;1pl.s:nsg.o
oməs	oməsman	v;conv
oməs	oməssa	v;pst;pass
oməs	oməssaŋən	v;pst;3du
oməs	oməssəm	v;pst;1sg
oməs	oməssəw	v;pst;1pl
oməs	oməssəŋən	v;pst;3du
oməs	oməssəλλe	v;pst;3sg.so
oməs	oməssԑm	v;pst;1sg.s:sg.o
oməs	oməstaλ	v;ipfv.part;3sg
oməs	oməstaλən	v;ipfv.part;3sg;loc
oməs	oməstewn	v;ipfv.part;1pl;loc
oməs	oməsti	v;ipfv.part
oməs	oməstən	v;ipfv.part;2/3du
oməs	oməsəλ	v;npst
oməs	oməsλ	v;npst
oməs	oməsλajəm	v;npst;pass;stem;1sg
oməs	oməsλaŋən	v;npst;3du
oməs	oməsλəm	v;npst;1sg
oməs	oməsλən	v;npst;2sg
oməs	oməsλət	v;npst;3pl
oməs	oməsλəŋən	v;npst;3du
ontəp	ontəp	n
ontəp	ontəpa	n;dat
ontəp	ontəpən	n;loc
ontəp	ontəpəλ	n;3sg
ontəp	ontəpəλa	n;3sg;dat
ort	ortλəw	v;npst;1pl
ortnԑ	ortnԑŋən	n;du
ortnԑ	ortnԑŋəλ	n;du.poss
ortnԑŋ	ortnԑŋԑm	n;1sg
osa	osa	adj
osa	osa	adv
ow	ow	n
ow	owa	n;dat
ow	owew	n;1pl
ow	owijet	n;dim;pl
ow	owijeλaλ	n;dim;pl;3sg
ow	owən	n;loc
ow	owət	n;pl
ow	owəλ	n;3sg
oŋət	oŋət	n
ošńi	ošńilԑŋkԑλ	n;dim;3sg
oλ	oλ	n
oλ	oλa	n;dat
oλ	oλma	v;pfv.part;dat
oλ	oλəmsət	v;punct;pst;3pl
oλ	oλət	n;pl
oλm	oλməŋa	n;attr;dat
oλŋ	oλŋen	n;2sg
oλŋ	oλŋəλ	n;3sg
oλŋ	oλŋəλa	post;3sg;dat
oλŋ	oλŋəλən	n;3sg;loc
oλŋit	oλŋitsew	v;pst;1pl.s:sg.o
oλŋit	oλŋitsət	v;pst;3pl
oλŋit	oλŋitsəλe	v;pst;3sg.so
oλŋit	oλŋitsԑm	v;pst;1sg.s:sg.o
oλŋit	oλŋitəmn	v;pfv.part;loc
oλŋət	oλŋətəλ	v;npst
oλŋəλλak	oλŋəλλak	coordconn
oλəm	oλəm	n
oλəŋ	oλəŋ	adv
oλəŋ	oλəŋ	n
oλəŋ	oλəŋa	n;dat
oλəŋ	oλəŋn	post;loc
oλəŋ	oλəŋən	n;loc
oλəŋ	oλəŋən	post;loc
oλəŋmit	oλəŋmit	adj
oλʼ	oλʼəp	n;attr
p	p	n
pa	pa	coordconn
pa	pa	pro
pa	pa	prt
pa	sa-sa	=prtc;=prtc
paj	paj	n
paj	pajew	n;1pl
paj	pajn	n;loc
pakn	paknəm	v;pfv.part
pakn	paknəs	v;pst
pakən	pakənman	v;conv
pakən	pakənmaλ	v;evid.pst;3sg
pakən	pakənsəm	v;pst;1sg
pakən	pakənsət	v;pst;3pl
pakən	pakənəλ	v;npst
pan	pan	n
par	parsəλe	v;pst;3sg.so
par	parλԑm	v;npst;1sg.s:sg.o
part	parte	v;imp.so
part	partsa	v;pst;pass
part	partseλ	v;pst;3pl.s:sg.o
part	partsən	v;pst;2sg
part	partsəλe	v;pst;3sg.so
part	partəm	v;pfv.part
part	partəmλajət	v;punct;npst;pass;stem;3pl
part	partəs	v;pst
part	partλa	v;npst;pass
part	partλԑm	v;npst;1sg.s:sg.o
pasta	pasta	adv
pawel	pawel	n
pawt	pawtijəλλət	v;ipfv;npst;3pl
pawt	pawtəm	v;pfv.part
pawt	pawtəs	v;pst
pawtəs	pawtəsəs	v;pst
pawərt	pawərt	n
pawət	pawətsa	v;pst;pass
pawət	pawətti	v;ipfv.part
pawəλt	pawəλtsa	n;pst;pass
pawʉška	pawʉška	n
pašit-wɵrt	pašit-wɵrt	n
petr	petr	n
pew	pewəmλa	v;punct;npst;pass
pewəm	pewəmsa	v;pst;pass
peś	peśŋəλ	n;du.poss
peλi	peλi	prt
pirś	pirśa	adj;dat
pirə	pirəja	v;stem;imp
pirə	pirəsteλ	v;detr;ipfv.part;3pl
pirə	pirəλən	v;npst;2sg
pirə	pirəλət	v;npst;3pl
pirəś	pirəś	adj
pit	pit	adj
pit	pitijitaλ	v;ipfv;ipfv;evid.prs;3sg
pit	pitiλəs	v;ipfv;pst
pit	pitmaλ	v;evid.pst;3sg
pit	pitmaλ	v;pfv.part;3sg
pit	pitmaλən	v;pfv.part;3sg;loc
pit	pitmeλ	v;evid.pst;3pl
pit	pitmԑm	v;pfv.part;1sg
pit	pitsa	v;pst;pass
pit	pitsajəm	v;pst;pass;stem;1sg
pit	pitsajət	v;pst;pass;stem;3pl
pit	pitsaŋən	v;pst;3du
pit	pitseλ	v;pst;3pl.s:sg.o
pit	pitsəm	v;pst;1sg
pit	pitsəmn	v;pst;1du
pit	pitsət	v;pst;3pl
pit	pitsəw	v;pst;1pl
pit	pitsəλəw	v;pst;1pl.s:nsg.o
pit	pitsəλλe	v;pst;3sg.so
pit	pitsԑmn	v;pst;1du
pit	pittijn	v;ipfv.part;stem;loc
pit	pitəm	v;pfv.part
pit	pitəmsa	v;punct;pst;pass
pit	pitəmtəs	v;punct;pst
pit	pitəs	v;pst
pit	pitəλ	v;npst
pit	pitλ	v;npst
pit	pitλajən	v;npst;pass;stem;2sg
pit	pitλen	v;npst;2sg.s:sg.o
pit	pitλəm	v;npst;1sg
pit	pitλəmən	v;npst;1du
pit	pitλən	v;npst;2sg
pit	pitλət	v;npst;3pl
pit	pitλətən	v;npst;2du
pit	pitλəw	v;npst;1pl
pit	pitλԑm	v;npst;1sg.s:sg.o
piti	piti	adj
piti	pitija	adj;stem;dat
piti	pitijən	adj;stem;loc
pitr	pitrəλa	post;3sg;dat
pitr	pitrəλən	post;3sg;loc
pitər	pitərən	post;loc
pitλʼəpsi	pitλʼəpsi	n
piś	piś	n
piś	piśeλ	n;3pl
piś	piśəŋ	n;attr
piλ	piλ	n
piλ	piλa	post;dat
piλ	piλawa	post;1pl;dat
piλ	piλena	post;2sg;dat
piλ	piλeλa	post;3pl;dat
piλ	piλn	post;loc
piλ	piλԑma	post;1sg;dat
piλ	piλԑmn	post;1sg;loc
piλt	piλt	n
piλt	piλta	n;dat
piλt	piλteλ	n;3pl
pojar	pojar	n
pojar	pojarət	n;pl
pojar	pojarətn	n;pl;loc
pojk	pojk	n
pojk	pojk	v
pojk	pojkman	v;conv
pojk	pojkśa	v;detr;imp
pojk	pojkśəman	v;detr;conv
pojk	pojkśəti	v;detr;ipfv.part
pojk	pojkəλ	v;npst
pojk	pojkλa	v;npst;pass
pojtek	pojtek	n
pojək	pojəkśəs	v;detr;pst
pojək	pojəkəλ	v;npst
pori	pori	n
pori	porija	n;stem;dat
porχa	porχajəŋ	n;stem;attr
porχa	porχajəλ	n;stem;3sg
pos	pos	n
pos	posn	post;loc
pos	pospi	n;propr
pos	posəŋ	n;attr
pot	pota	v;imp
pot	potsajəm	v;pst;pass;stem;1sg
pot	potti	v;ipfv.part
pot	pottijən	v;ipfv.part;stem;loc
pot	potəm	v;pfv.part
pot	potəmət	v;pfv.part;pl
pot	potəs	v;pst
potpot	potpot	n
pottəsti	pottəstisλe	v;pst;3sg.so
potəm	potəm	adj
poλt	poλt	n
poλt	poλti	n;adj
poχatʉr	poχatʉr	n
poχl	poχləλ	n;3sg
poχla	poχla	adv
poχn	poχnəs	v;pst
poχśa	poχśaije	n;dim
poχəl	poχəl	n
puləχ	puləχ	n
pun	pun	n
pun	punman	v;conv
pun	punmaλ	v;evid.pst;3sg
pun	punsa	v;pst;pass
pun	punseλ	v;pst;3pl.s:sg.o
pun	punsəmən	v;pst;1du
pun	punsət	v;pst;3pl
pun	punsəw	v;pst;1pl
pun	punsəλλe	v;pst;3sg.so
pun	punsԑm	v;pst;1sg.s:sg.o
pun	punti	v;ipfv.part
pun	punəm	v;pfv.part
pun	punəmsəλλe	v;punct;pst;3sg.so
pun	punəs	v;pst
pun	punλa	v;npst;pass
pun	punλəm	v;npst;1sg
pun	punλət	v;npst;3pl
pun	punλəλe	v;npst;3sg.so
punrəmtəm	punrəmtəm	adj
pur	pura	v;imp
pur	purti	v;ipfv.part
pur	purəλ	v;3sg
pur	purλəm	v;npst;1sg
pur	purԑməλ	v;punct;npst
pura	pura	n
pura	puraja	n;stem;dat
pura	purajn	n;stem;loc
pura	purajən	n;stem;loc
purməs	purməsλaλ	n;pl;3sg
purśant	purśantti	v;ipfv.part
pusəλ	pusəλ	n
putali	putali	n
putali	putalijən	n;stem;loc
putr	putrət	n;pl
putr	putrəλ	n;3sg
putr	putrԑmijλ	v;punct;ipfv;npst
putr	putrԑməstən	v;punct;pst;2du
putr	putrԑməsŋən	v;punct;pst;3du
putər	putər	n
putər	putərəλ	v;npst
putər	putərλəm	v;npst;1sg
putərt	putərta	v;imp
putərt	putərtijəλti	v;ipfv;ipfv.part
putərt	putərtsəm	v;pst;1sg
putərt	putərtsət	v;pst;3pl
putərt	putərtsəλλe	v;pst;3sg.so
putərt	putərtti	v;ipfv.part
putərt	putərtəm	v;pfv.part
putərt	putərtəs	v;pst
putərt	putərtλ	v;npst
putərt	putərtλəm	v;npst;1sg
putərt	putərtλət	v;npst;3pl
putərt	putərtλəŋən	v;npst;3du
puńχə	puńχəsaŋən	v;pst;3du
puš	pušəs	v;pst
puš	pušəλtəsλe	v;caus;pst;3sg.so
puškan	puškan	n
puškan	puškanλi	n;car
pušəχ	pušəχ	n
pušχ	pušχət	n;pl
puλ	puλ	n
puλ	puλijəλ	v;ipfv;npst
puλ	puλte	v;caus;imp.so
puλ	puλətsəλλe	v;caus;pst;3sg.so
puλ	puλətəs	v;caus;pst
puλ	puλətλԑm	v;caus;npst;1sg.s:sg.o
puλś	puλś	n
puχ	puχ	n
puχ	puχen	n;2sg
puχ	puχena	n;2sg;dat
puχ	puχije	n;dim
puχ	puχijen	n;dim;2sg
puχ	puχijeλ	n;dim;3sg
puχ	puχijԑmən	n;dim;1du
puχ	puχleŋkeŋən	n;dim;du
puχ	puχleŋkeŋənən	n;dim;du;loc
puχ	puχleŋkeλ	n;dim;3sg
puχ	puχlԑ	n;dim
puχ	puχlԑŋki	n;dim
puχ	puχŋəλ	n;du.poss
puχ	puχən	n;loc
puχ	puχət	n;pl
puχ	puχəλ	n;3sg
puχ	puχəλa	n;3sg;dat
puχ	puχəλən	n;3sg;loc
puχ	puχλam	n;pl;1sg
puχ	puχԑm	n;1sg
puχ	puχԑmən	n;1du
puχλ	puχλa	n;dat
păk	păktew	v;ipfv.part;1pl
păk	păktԑm	v;ipfv.part;1sg
păk	păktԑmən	v;ipfv.part;1sg;loc
păk	păkəλ	v;npst
păn	pănən	post;loc
pănt	pănt	n
pănt	pănta	n;dat
pănt	păntət	n;pl
pănt	păntəŋa	n;attr;dat
pănt	păntλəw	n;pl;1pl
pănən	pănən	adv
păr	părteλ	v;ipfv.part;3pl
păr	părti	v;ipfv.part
păr	părəm	v;pfv.part
păr	părəs	v;pst
păr	părətλajət	v;caus;npst;pass;stem;3pl
păr	părəλ	v;npst
păs	păsət	n;pl
păsan	păsan	n
păsan	păsana	n;dat
păsan	păsanən	n;loc
păsta	păsta	adv
păstek	păstek	n
păta	păta	post
păte	pătep	n;attr
păte	păteλ	n;3sg
păti	păti	n
păti	păti	post
păti	pătija	n;stem;dat
păti	pătiλaλ	n;pl;3pl
păti	pătiλaλ	n;pl;3sg
pătlam	pătlam	adj
pătlam	pătlama	adj;adv
pătlə	pătləs	v;pst
pătlə	pătləsijəw	v;pst;pass;stem;1pl
pătlə	pătləλ	v;npst
pătlə	pătləλət	v;npst;3pl
pătλ	pătλəm	v;pfv.part
păśr	păśrԑməsλe	v;punct;pst;3sg.so
păśr	tăŋrԑməsi-păśrԑməsi	v;punct;pst;pass;v;punct;pst;pass
păśər	păśərməsλe	v;punct;pst;3sg.so
păśərt	păśərtsa	v;pst;pass
păλ	păλ	n
păλ	păλ	v
păλ	păλa	n;dat
păλ	păλa	v;imp
păλ	păλti	v;ipfv.part
păλ	păλλən	v;npst;2sg
păλ	păλλət	v;npst;3pl
păλat	păλat	n
păλat	păλattija	v;ipfv.part;stem;dat
păλatte	păλatteŋ	n;attr
păλatte	păλatteλən	n;3sg;loc
păλtam	păλtaməs	v;pst
păλtap	păλtap	adj
păλtap	păλtapəŋ	n;attr
păλət	sԑmətəλ-păλətəλ	v;npst;v;npst
păλəŋ	păλəŋ	n
păλəŋ	ԑtərŋən-păλəŋŋən	n;du;n;du
pɵm	pɵm	n
pɵm	pɵmλi	n;car
pɵn	pɵn	n
pɵp	pɵp	n
pɵp	pɵpa	n;dat
pɵp	pɵplԑ	n;dim
pɵrm	pɵrməm	v;pfv.part
pɵrλə	pɵrλəs	v;pst
pɵrλə	pɵrλəsŋən	v;pst;3du
pɵrλə	pɵrλəsət	v;pst;3pl
pɵrλə	pɵrλəsəw	v;pst;1pl
pɵrλə	pɵrλəλəm	v;npst;1sg
pɵrλə	pɵrλəλət	v;npst;3pl
pɵsəŋ	pɵsəŋ	n
pɵśta	pɵśta	n
pɵšas	pɵšas	n
pɵšas	pɵšasa	n;dat
pɵšas	pɵšasew	n;1pl
pɵλʼńica	pɵλʼńica	n
pɵχəλ	pɵχəλməsλe	v;punct;pst;3sg.so
pɵχəλ	pɵχəλti	v;ipfv.part
pʉl	pʉlijeŋəλ	n;dim;du.poss
pʉl	pʉlŋəλ	n;du.poss
pʉl	pʉlԑm	n;1sg
pʉn	pʉn	n
pʉn	pʉnije	n;dim
pʉn	pʉnəŋ	n;attr
pʉn	pʉnλ	n;3sg
pʉntši	pʉntši	v
pʉnš	pʉnšmaλ	v;pfv.part;3sg
pʉnš	pʉnšsa	v;pst;pass
pʉnš	pʉnšsəλλe	v;pst;3sg.so
pʉnš	pʉnšti	v;ipfv.part
pʉnš	pʉnšəmtijəλsəλλe	v;punct;ipfv;pst;3sg.so
pʉpe	pʉpeλ	n;3sg
pʉpi	pʉpi	n
pʉt	pʉt	n
pʉt	pʉten	n;2sg
pʉwa	pʉwa	adj
pʉŋəλ	pʉŋəλ	n
pʉŋəλ	pʉŋəλən	n;loc
pʉŋəλ	pʉŋəλən	post;loc
pʉŋλ	pʉŋλəλ	n;3sg
pʉŋλ	pʉŋλəλn	post;3sg;loc
pʉš	pʉš	n
pʉš	pʉšsəλλe	v;pst;3sg.so
pԑlk	pԑlka	n;dat
pԑlk	pԑlka	post;dat
pԑlk	pԑlki	n;adj
pԑlk	pԑlkən	n;loc
pԑlk	pԑlkəλ	n;3sg
pԑlk	pԑlkəλn	n;3sg;loc
pԑlki	pԑlki	preverb
pԑlli	pԑlli	adj
pԑlək	pԑlək	n
pԑlək	pԑləka	n;dat
pԑlək	pԑləkn	n;loc
pԑlək	pԑləkən	n;loc
pԑlək	pԑləkλa	n;3sg;dat
pԑlək	sa	=prtc
pԑnt	pԑntəs	v;pst
pԑsəλ	pԑsəλ	n
pԑsλ	pԑsλi	n;adj
pԑsλ	pԑsλi	n;dat
pԑŋk	pԑŋk	n
pԑλ	pԑλa	post;dat
pԑλ	pԑλama	post;1sg;dat
pԑλ	pԑλaλa	post;3sg;dat
pԑλ	pԑλeλa	post;3pl;dat
pԑλ	pԑλeλa	post;3sg;dat
pԑλ	pԑλi	post;dat
pԑλ	pԑλəmλa	v;punct;npst;pass
pԑλ	pԑλԑma	post;1sg;dat
pԑλŋa	pԑλŋa	n
pԑλŋa	pԑλŋajλan	n;stem;pl;2du
pԑλŋa	pԑλŋaλan	n;pl;2sg
ramp	rampijλλət	v;ipfv;npst;3pl
randimowa	randimowa	n
rat	ratew	n;1pl
raŋn	raŋnəm	v;pfv.part
reśina	reśina	n
rimχəm	rimχəmti	v;ipfv.part
rom	roma	adj;adv
rom	romət	adj;pl
roman	roman	adv
romm	romməs	v;pst
roχańλ	roχańλijλλət	v;ipfv;npst;3pl
roχańλ	roχańλəməλ	v;punct;npst
roχańλə	roχańλəsŋən	v;pst;3du
roχpi	roχpiλən	v;npst;2sg
roχńԑmə	roχńԑməmeλ	v;evid.pst;3pl
roχńԑmə	roχńԑməs	v;pst
rut	ruta	post;dat
răkn	răknəs	v;pst
răkn	răknəλ	v;npst
răpsԑmə	răpsԑməλ	v;npst
răńkəm	răńkəmsəλλən	v;pst;3du.s:pl.o
răχ	răχsaŋən	v;pst;3du
răχ	răχti	v;ipfv.part
răχ	răχəmtəs	v;punct;pst
răχ	răχəs	v;pst
răχ	răχəλ	v;npst
răχ	răχλ	v;npst
răχ	răχλəmən	v;npst;1du
rɵpata	rɵpata	n
rɵpata	rɵpataja	n;stem;dat
rɵpata	rɵpatajen	n;stem;2sg
rɵpata	rɵpatajəλ	n;stem;3sg
rɵpata	rɵpatajԑm	n;stem;1sg
rɵpit	rɵpita	v;imp
rɵpit	rɵpitti	v;ipfv.part
rɵpit	rɵpitəs	v;pst
rɵpit	rɵpitλən	v;npst;2sg
rɵt	rɵt	n
rɵtna	rɵtnajλ	n;stem;3sg
rɵtna	rɵtnaλaλ	n;pl;3pl
rɵtna	rɵtnaλaλ	n;pl;3sg
rʉtʼ	rʉtʼəλ	v;npst
rʉtʼśə	rʉtʼśəman	v;conv
rʉtʼśə	rʉtʼśəsəw	v;pst;1pl
rʉtʼśə	rʉtʼśətaλ	v;ipfv.part;3sg
rʉtʼśə	rʉtʼśəti	v;ipfv.part
rʉw	rʉw	n
rʉw	rʉwən	n;2/3du
rʉw	rʉwən	n;loc
rʉw	rʉwən	post;loc
rʉw	rʉwəŋ	n;attr
rʉw	rʉwəλn	n;3sg;loc
rʉw	rʉwəλən	post;3sg;loc
rʉwa	rʉwaja	n;stem;dat
rʉwət	rʉwətsəλe	v;pst;3sg.so
rʉś	rʉś	adj
rʉś	rʉśət	n;pl
rԑskə	rԑskəs	v;pst
rԑw	rԑwԑməsλe	v;punct;pst;3sg.so
sa	sa	post
sa	sa-sa	post;post
saj	saj	n
saj	saj	post
saj	sԑmsaja	n;post;dat
sam	sam	n
sapəλ	sapəλ	n
sapλ	sapλena	n;2sg;dat
sapλ	sapλəλ	n;3sg
sati	sati	post
satʼ	satʼəλ	v;npst
sawnԑ	sawnԑ	n
sawnԑ	sawnԑleŋkeλ	n;dim;3sg
saŋ	saŋən	post;loc
saχət	saχət	post
sengepow	sengepow	n
sew	sew	n
sew	sewisəλλe	v;ipfv;pst;3sg.so
sew	sewti	v;ipfv.part
sewr	sewraλən	v;imp.pl.so
sewr	sewre	v;imp.so
sewr	sewrəs	v;pst
sewər	sewərməsi	v;punct;pst;pass
sewər	sewərməλəm	v;punct;npst;1sg
sewər	sewərsa	v;pst;pass
sewər	sewərsəw	v;pst;1pl
sewər	sewərti	v;ipfv.part
sewər	sewərəλ	v;npst
sewər	sewərλən	v;npst;2sg
sewər	sewərλԑm	v;npst;1sg.s:sg.o
sewəs	sewəsa	n;dat
sij	sij	n
sij	sija	n;dat
sij	sijn	n;loc
sij	sijən	n;loc
sij	sijəŋ	n;attr
sij	sijəλ	n;3sg
sij	sijλ	n;3sg
sij	sijλi	n;car
sij	χɵsλa-sijλi	adv;n;car
simλ	simλəs	v;pst
siri	siri	adv
siri	siri	post
sirija	sirija	adv
sirʼi	sirʼi	adv
sirʼija	sirʼija	adv
sistam	sistama	adj;adv
sojəm	sojəm	n
som	som	n
sont	sontəməsəm	v;punct;pst;1sg
sont	sontəməsət	v;punct;pst;3pl
sont	sontəməsəw	v;punct;pst;1pl
sontəm	sontəməs	v;pst
sopasλə	sopasλəsət	v;pst;3pl
sopek	sopek	n
sopek	sopekn	n;loc
sopek	sopekŋən	n;du
sopek	sopekŋəλ	n;du.poss
sopek	sopekŋəλan	n;du.poss;2sg
sor	sormeλ	v;evid.pst;3pl
sor	sorsət	v;pst;3pl
sora	sora	adv
sort	sort	n
sort	sorten	n;2sg
sort	sortən	n;loc
sort	sortəλ	n;3sg
sorńe	sorńeŋ	n;attr
sorńi	sorńi	n
sorńi	sorńijən	n;stem;loc
sorńԑ	sorńԑŋ	n;attr
sorəm	sorəm	adj
sorəλ	sorəλti	v;ipfv.part
sos	sos	n
sot	sot	cardnum
sot	sotəŋ	cardnum;attr
sotəp	sotəp	n
sowχoz	sowχozew	n;1pl
soλtat	soλtatət	n;pl
soλtat	soλtatλaλ	n;pl;3sg
soχəλ	soχəλən	n;loc
soχλ	soχλəŋ	n;attr
sport	sport	n
sur	surn	n;loc
sur	surən	n;loc
sur	surəŋ	n;attr
surm	surma	n;dat
surm	surmem	n;1sg
susəm	susəm	adj
suχ	suχ	n
suχ	suχijeλaλ	n;dim;pl;3sg
suχ	suχən	n;loc
suχ	suχəp	n;attr
suχ	suχλaλ	n;pl;3pl
suχ	suχλaλ	n;pl;3sg
suχ	suχλew	n;pl;1pl
suχn	suχnəs	v;pst
suχəm	suχəm	n
suχəm	suχəmən	n;loc
suχən	suχənti	v;ipfv.part
suχəptə	suχəptəmeλ	v;evid.pst;3pl
suχəptə	suχəptəti	v;ipfv.part
săk	săkn	n;loc
săm	săm	n
săm	sămen	n;2sg
săm	sămijen	n;dim;2sg
săm	sămn	n;loc
săm	săməŋa	n;attr;adv
săm	săməλ	n;3sg
săm	sămλ	n;3sg
săm	sămԑm	n;1sg
sămԑ	sămԑŋ	n;attr
săr=	săr	prt
săran	săran	n
săran	săranət	n;pl
sărməλ	sărməλsen	v;pst;2sg.s:sg.o
sărməλ	sărməλλԑm	v;npst;1sg.s:sg.o
săχ	săχa	n;dat
săχ	săχn	n;loc
săχ	săχəp	n;attr
săχ	săχəŋ	n;attr
săχat	săχat	post
săχət	săχət	post
sɵn	sɵnət	n;pl
sɵλ	sɵλλam	n;pl;1sg
sɵλ	sɵλλan	n;pl;2sg
sɵλ	sɵλλaλ	n;pl;3pl
sɵχ	sɵχ	n
sɵχ	sɵχen	n;2sg
sɵχ	sɵχew	n;1pl
sɵχ	sɵχλ	n;3sg
sɵχt	sɵχtəm	v;pfv.part
sɵχt	sɵχtəλi	v;npst;pass
sɵχət	sɵχətti	v;ipfv.part
sʉmpa	sʉmpa	adv
sʉmət	sʉmət	n
sʉmət woš	sʉmət woš	n
sʉs	sʉs	n
sʉs	sʉsa	n;dat
sʉs	sʉsen	n;2sg
sʉs	sʉsn	n;loc
sʉt	sʉt	n
sʉt	sʉtən	n;loc
sʉw	sʉw	n
sʉŋ	sʉŋ	n
sʉŋ	sʉŋa	n;dat
sʉŋ	sʉŋəλ	n;3sg
sʉλt	sʉλt	n
sʉλtəm	sʉλtəm	n
sԑm	sԑm	n
sԑm	sԑma	n;dat
sԑm	sԑmŋən	n;du
sԑm	sԑmŋəλ	n;du.poss
sԑm	sԑmən	n;loc
sԑm	sԑmλaλ	n;pl;3sg
sԑm	uχəλ-sԑməλ	n;3sg;n;3sg
sԑm	uχλən-sԑmλən	n;3sg;2/3du;n;3sg;2/3du
sԑm	ńʉλ-sԑm	n;n
sԑn	sԑn	n
sԑn	sԑnije	n;dim
sԑn	sԑnəλ	n;3sg
sԑr	sԑr	adj
sԑŋ	sԑŋԑmtupsi	v;punct;caus;nmn
sԑŋ	sԑŋԑmtupsi	v;punct;nmn
sԑŋ	sԑŋԑmtətaλ	v;punct;ipfv.part;3sg
sԑŋ	sԑŋԑməti	v;punct;ipfv.part
sԑŋ	sԑŋԑməλem	v;punct;npst;1sg.s:sg.o
sԑŋk	sԑŋkańśəs-sԑŋkańśəs	v;detr;pst;v;detr;pst
sԑŋk	sԑŋksajət	v;pst;pass;stem;3pl
sԑŋk	sԑŋksajət-sԑŋksajət	v;pst;pass;stem;3pl;v;pst;pass;stem;3pl
sԑŋk	sԑŋkti	v;ipfv.part
sԑŋk	sԑŋkəλ	v;npst
sԑŋk	sԑŋkλajəm	v;npst;pass;stem;1sg
t	t	n
ta	ta	interj
tak	taka	adj;adv
taksər	taksəra	adj;dat
takλi	takλi	post
taməś	taməś	pro
tari	tarijλət	v;stem;npst;3pl
tarlina	tarlina	n
tarm	tarma	adj;dat
tarəm	tarəm	adj
tarəm	tarəmən	n;loc
taŋ	taŋsa	v;pst;pass
taŋkər	taŋkər	n
taŋχa	taŋχa	prt
taś	taś	n
taś	taśen	n;2sg
taś	taśew	n;1pl
taś	taśeλ	n;3pl
taś	taśəŋ	n;attr
taś	taśəŋa	n;attr;dat
taś	taśλan	n;pl;3du
taś	taśλʉw	n;pl;1pl
taśmanow	taśmanowen	n;2sg
taśtə	taśtəλ	v;npst
taλ	taλe	v;imp.so
taλ	taλman	v;conv
taλ	taλsəλλe	v;pst;3sg.so
taλ	taλti	v;ipfv.part
taλ	taλtԑmən	v;ipfv.part;1sg;loc
taλ	taλəm	v;pfv.part
taλ	taλəs	v;pst
taλ	taλəstԑm	v;detr;ipfv.part;1sg
taλ	taλλʼəsəm	v;iter;pst;1sg
taλti	taλti	adj
taλʼλʼə	taλʼλʼəs	v;pst
taλλʼə	taλλʼəsλe	v;pst;3sg.so
taλλʼə	taλλʼəλλe	v;npst;3sg.so
te	teλi	v;npst;pass
tek	tek	n
tek	tekəŋ	n;attr
tes	tesa	adj;adv
tewtəm	tewtəm	n
tij	tij	n
tij	tija	n;dat
tij	tijən	n;loc
tij	tijət	n;pl
tij	tijəλ	n;3sg
tin	tin	n
tin	tinen	n;2sg
tin	tinəŋ	n;attr
tin	tinλi	n;car
tini	tinijsəλλe	v;stem;pst;3sg.so
tini	tinisət	v;pst;3pl
tini	tiniti	v;ipfv.part
tini	tiniλəλe	v;npst;3sg.so
tinəs	tinəsti	v;ipfv.part
tinλi	tinλi	adj
tiw	tiw	adv
tiw	tiwtijən	v;ipfv.part;stem;loc
tiw	tiwəm	v;pfv.part
tiw	tiwəs	v;pst
tiw	tiwəλ	v;npst
tiweλt	tiweλt	adv
tiweλt-tuχeλt	tiweλt-tuχeλt	adv
tiwət	tiwət	n
tińśaŋ	tińśaŋən	n;loc
tińśaŋ	tińśaŋəλ	n;3sg
tištə	tištəman	v;conv
tišԑmə	tišԑməs	v;pst
tiλś	tiλśa	n;dat
tiλəś	tiλəś	n
tiλəś	tiλəśən	n;loc
tolan	tolan	n
tolan	tolanŋəλaλən	n;du.poss;3sg;loc
tolmaś	tolmaśəs	v;pst
tosi	tosijλ	v;stem;npst
towi	towi	n
towi	towijn	n;stem;loc
toχ	toχəs	v;pst
toχn	toχnԑməs	v;punct;pst
toχtəŋ	toχtəŋ	n
traktur	traktur	n
tujt	tujtən	n;loc
tujt	tujtԑma	n;1sg;dat
tujət	tujət	n
tuləχ	tuləχ	n
tulχ	tulχət	n;pl
tum	tum	pro
tum	tumpi	pro;propr
tumi	tumi	pro
tumpi	tumpija	post;stem;dat
tumpi	tumpijən	post;stem;loc
tunti	tunti	n
turas	turas	adv
turn	turn	n
turn	turnλəw	n;pl;1pl
turp	turpəλ	n;3sg
turp	turpԑm	n;1sg
turpa	turpa	n
tuta	tuta	adv
tuχeλt	tuχeλt	adv
tuχi	tuχi	adv
tuχli	tuχlijs	v;stem;pst
tuχəλ	tuχəλŋəλ	n;du.poss
tuχəλ	tuχəλən	n;loc
tuχəλ	tuχəλλaλ	n;pl;3pl
tuχλ	tuχλəŋ	n;attr
tuχλ	tuχλəλ	n;3sg
tuχλ	tuχλԑm	n;1sg
tuχλi	tuχλiti	v;ipfv.part
tăj	tăje	v;imp.so
tăj	tăjsaŋən	v;pst;3du
tăj	tăjsaλən	v;pst;2sg.s:nsg.o
tăj	tăjsəm	v;pst;1sg
tăj	tăjsət	v;pst;3pl
tăj	tăjsəw	v;pst;1pl
tăj	tăjtenən	v;ipfv.part;2sg;loc
tăj	tăjti	v;ipfv.part
tăj	tăjəm	v;pfv.part
tăj	tăjəs	v;pst
tăj	tăjəλ	v;npst
tăj	tăjλ	v;npst
tăj	tăjλa	v;npst;pass
tăj	tăjλajəm	v;npst;pass;stem;1sg
tăj	tăjλaŋən	v;npst;3du
tăj	tăjλen	v;npst;2sg.s:sg.o
tăj	tăjλəm	v;npst;1sg
tăj	tăjλəmn	v;pl;1du
tăj	tăjλən	v;npst;2sg
tăj	tăjλət	v;npst;3pl
tăj	tăjλəw	v;npst;1pl
tăj	tăjλəw	v;pl;1pl
tăj	tăjλəŋən	v;npst;3du
tăj	tăjλəλλe	v;npst;3sg.so
tăm	tăm	pro
tăm	tămen	pro;2sg
tăm	tămpi	pro;propr
tămi	tămi	pro
tămiti	tămiti	adv
tămpi	tămpija	post;stem;dat
tăməś	tăməś	pro
tămχătəλ	tămχătəλ	adv
tămχătλ	tămχătλ	adv
tănλ	tănλλəλe	v;npst;3sg.so
tărm	tărməm	v;pfv.part
tărm	tărməs	v;pst
tărm	tărməλ	v;npst
tărəm	tărəmλət	v;npst;3pl
tărəptə	tărəptəsəm	v;pst;1sg
tărəptə	tărəptəsλe	v;pst;3sg.so
tăta	tăta	adv
tăŋr	tăŋrԑməsλe	v;punct;pst;3sg.so
tăŋərt	tăŋərtəm	v;punct
tăŋχa	tăŋχa	prt
tăλ	tăλ	n
tăλ	tăλa	n;dat
tăλ	tăλn	n;loc
tăλ	tăλən	n;loc
tăλan	tăλan	adj
tăλaŋ	tăλaŋ	adj
tăλaŋ	tăλaŋa	adj;adv
tăλta	tăλta	adv
tăλəntak	tăλəntak	adv
tăχ	tăχəs	v;pst
tăχ	tăχλeλ	v;npst;3pl.s:sg.o
tăχ	tăχԑməs	v;punct;pst
tăχa	tăχa	interj
tăχe	tăχena	n;2sg;dat
tăχe	tăχew	n;1pl
tăχe	tăχewa	n;1pl;dat
tăχe	tăχeλ	n;3sg
tăχe	tăχeλa	n;3sg;dat
tăχi	tăχi	n
tăχi	tăχija	n;stem;dat
tăχi	tăχijn	n;stem;loc
tăχi	tăχijən	n;stem;loc
tăχi	tăχiλaλ	n;pl;3sg
tăχrəmt	tăχrəmtəs	v;pst
tăχte	tăχteλ	n;3sg
tăχti	tăχti	n
tăχti	tăχtijən	n;stem;loc
tăχəmə	tăχəməsλe	v;pst;3sg.so
tăχərλə	tăχərλəs	v;pst
tăχԑ	tăχԑm	n;1sg
tăχԑ	tăχԑλ	n;3sg
tɵ	tɵs	v;pst
tɵ	tɵsen	v;pst;2sg.s:sg.o
tɵ	tɵsi	v;pst;pass
tɵ	tɵsijət	v;pst;pass;stem;3pl
tɵ	tɵsijəw	v;pst;pass;stem;1pl
tɵ	tɵsmən	v;pst;1du
tɵ	tɵsti	v;pst;2pl
tɵ	tɵsəm	v;pst;1sg
tɵ	tɵsət	v;pst;3pl
tɵ	tɵsλe	v;pst;3sg.so
tɵ	tɵtaλ	v;ipfv.part;3sg
tɵ	tɵti	v;ipfv.part
tɵ	tɵλ	v;npst
tɵ	tɵλen	v;npst;2sg.s:sg.o
tɵ	tɵλew	v;npst;1pl.s:sg.o
tɵ	tɵλi	v;npst;pass
tɵ	tɵλijən	v;npst;pass;stem;2sg
tɵ	tɵλijət	v;ipfv;stem;3pl
tɵ	tɵλλam	v;npst;1sg.s:nsg.o
tɵ	tɵλλaλ	v;npst;3pl.s:nsg.o
tɵ	tɵλԑm	v;npst;1sg.s:sg.o
tɵjm	tɵjməs	v;pst
tɵnλ	tɵnλəp	n;attr
tɵp	tɵp	prt
tɵp	tɵp-tɵp	prt;prt
tɵpa	tɵpa	n
tɵrm	tɵrma	n;dat
tɵrm	tɵrmeλ	n;3pl
tɵrm	tɵrməλ	n;3sg
tɵrəm	tɵrəm	n
tɵrəm	tɵrəma	n;dat
tɵrəm	tɵrəmn	n;loc
tɵrəm	tɵrəmən	n;loc
tɵrəm λor	tɵrəm λor	n
tɵs	tɵs	adj
tɵs	tɵsa	adj;adv
tɵtʼλə	tɵtʼλəsŋən	v;pst;3du
tɵtʼλəm	tɵtʼλəm	adj
tɵtʼλʼa	tɵtʼλʼati	v;ipfv.part
tɵtʼλʼə	tɵtʼλʼəsλəmn	v;pst;1du.s:pl.o
tɵtʼλʼə	tɵtʼλʼəsλən	v;pst;du.so
tɵtʼλʼə	tɵtʼλʼəti	v;ipfv.part
tɵtʼλʼə	tɵtʼλʼəλλe	v;npst;3sg.so
tɵχ	tɵχ	pro
tɵχ	tɵχλaλ	pro;pl;3sg
tɵχəm	tɵχəmsԑm	v;pst;1sg.s:sg.o
tɵχəm	tɵχəmtaλən	v;ipfv.part;3sg;loc
tɵχər	tɵχərman	v;conv
tɵχər	tɵχərsəλλe	v;pst;3sg.so
tɵχər	tɵχərλəλλam	v;npst;1sg.s:nsg.o
tʉ	tʉwaλən	v;stem;imp.pl.so
tʉləm	tʉləmsət	v;pst;3pl
tʉr	tʉr	n
tʉr	tʉrn	n;loc
tʉr	tʉrən	n;loc
tʉrpa	tʉrpa	n
tʉt	tʉt	n
tʉt	tʉta	n;dat
tʉt	tʉten	n;2sg
tʉt	tʉtən	n;2/3du
tʉt	tʉtən	n;loc
tʉt	tʉtəŋ	n;attr
tʉt	tʉtəλ	n;3sg
tʉt	tʉtԑmn	n;1du
tʉtsԑm	tʉtsԑm	n
tʉw	tʉwe	v;imp.so
tʉw	tʉwman	v;conv
tʉw	tʉwmaλ	v;evid.pst;3sg
tʉw	tʉwəm	v;pfv.part
tʉw	tʉwԑməsλe	v;punct;pst;3sg.so
tʉš	tʉšəp	n;attr
tʉš	tʉšəŋ	n;attr
tʉš	tʉšλaλ	n;pl;3sg
tʼɵjŋəλt	tʼɵjŋəλtəλ	v;npst
tԑpəl	tԑpələλ	n;3sg
tԑrmat	tԑrmat	adj
tԑrmaλ	tԑrmaλəλ	v;npst
tԑrmaλ	tԑrmaλλəm	v;npst;1sg
tԑλ	tԑλ	adj
tԑλ	tԑλən	post;loc
tԑλijewa	tԑλijewa	adj
tԑλəŋ	tԑλəŋ	adj
u	u	n
ullot	ullota	n;dat
untas	untasn	n;loc
upe	upeλ	n;3sg
upe	upeλn	n;3sg;loc
upԑ	upԑm	n;1sg
urok	urokət	n;pl
ut	ut	n
ut	utijԑm	n;dim;1sg
ut	utijԑmn	n;dim;1du
ut	utlԑλaλ	n;dim;pl;3sg
ut	utn	n;loc
ut	utŋən	n;du
ut	utəmsəλλe	v;punct;pst;3sg.so
ut	utəmsԑm	v;punct;pst;1sg.s:sg.o
ut	utəp	n;attr
ut	utət	n;pl
ut	utətn	n;pl;loc
ut	utəλ	n;3sg
ut	utλ	n;3sg
ut	utλam	n;pl;1sg
ut	utλamn	n;pl;1sg;loc
ut	utλanən	n;pl;2sg;loc
ut	utλəλe	v;npst;3sg.so
ut	utԑmn	n;1du
utšam	utšam	adj
utšam	utšama	adj;adv
uwtəs	uwtəsəm	v;pfv.part
uwəs	uwəs	n
uwλət	uwλətəs	v;pst
uńiwersitet	uńiwersitetn	n;loc
uśmar	uśmar	n
uśmar	uśmarəŋ	n;attr
uśmar	uśmarəλ	n;3sg
uśχʉλ	uśχʉλ	adj
uš	uša	n;dat
uš	ušəŋa	n;attr;adv
uš	ušλ	n;3sg
uš	ušλi	n;car
ušəŋ	ušəŋ	adj
ušəŋ	ušəŋ	adv
ušəŋ	ušəŋa	adj;dat
uλ	uλ	v
uλ	uλsaŋən	v;pst;3du
uλ	uλsəmn	v;pst;1du
uλ	uλsət	v;pst;3pl
uλ	uλsəw	v;pst;1pl
uλ	uλtaλ	v;ipfv.part;3sg
uλ	uλti	v;ipfv.part
uλ	uλəm	v;pfv.part
uλ	uλəmtəs	v;punct;pst
uλ	uλəs	v;pst
uχ	uχ	n
uχ	uχa	n;dat
uχ	uχen	n;2sg
uχ	uχijen	n;dim;2sg
uχ	uχəp	n;attr
uχ	uχəŋ	n;attr
uχ	uχəλ	n;3sg
uχ	uχəλa	n;3sg;dat
uχ	uχλ	n;3sg
uχ	uχλaλ	n;pl;3pl
uχ	uχλəŋ	n;3sg;attr
uχ	uχԑm	n;1sg
uχ	uχԑma	n;1sg;dat
uχ pɵšχ	uχ pɵšχəλ	n;3sg
uχsuχ	uχsuχλaλ	n;pl;3pl
uχšam	uχšam	n
w	w	n
wakwʉs	wakwʉs	n
wan	wan	adj
wan	wan	adv
wan	wana	adj;adv
wan	wanašək	adj;adv;cmpr
wan	wanti	v;ipfv.part
wan	wanən	adj;loc
wan	wanəŋ	adj;attr
wan	wanəλtəλԑm	v;caus;npst;1sg.s:sg.o
wanamə	wanaməs	v;pst
wankʉtλ	wankʉtλ	adv
want	săr	=prtc
want	wanta	v;imp
want	wantati	v;imp.pl
want	wantatən	v;imp.du
want	wante	v;imp.so
want	wantesa	v;imp.so;=prtc
want	wanti	v;imp.so
want	wantijəλ	v;ipfv;npst
want	wantijəλλen	v;ipfv;npst;2sg.s:sg.o
want	wantijəλλət	v;ipfv;npst;3pl
want	wantijλsəm	v;ipfv;pst;1sg
want	wantijλsəmn	v;ipfv;pst;1du
want	wantiλa	v;ipfv;imp
want	wantman	v;conv
want	wantsaŋən	v;pst;3du
want	wantsew	v;pst;1pl.s:sg.o
want	wantsəm	v;pst;1sg
want	wantsəmn	v;pst;1du
want	wantsən	v;pst;2sg
want	wantsət	v;pst;3pl
want	wantsəti	v;pst;2pl
want	wantsəw	v;pst;1pl
want	wantsəλe	v;pst;3sg.so
want	wantti	v;ipfv.part
want	wantəm	v;pfv.part
want	wantəs	v;pst
want	wantəλ	v;npst
want	wantλ	v;npst
want	wantλaŋən	v;npst;3du
want	wantλaλən	v;npst;3du.s:sg.o
want	wantλeλ	v;npst;3pl.s:sg.o
want	wantλəm	v;npst;1sg
want	wantλət	v;npst;3pl
want	wantλəw	v;npst;1pl
want	wantλəλam	v;npst;1sg.s:nsg.o
want	wantλəλλe	v;npst;3sg.so
want	wantλԑm	v;npst;1sg.s:sg.o
want	wantλԑmsa	v;npst;1sg.s:sg.o;=prtc
want	wantԑmən	n;1sg;loc
wantəs	wantəsλət	v;npst;3pl
wanši	wanši	n
wanši	wanšija	n;stem;dat
wanλt	wanλtaλən	v;imp.pl.so
wanλt	wanλtəs	v;pst
wanλt	wanλtəsλe	v;pst;3sg.so
wanλt	wanλtəλԑm	v;npst;1sg.s:sg.o
wase	waset	n;pl
wasi	wasi	n
wasi	wasiλam	n;pl;1sg
wasi	wasiλan	n;pl;2sg
wasi	wasiλəw	n;pl;1pl
waŋk	waŋkəλ	v;npst
waŋkər	waŋkərməsλe	v;punct;pst;3sg.so
waś	waś	adj
waś	waśsa	v;pst;pass
wej	wej	n
wej	wejəλ	n;3sg
wek	wek	adv
wer	wera	n;dat
wer	werti	v;ipfv.part
wet	wet	cardnum
wetjaŋ	wetjaŋ	cardnum
wetsot	wetsot	cardnum
wew	wewa	n;dat
wew	wewλ	n;3sg
wewtam	wewtam	adj
wewtam	wewtama	adj;adv
wewλi	wewλi	adj
weś	weśpi	n;propr
weλ	sԑŋkti-weλti	v;ipfv.part;v;ipfv.part
weλ	weλaλən	v;imp.pl.so
weλ	weλe	v;imp.so
weλ	weλmaλ	v;pfv.part;3sg
weλ	weλsa	v;pst;pass
weλ	weλsajət	v;pst;pass;stem;3pl
weλ	weλsəw	v;pst;1pl
weλ	weλsəλλan	v;pst;2sg.s:nsg.o
weλ	weλsəλλe	v;pst;3sg.so
weλ	weλsəλλən	v;pst;3du.s:pl.o
weλ	weλti	v;ipfv.part
weλ	weλəm	v;pfv.part
weλ	weλəmsəλλe	v;punct;pst;3sg.so
weλ	weλəs	v;pst
weλ	weλλa	v;npst;pass
weλ	weλλajəm	v;npst;pass;stem;1sg
weλ	weλλan	v;npst;2pl.s:sg.o
weλ	weλλəλλam	v;npst;1sg.s:nsg.o
weλ	weλλԑm	v;npst;1sg.s:sg.o
weλpəs	weλpəs	n
weλpəsλə	weλpəsλəman	v;conv
weλpəsλə	weλpəsλəs	v;pst
weλpəsλə	weλpəsλəsŋən	v;pst;3du
weλpəsλə	weλpəsλəti	v;ipfv.part
weλśi	weλśi	adv
woj	woj	n
woj	wojleŋkeŋən	n;dim;du
woj	wojleŋkeŋənən	n;dim;du;loc
woj	wojleŋki	n;dim
woj	wojleŋkijn	n;dim;stem;loc
woj	wojn	n;loc
woj	wojən	n;loc
woj	wojət	n;pl
woj	wojətən	n;pl;loc
woj	wojλaλ	n;pl;3pl
woj	wojλaλ	n;pl;3sg
wopi	wopi	post
wort	wortti	v;ipfv.part
wot	wot	n
wot	wotəm	v;pfv.part
wotas	wotasa	n;dat
wońś	wońśsəλλe	v;pst;3sg.so
wońśi	wońśi	v
wońśəmut	wońśəmut	n
wośχ	wośχəsaŋən	v;pst;3du
wośχ	wośχԑmijəλλəλλe	v;punct;ipfv;npst;3sg.so
wośχi	wośχijəλ	v;stem;npst
woš	woš	n
woš	woša	n;dat
woš	wošen	n;2sg
woš	wošewa	n;1pl;dat
woš	wošn	n;loc
woš	wošən	n;loc
woš	wošəλa	n;3sg;dat
woš	wošԑm	n;1sg
wošit	wošitsəλəw	v;pst;1pl.s:nsg.o
wošət	wošəta	v;pass
wošət	wošətaλən	v;imp.pl.so
wošət	wošətman	v;conv
wošət	wošətsa	v;pst;pass
wošət	wošətsen	v;pst;2sg.s:sg.o
wošət	wošətλəm	v;npst;1sg
wošət	wošətλən	v;npst;2sg
woλʼńa	woλʼńajŋ	n;stem;attr
woχ	woχa	v;imp
woχ	woχantəs	v;detr;pst
woχ	woχe	v;imp.so
woχ	woχsa	v;pst;pass
woχ	woχsajət	v;pst;pass;stem;3pl
woχ	woχsen	v;pst;2sg.s:sg.o
woχ	woχsən	v;pst;2sg
woχ	woχsəλλe	v;pst;3sg.so
woχ	woχsԑm	v;pst;1sg.s:sg.o
woχ	woχti	v;ipfv.part
woχ	woχtԑmən	v;ipfv.part;1sg;loc
woχ	woχəm	v;pfv.part
woχ	woχənsajət	v;detr;pst;pass;stem;3pl
woχ	woχəs	v;pst
woχ	woχəλ	v;npst
woχ	woχλ	v;npst
woχ	woχλa	v;npst;pass
woχ	woχλeλ	v;npst;3pl.s:sg.o
woχ	woχλəm	v;npst;1sg
woχ	woχλən	v;npst;2sg
woχ	woχλət	v;npst;3pl
woχ	woχλԑm	v;npst;1sg.s:sg.o
woχəλ	woχəλ	v
woχəλt	woχəλtəs	v;pst
woχəλt	woχəλtəsət	v;pst;3pl
wuj	wuj	n
wuj	wujən	n;loc
wujəm	wujəmsa	v;pst;pass
wujəm	wujəmsajŋən	v;pst;pass;stem;3du
wuna	wuna	n
wurŋa	wurŋa	n
wusχəmt	wusχəmtəs	v;pst
wuś	wuśəmtəs	v;punct;pst
wuśk	wuśke	v;imp.so
wuśk	wuśkəm	v;pfv.part
wuśk	wuśkəmsəλλe	v;punct;pst;3sg.so
wuśkə	wuśkəm	v;pfv.part
wuśkə	wuśkəman	v;conv
wuśkə	wuśkəsλam	v;pst;1sg.s:nsg.o
wuśkə	wuśkəsλe	v;pst;3sg.so
wuśkə	wuśkəλλe	v;npst;3sg.so
wuśləχ	wuśləχa	n;dat
wuš	wuš	n
wuλ	wuλn	n;loc
wuλ	wuλԑmasa	v;punct;imp;=prtc
wuλi	wuλija	v;stem;imp
wuλi	wuλijasa	v;stem;imp;=prtc
wuλi	wuλijλ	v;stem;npst
wuλit	wuλitseλ	v;pst;3pl.s:sg.o
wuλit	wuλitλəλλe	v;npst;3sg.so
wuλt	wuλtəm	v;pfv.part
wuλʼi	wuλʼiλət	v;npst;3pl
wuχ	wuχ	n
wuχ	wuχa	n;dat
wuχ	wuχən	n;loc
wuχ	wuχəŋ	n;attr
wuχsar	wuχsar	n
wuχsar	wuχsarleŋki	n;dim
wuχsar	wuχsarlԑ	n;dim
wăt	wăt	prt
wɵ	wɵjəm	v;stem;pfv.part
wɵ	wɵs	v;pst
wɵ	wɵsŋən	v;pst;3du
wɵ	wɵsəm	v;pst;1sg
wɵ	wɵsən	v;pst;2sg
wɵ	wɵsət	v;pst;3pl
wɵ	wɵsλe	v;pst;3sg.so
wɵ	wɵti	v;ipfv.part
wɵ	wɵλ	v;npst
wɵ	wɵλem	v;npst;1sg.s:sg.o
wɵ	wɵλen	v;npst;2sg.s:sg.o
wɵ	wɵλeλ	v;npst;3pl.s:sg.o
wɵ	wɵλi	v;car
wɵ	wɵλi	v;npst;pass
wɵ	wɵλəm	v;npst;1sg
wɵ	wɵλən	v;npst;2sg
wɵ	wɵλԑm	v;npst;1sg.s:sg.o
wɵjt	wɵjtantəs	v;detr;pst
wɵjt	wɵjtijəλλaŋən	v;ipfv;npst;3du
wɵjt	wɵjtəm	v;pfv.part
wɵjt	wɵjtənti	v;detr;ipfv.part
wɵjt	wɵjtəs	v;pst
wɵjt	wɵjtλəm	v;npst;1sg
wɵjət	wɵjətsaŋən	v;pst;3du
wɵjət	wɵjətsət	v;pst;3pl
wɵjət	wɵjətsəw	v;pst;1pl
wɵjət	wɵjətsəλλe	v;pst;3sg.so
wɵjət	wɵjətti	v;ipfv.part
wɵjət	wɵjətλa	v;npst;pass
wɵjət	wɵjətλəm	v;npst;1sg
wɵjət	wɵjətλət	v;npst;3pl
wɵn	wɵn	adj
wɵn	wɵna	adj;adv
wɵn	wɵna	adj;dat
wɵnt	wɵnt	n
wɵnt	wɵnta	n;dat
wɵnt	wɵnta	post;dat
wɵnt	wɵnti	post;dat
wɵnt	wɵntn	n;loc
wɵnt	wɵntən	n;loc
wɵnti	wɵntiti	v;ipfv.part
wɵntəp	wɵntəp	n
wɵntər	wɵntər	n
wɵnše	wɵnšet	n;pl
wɵnši	wɵnšija	n;stem;dat
wɵnši	wɵnšijn	n;stem;loc
wɵnət	wɵnət	n
wɵnλ	wɵnλtəλ	v;caus;npst
wɵnλt	wɵnλtijλ	v;ipfv;npst
wɵnλt	wɵnλtijλsəm	v;ipfv;pst;1sg
wɵnλt	wɵnλtijλti	v;ipfv;ipfv.part
wɵnλt	wɵnλtijλλəm	v;ipfv;npst;1sg
wɵnλt	wɵnλtijλλən	v;ipfv;npst;2sg
wɵnλt	wɵnλtijλλəŋən	v;ipfv;npst;3du
wɵnλt	wɵnλtiλəs	v;ipfv;pst
wɵrt	wɵrt	n
wɵrt	wɵrten	n;2sg
wɵrt	wɵrtleŋkeλ	n;dim;3sg
wɵrt	wɵrtəŋ	n;attr
wɵrt	wɵrtəλ	n;3sg
wɵt	wɵt	n
wɵtšə	wɵtšəsew	v;pst;1pl.s:sg.o
wɵtšə	wɵtšəsti	v;pst;2pl
wɵtšə	wɵtšəsəm	v;pst;1sg
wɵtšə	wɵtšəsət	v;pst;3pl
wɵtʼśa	wɵtʼśa	adv
wɵś	wɵśəs	v;pst
wɵš	wɵšəs	v;pst
wɵλ	wɵλ	v
wɵλ	wɵλijəλiteλ	v;ipfv;ipfv;evid.prs;3pl
wɵλ	wɵλiteλən	v;ipfv;ipfv.part;3pl;loc
wɵλ	wɵλman	v;conv
wɵλ	wɵλmaλ	v;evid.pst;3sg
wɵλ	wɵλmaλ	v;pfv.part;3sg
wɵλ	wɵλmen	v;evid.pst;2sg
wɵλ	wɵλmətəs	v;punct;pst
wɵλ	wɵλmԑm	v;pfv.part;1sg
wɵλ	wɵλmԑmn	v;pfv.part;1sg;loc
wɵλ	wɵλtaλ	v;ipfv.part;3sg
wɵλ	wɵλtaλn	v;ipfv.part;3sg;loc
wɵλ	wɵλtenən	v;ipfv.part;2sg;loc
wɵλ	wɵλteλ	v;evid.prs;3pl
wɵλ	wɵλteλ	v;ipfv.part;3pl
wɵλ	wɵλteλən	v;ipfv.part;3pl;loc
wɵλ	wɵλti	v;ipfv.part
wɵλ	wɵλtԑm	v;ipfv.part;1sg
wɵλ	wɵλəm	v;pfv.part
wɵλ	wɵλəpsen	v;nmn;2sg
wɵλ	wɵλəpset	v;nmn;pl
wɵλ	wɵλəpsew	v;nmn;1pl
wɵλ	wɵλəpsi	v;nmn
wɵλ	wɵλλaŋən	v;npst;3du
wɵλ	wɵλλijəλλət	v;ipfv;npst;3pl
wɵλ	wɵλλijλ	v;ipfv;stem;npst
wɵλ	wɵλλəm	v;npst;1sg
wɵλ	wɵλλəmən	v;npst;1du
wɵλ	wɵλλən	v;npst;2sg
wɵλ	wɵλλət	v;npst;3pl
wɵλ	wɵλλəti	v;npst;2pl
wɵλ	wɵλλəw	v;npst;1pl
wɵλ	wɵλλəŋən	v;npst;3du
wɵλmət	wɵλmətλət	v;npst;3pl
wɵλtə	wɵλtəsi	v;pst;pass
wɵλtə	wɵλtəti	v;ipfv.part
wɵλʼλʼ	wɵλʼλʼəmenən	v;pfv.part;2sg;loc
wʉ	wʉja	v;stem;imp
wʉ	wʉjaλi	v;stem;imp.sg.s:nsg.o
wʉ	wʉje	v;stem;imp.so
wʉ	wʉjmaλ	v;stem;pfv.part;3sg
wʉ	wʉjmԑmən	v;stem;pfv.part;1sg;loc
wʉ	wʉs	v;pst
wʉ	wʉseλ	v;pst;3pl.s:sg.o
wʉ	wʉsi	v;pst;pass
wʉ	wʉsəm	v;pst;1sg
wʉ	wʉsən	v;pst;2sg
wʉ	wʉsəw	v;pst;1pl
wʉ	wʉsλe	v;pst;3sg.so
wʉ	wʉsԑm	v;pst;1sg.s:sg.o
wʉ	wʉti	v;ipfv.part
wʉ	wʉλen	v;npst;2sg.s:sg.o
wʉ	wʉλi	v;npst;pass
wʉ	wʉλəw	v;npst;1pl
wʉ	wʉλλe	v;npst;3sg.so
wʉnš	wʉnšijλ	v;ipfv;npst
wʉr	wʉra	n;dat
wʉr	wʉrn	n;loc
wʉr	wʉrən	n;loc
wʉr	wʉrən	post;loc
wʉr	wʉrəp	n;attr
wʉr	wʉrəŋ	n;attr
wʉr	wʉrəλ	n;3sg
wʉra	wʉra	n
wʉra	wʉraja	n;stem;dat
wʉrat	wʉratijλλət	v;ipfv;npst;3pl
wʉrat	wʉratti	v;ipfv.part
wʉrat	wʉratλ	v;npst
wʉrat	wʉratλəm	v;npst;1sg
wʉrat	wʉratλən	v;npst;2sg
wʉraś	wʉraś	n
wʉraś	wʉraśλən	v;npst;2sg
wʉraśtə	wʉraśtəti	v;ipfv.part
wʉrkəm	wʉrkəm	n
wʉrti	wʉrti	adj
wʉrśək	wʉrśəkleŋken	n;dim;2sg
wʉrśək	wʉrśəkleŋkenən	n;dim;2sg;loc
wʉrśək	wʉrśəkleŋkeλ	n;dim;3sg
wʉrśək	wʉrśəkleŋkeλən	n;dim;3sg;loc
wʉrśək	wʉrśəkleŋki	n;dim
wʉrśək	wʉrśəklԑ	n;dim
wʉrət	wʉrətti	v;ipfv.part
wʉrət	wʉrətəs	v;pst
wʉrət	wʉrətλət	v;npst;3pl
wʉs	wʉs	n
wʉs	wʉsa	n;dat
wʉs	wʉsən	n;loc
wʉs	wʉsəλ	n;3sg
wʉt	wʉt	adj
wʉt	wʉt	n
wʉt kɵrt	wʉt kɵrtən	n;loc
wʉt woš	wʉt woš	n
wʉti	wʉti	adv
wʉtpi	wʉtpija	post;stem;dat
wʉtpi	wʉtpijn	post;stem;loc
wʉtpi	wʉtpijən	post;stem;loc
wʉtśə	wʉtśəs	v;pst
wʉtśə	wʉtśəλən	v;npst;2sg
wʉtʼś	wʉtʼśijəλ	v;ipfv;npst
wʉtʼś	wʉtʼśijəλsaŋən	v;ipfv;pst;3du
wʉtʼś	wʉtʼśijəλsəλλe	v;ipfv;pst;3sg.so
wʉtʼś	wʉtʼśijλsəw	v;ipfv;pst;1pl
wʉśa	wʉśa	interj
wʉśa	wʉśa	n
wʉśa wɵλa	wʉśa wɵλa	v
wʉśit	wʉśitsəw	v;pst;1pl
wʉśit	wʉśitəλ	v;npst
wʉśŋa	wʉśŋa	n
wʉśԑm	wʉśԑme	v;imp.so
wʉśԑmə	wʉśԑməsλe	v;pst;3sg.so
wʉš	wʉš	n
wʉš	wʉša	post;dat
wʉλe	wʉλet	n;pl
wʉλe	wʉλeŋ	n;attr
wʉλi	wʉλi	n
wʉλi	wʉλije	n;dim
wʉλi	wʉλijeλ	n;dim;3sg
wʉλi	wʉλijn	n;stem;loc
wʉλi	wʉλijԑŋən	n;dim;du
wʉλi	wʉλiλam	n;pl;1sg
wʉλi	wʉλiλaλ	n;pl;3sg
wʉλi	wʉλiλin	n;pl;2/3du
wʉλi	wʉλiλəw	n;pl;1pl
wʉλԑ	wʉλԑŋ	n;attr
wԑnš	wԑnš	n
wԑnš	wԑnšət	n;pl
wԑnš	wԑnšəλ	n;3sg
wԑnš	wԑnšəλa	n;3sg;dat
wԑnšλʉw	wԑnšλʉw	n
wԑnšλʉw	wԑnšλʉwa	n;dat
wԑnšλʉw	wԑnšλʉwen	n;2sg
wԑnšλʉw	wԑnšλʉwəλ	n;3sg
wԑr	wԑr	n
wԑr	wԑra	v;imp
wԑr	wԑre	v;imp.so
wԑr	wԑren	n;2sg
wԑr	wԑreλ	n;3pl
wԑr	wԑrman	v;conv
wԑr	wԑrn	n;loc
wԑr	wԑrs	v;pst
wԑr	wԑrsa	v;pst;pass
wԑr	wԑrsaŋən	v;pst;3du
wԑr	wԑrsen	v;pst;2sg.s:sg.o
wԑr	wԑrsew	v;pst;1pl.s:sg.o
wԑr	wԑrsəmn	v;pst;1du
wԑr	wԑrsən	v;pst;2sg
wԑr	wԑrsət	v;pst;3pl
wԑr	wԑrsəλλe	v;pst;3sg.so
wԑr	wԑrtaλ	v;ipfv.part;3sg
wԑr	wԑrti	v;ipfv.part
wԑr	wԑrəm	v;pfv.part
wԑr	wԑrəmta	v;punct;ipfv.part
wԑr	wԑrəmti	v;punct;ipfv.part
wԑr	wԑrəntsəŋən	v;detr;pst;3du
wԑr	wԑrəntəs	v;detr;pst
wԑr	wԑrəs	v;pst
wԑr	wԑrət	n;pl
wԑr	wԑrəλ	v;npst
wԑr	wԑrλ	v;npst
wԑr	wԑrλa	v;npst;pass
wԑr	wԑrλaŋən	v;npst;3du
wԑr	wԑrλen	v;npst;2sg.s:sg.o
wԑr	wԑrλew	v;npst;1pl.s:sg.o
wԑr	wԑrλeλ	v;npst;3pl.s:sg.o
wԑr	wԑrλəm	v;npst;1sg
wԑr	wԑrλəmən	v;npst;1du
wԑr	wԑrλən	v;npst;2sg
wԑr	wԑrλԑm	v;npst;1sg.s:sg.o
wԑra	wԑra	adv
wԑrsta	wԑrsta	n
wԑrt	wԑrtəmtsa	v;punct;pst;pass
wԑrəm	wԑrəmλəmn	v;npst;1du
wԑrət	wԑrətəs	v;pst
wԑrət	wԑrətəλ	v;npst
wԑrλə	wԑrλəmaλən	v;pfv.part;3sg;loc
wԑrλə	wԑrλəs	v;pst
wԑŋ	wԑŋəλ	n;3sg
wԑš	wԑš	n
ăkm	ăkməs	v;pst
ăkt	ăkte	v;imp.so
ăkt	ăktəs	v;pst
ăkt	ăktəśijəλsət	v;detr;ipfv;pst;3pl
ăkt	ăktəśsəmn	v;detr;pst;1du
ăkt	ăktəśsəw	v;detr;pst;1pl
ăkt	ăktəśti	v;detr;ipfv.part
ăkt	ăktəśəs	v;detr;pst
ăkəm	ăkəmmeλ	v;evid.pst;3pl
ăkət	ăkətsajət	v;pst;pass;stem;3pl
ăkət	ăkətsew	v;pst;1pl.s:sg.o
ăkət	ăkətsəm	v;pst;1sg
ăkət	ăkətsəw	v;pst;1pl
ăkət	ăkətsəλəw	v;pst;1pl.s:nsg.o
ăkət	ăkətti	v;ipfv.part
ăkət	ăkətəλ	v;npst
ăl	ălijλ	v;ipfv;stem;npst
ămərλə	ămərλəλijti	v;ipfv;ipfv.part
ăn	ăn	prt
ăna-na	ăna-na	interj
ănt	ănt	prt
ăntɵ	ăntɵ	prt
ăntɵm	ăntɵm	prt
ăntɵm	ăntɵmət	prt;pl
ănśi	ănśi	prt
ăpəλ	ăpəλməs	v;punct;pst
ăs	ăs	n
ăŋkərm	ăŋkərmijəs	v;ipfv;pst
ăŋkərmə	ăŋkərməs	v;pst
ăŋkərmə	ăŋkərməti	v;ipfv.part
ăŋkərt	ăŋkərtəs	v;pst
ăškola	ăškola	n
ăškola	ăškolaja	n;stem;dat
ăškola	ăškolajn	n;stem;loc
ăλ	ăλ	adj
ăλ	ăλ	adv
ăλ	ăλ	prt
ăλ	ăλman	v;conv
ăλ	ăλsew	v;pst;1pl.s:sg.o
ăλ	ăλsəm	v;pst;1sg
ăλ	ăλəm	v;pfv.part
ăλ	ăλλʼəti	v;iter;ipfv.part
ăλnɵ	ăλnɵ	prt
ăλnɵmλa	ăλnɵmλa	prt
ńar	ńar	adj
ńarkʉrti	ńarkʉrti	adv
ńatši	ńatši	v
ńawkə	ńawkəs	v;pst
ńawr	ńawr	n
ńawrԑm	ńawrԑm	n
ńawrԑm	ńawrԑmət	n;pl
ńawrԑm	ńawrԑməŋ	n;attr
ńawrԑm	ńawrԑməλ	n;3sg
ńawrԑm	ńawrԑmλam	n;pl;1sg
ńawrԑm	ńawrԑmλamn	n;pl;1sg;loc
ńawrԑm	ńawrԑmλan	n;pl;2sg
ńawrԑm	ńawrԑmλaλ	n;pl;3sg
ńawrԑm	ńawrԑmλin	n;pl;2/3du
ńawrԑm	ńawrԑmλəmn	n;pl;1du
ńawər	ńawərn	n;loc
ńań	ńań	n
ńań	ńańn	n;loc
ńań	ńańəλ	n;3sg
ńań	ńańԑm	n;1sg
ńaλm	ńaλmen	n;2sg
ńaλm	ńaλmeλ	n;3pl
ńaλm	ńaλməλ	n;3sg
ńaλəm	ńaλəm	n
ńaλəm	ńaλəmən	n;loc
ńaλəm	ńaλəmλi	n;car
ńeλ	ńeλen	n;2sg
ńeλ	ńeλəλn	n;3sg;loc
ńeλ	ńeλλa	v;npst;pass
ńeλ	ńeλλajət	v;npst;pass;stem;3pl
ńeλt	ńeλtəmət	v;pfv.part;pl
ńeλt	ńeλtəsti	v;detr;ipfv.part
ńir	ńirpi	n;propr
ńir	ńirəŋ	n;attr
ńiwəλ	ńiwəλ	cardnum
ńorśə	ńorśəsət	v;pst;3pl
ńorəm	ńorəm	n
ńorəm	ńorəma	n;dat
ńorət	ńorətsəλλe	v;pst;3sg.so
ńot	ńota	v;imp
ńot	ńotλen	v;npst;2sg.s:sg.o
ńot	ńotλəm	v;npst;1sg
ńot	ńotλən	v;npst;2sg
ńoλ	ńoλ	n
ńoλ	ńoλn	n;loc
ńoλ	ńoλən	n;loc
ńoλ	ńoλət	n;pl
ńoλ	ńoλəλ	n;3sg
ńoλ	ńoλԑm	n;1sg
ńoλ wej	ńoλ wej	n
ńuλ	ńuλ	n
ńuλ	ńuλəλən	n;3sg;loc
ńuχa	ńuχati	v;ipfv.part
ńuχa	ńuχaλ	v;npst
ńuχa	ńuχaλət	v;npst;3pl
ńuχaλ	ńuχaλtəλe	v;caus;3sg.so
ńuχaλ	ńuχaλət	v;3pl
ńuχe	ńuχeλ	n;3sg
ńuχi	ńuχi	n
ńuχs	ńuχsət	n;pl
ńuχəs	ńuχəs	n
ńuχλ	ńuχλəs	v;pst
ńăš	ńăšsəw	v;pst;1pl
ńăšaχ	ńăšaχ	n
ńăλ	ńăλ	cardnum
ńăλjaŋ	ńăλjaŋ	cardnum
ńăλmit	ńăλmit	ordnum
ńăλməŋ	ńăλməŋ	adj
ńăχ	ńăχ	n
ńăχ	ńăχa	n;dat
ńăχ	ńăχijəs	v;ipfv;pst
ńăχ	ńăχman	v;conv
ńăχ	ńăχn	n;loc
ńăχ	ńăχsəmn	v;pst;1du
ńăχ	ńăχsət	v;pst;3pl
ńăχ	ńăχsəw	v;pst;1pl
ńăχ	ńăχti	v;ipfv.part
ńăχ	ńăχəs	v;pst
ńăχ	ńăχəλ	v;npst
ńăχ	ńăχλəm	v;npst;1sg
ńăχər	ńăχərλət	v;npst;3pl
ńăχχət	ńăχχətəs	v;pst
ńăχχət	ńăχχətəλ	v;npst
ńăχχət	ńăχχətλəw	v;npst;1pl
ńɵrəm	ńɵrəm	n
ńɵrəm	ńɵrəma	n;dat
ńɵrəm	ńɵrəmən	n;loc
ńɵrəm	ńɵrəməλ	n;3sg
ńɵλ	ńɵλsəŋən	v;pst;3du
ńɵχm	ńɵχməs	v;pst
ńɵχəλ	ńɵχəλsəλλe	v;pst;3sg.so
ńɵχəλ	ńɵχəλti	v;ipfv.part
ńɵχəλ	ńɵχəλλa	v;npst;pass
ńʉki	ńʉki	n
ńʉr	ńʉr	prt
ńʉr	ńʉrəm	v;pfv.part
ńʉra	ńʉra	prt
śarka	śarka	n
śarka	śarkajən	n;stem;loc
śarka	śarkajəλ	n;stem;3sg
śatʼśaśԑ	śatʼśaśԑm	n;1sg
śatʼśaśԑ	śatʼśaśԑma	n;1sg;dat
śaśe	śaśeλ	n;3sg
śaśԑ	śaśԑm	n;1sg
śempər	śempər	n
śeλt	śeλtəs	v;pst
śi	śi	pro
śi	śi	prt
śiməś	śiməś	pro
śir	śir	n
śir	śiren	n;2sg
śir	śirenən	post;2sg;loc
śir	śirn	n;loc
śir	śirən	n;loc
śir	śirən	post;loc
śir	śirəλn	post;3sg;loc
śir	śirəλən	n;3sg;loc
śir	śirəλən	post;3sg;loc
śir	śirλ	n;3sg
śir	śirԑmn	post;1sg;loc
śir	śirԑmən	post;1sg;loc
śirn	śirn	adv
śirən	śirən	adv
śit	śit	pro
śit	śitew	pro;1pl
śit	śitət	pro;pl
śit	śitəλ	pro;3sg
śit	śitəλən	pro;3sg;loc
śit	śitλ	pro;3sg
śit	śitλən	pro;3sg;loc
śiti	śiti	adv
śiw	śiw	adv
śiweλt	śiweλt	adv
śiśke	śiśken	n;2sg
śiśke	śiśket	n;pl
śiśki	śiśkijən	n;stem;loc
śiśki	śiśkileŋkeλ	n;dim;3sg
śiśki	śiśkileŋki	n;dim
śiśki-śew-śew	śiśki-śew-śew	interj
śiśki-śew-śew-śew	śiśki-śew-śew-śew	interj
śiχ	śiχ	adv
śom	śom	n
śors	śorsa	n;dat
śors	śorsijena	n;dim;2sg;dat
śors	śorsəλ	n;3sg
śors	śorsəλa	n;3sg;dat
śorəs	śorəs	n
śorəs	śorəsa	n;dat
śorəs	śorəsn	n;loc
śos	śos	n
śos	śosa	n;dat
śumpəλ	śumpəλən	n;loc
śuras	śuras	n
śuras	śurasən	n;loc
śurəm	śurəmsət	v;pst;3pl
śurəmt	śurəmtəs	v;pst
śurəs	śurəs	n
śurəs	śurəsəŋ	n;attr
śurəλt	śurəλtəs	v;pst
śuχalԑ	śuχalԑŋ	n;attr
śăkm	śăkmaλən	v;3sg;loc
śărt	śărtəŋ	n;attr
śăta	śăta	adv
śăλta	śăλta	adv
śăχa	śăχa	adv
śăχr	śăχrət	n;pl
śăχər	śăχər	n
śɵŋχi	śɵŋχitsajət	v;caus;pst;pass;stem;3pl
śʉń	śʉńsət	v;pst;3pl
śʉń	śʉńənən	n;2/3du;loc
śʉń	śʉńəŋa	n;attr;adv
śʉń	śʉńəλ	n;3sg
śʉŋk	śʉŋkətən	n;pl;loc
śʉŋkari	śʉŋkarijən	n;stem;loc
śԑl	śԑl	adj
śԑlwuχ	śԑlwuχ	n
śԑmja	śԑmjajəŋ	n;stem;attr
śԑp	śԑp	n
śԑp	śԑpa	n;dat
śԑp	śԑpəλ	n;3sg
śԑλ	śԑλ	adj
šaj	šaj	n
šaj	šajən	n;loc
šakən	šakənməλ	v;punct;npst
šalit	šalitman	v;conv
šarp	šarp	n
šarp	šarpen	n;2sg
šarʼit	šarʼitλəλam	v;npst;1sg.s:nsg.o
šawi	šawijλsajəm	v;ipfv;pst;pass;stem;1sg
šawi	šawisajət	v;pst;pass;stem;3pl
šawi	šawitaλən	v;ipfv.part;3sg;loc
šawi	šawitenən	v;ipfv.part;2sg;loc
šawλʼəŋ	šawλʼəŋ	adj
šawԑs	šawԑssət	v;pst;3pl
šaλʼ	šaλʼ	adv
šaλʼ	šaλʼa	adv;dat
šaλʼ	šaλʼԑməsi	v;punct;pst;pass
šiməλ	ara-šiməλ	adv;adv;adv
šiməλ	šiməλ	adv
šiməλ	šiməλna	adv;loc
šiməλ	šiməλšək	adv;cmpr
šimλ	šimλa	adv;dat
šitəm	šitəm	adj
šiw	šiwəŋ	n;attr
šiw	šiwəλ	n;3sg
šiwaλə	šiwaλəs	v;pst
šiwaλə	šiwaλəsmən	v;pst;1du
šiwaλə	šiwaλəsəw	v;pst;1pl
šiwaλə	šiwaλəsλe	v;pst;3sg.so
šiwaλə	šiwaλəsλԑ	v;pst;3sg.so
šiwaλə	šiwaλəλ	v;npst
šojt	šojt	n
šojt	šojta	n;dat
šop	šop	prt
šowr	šowrije	n;dim
šowr	šowrət	n;pl
šowr	šowrəta	n;pl;dat
šowr	šowrəλ	n;3sg
šowər	šowər	n
šowər	šowərleŋki	n;dim
šowər	šowərlԑ	n;dim
šowər	šowərlԑn	n;dim;2sg
šowər	šowərλaλ	n;pl;3sg
šoš	šoš	n
šoš	šošət	n;pl
šošəm	šošəmsəλe	v;pst;3sg.so
šošəm	šošəmti	v;ipfv.part
šuma	šumajԑm	post;stem;1sg
šumər	šumərməsi	v;punct;pst;pass
šănš	šănš	n
šănš	šănša	n;dat
šănš	šănšəλ	n;3sg
šănš	šănšəλən	n;3sg;loc
šăŋk	šăŋka	adj;dat
šăŋkap	šăŋkap	adv
šăš	šăš	n
šăš	šăšən	n;loc
šăš	šăšəŋ	n;attr
šăš	šăšəλ	n;3sg
šăš	šăšəλən	n;3sg;loc
šăšm	šăšməλ	v;npst
šɵjt	šɵjtiλaλən	v;ipfv;imp.pl.so
šɵk	šɵk	n
šɵk	šɵka	n;dat
šɵk	šɵkn	n;loc
šɵk	šɵkəŋ	n;attr
šɵkat	šɵkatti	v;ipfv.part
šɵkaś	šɵkaśa	v;imp
šɵnš	šɵnšən	n;loc
šɵnše	šɵnšeλ	n;3sg
šɵnši	šɵnši	n
šɵnši	šɵnšijn	n;stem;loc
šɵnši	šɵnšin	n;loc
šɵp	owšɵpλaλ	n;n;pl;3sg
šɵp	šɵp	n
šɵp	šɵpa	n;dat
šɵp	šɵpa	post;dat
šɵp	šɵpen	n;2sg
šɵp	šɵpi	n;dat
šɵp	šɵpi	post;dat
šɵp	šɵpn	n;loc
šɵp	šɵpəŋ	n;attr
šɵp	šɵpəλ	n;3sg
šɵp	šɵpԑm	n;1sg
šɵt	šɵtλən	v;npst;2sg
šɵtši	šɵtši	v
šɵŋχsə	šɵŋχsəsi	v;pst;pass
šɵŋχsə	šɵŋχsəsλe	v;pst;3sg.so
šɵŋχsə	šɵŋχsəλλe	v;npst;3sg.so
šɵš	šɵša	v;imp
šɵš	šɵšijəλti	v;ipfv;ipfv.part
šɵš	šɵšijλ	v;ipfv;npst
šɵš	šɵšijλλən	v;ipfv;npst;2sg
šɵš	šɵšiλa	v;ipfv;imp
šɵš	šɵšiλəs	v;ipfv;pst
šɵš	šɵšiλəsəm	v;ipfv;pst;1sg
šɵš	šɵšman	v;conv
šɵš	šɵšməs	v;punct;pst
šɵš	šɵšsaŋən	v;pst;3du
šɵš	šɵšsəm	v;pst;1sg
šɵš	šɵšəmsa	v;punct;pst;pass
šɵš	šɵšəmsəm	v;punct;pst;1sg
šɵš	šɵšəmsət	v;punct;pst;3pl
šɵš	šɵšəmsəw	v;punct;pst;1pl
šɵš	šɵšəməs	v;punct;pst
šɵš	šɵšəs	v;pst
šɵš	šɵšəλ	v;npst
šɵš	šɵšλ	v;npst
šɵš	šɵšλaŋən	v;npst;3du
šʉk	šʉk	n
šʉk	šʉka	n;dat
šʉk	šʉkət	n;pl
šʉnš	šʉnš	n
šʉwaλə	šʉwaλəs	v;pst
šʉwaλə	šʉwaλəsət	v;pst;3pl
šʉwaλə	šʉwaλəsλe	v;pst;3sg.so
šʉwaλə	šʉwaλəti	v;ipfv.part
šԑŋk	šԑŋk	adv
ɵmpi	ɵmpija	n;stem;dat
ɵməś	ɵməś	adj
ɵpət	ɵpət	n
ɵpət	ɵpətλaλ	n;pl;3sg
ɵpət	ɵpətλən	n;pl;2/3du
ɵŋχ	ɵŋχən	n;loc
ɵχt	ɵχti	post;dat
ɵχti	ɵχtija	post;stem;dat
ɵχti	ɵχtijn	post;stem;loc
ɵχti	ɵχtijən	post;stem;loc
ɵχtԑ	ɵχtԑma	post;1sg;dat
ɵχəλ	ɵχəλ	n
ɵχəλ	ɵχəλa	n;dat
ɵχəλ	ɵχəλleŋkija	n;dim;stem;dat
ɵχəλ	ɵχəλleŋkԑm	n;dim;1sg
ɵχəλ	ɵχəλn	n;loc
ɵχλ	ɵχλəŋ	n;attr
ɵχλ	ɵχλəλ	n;3sg
ɵχλ	ɵχλəλa	n;3sg;dat
ɵχλ	ɵχλԑm	n;1sg
ʉp	ʉpəλ	n;3sg
ʉw	ʉw	n
ʉw	ʉwman	v;conv
ʉw	ʉwti	v;ipfv.part
ʉw	ʉwtijəs	v;caus;ipfv;pst
ʉw	ʉwtəs	v;caus;pst
ʉw	ʉwətsəm	v;caus;pst;1sg
ʉw	ʉwətəλ	v;caus;npst
ʉw	ʉwəλ	v;npst
ʉw	ʉwəλət	v;npst;3pl
ʉw	ʉwλ	v;npst
ʉw	ʉwλəm	v;npst;1sg
ʉw	ʉwλən	v;npst;2sg
ʉŋəλ	ʉŋəλa	n;dat
ʉŋλ	ʉŋλəλ	n;3sg
λaj	λaj	adj
λajm	λajmen	n;2sg
λajm	λajmət	n;pl
λajm	λajməλ	n;3sg
λajm	λajmԑm	n;1sg
λajəm	λajəm	n
λajəm	λajəmən	n;loc
λajəm	λajəməλ	n;3sg
λampi	λampi	post
λant	λant	n
λant	λantəŋ	n;attr
λapka	λapkaja	n;stem;dat
λapka	λapkajət	n;stem;pl
λapət	λapət	cardnum
λapət	λapət	n
λapət	λapətsəλλən	v;pst;3du.s:pl.o
λapət	λapətti	v;ipfv.part
λapət	λapətλəλe	v;npst;3sg.so
λapətjaŋ	λapətjaŋ	cardnum
λaraś	λaraś	n
λat	λatmaλ	v;evid.pst;3sg
λat	λatəmtəs	v;punct;pst
λat	λatəs	v;pst
λat	λatλ	v;npst
λat	λatλa	v;npst;pass
λat	λatλət	v;npst;3pl
λawərt	λawərt	adj
λawəλ	λawəλ	v
λawəλ	λawəλman	v;conv
λawəλ	λawəλməλen	v;punct;npst;2sg.s:sg.o
λawəλ	λawəλti	v;ipfv.part
λawəλ	λawəλλen	v;npst;2sg.s:sg.o
λawəλ	λawəλλeλ	v;npst;3pl.s:sg.o
λawəλ	λawəλλəm	v;npst;1sg
λawəλ	λawəλλԑm	v;npst;1sg.s:sg.o
λawλ	λawλa	v;imp
λawλ	λawλe	v;imp.so
λawλ	λawλtaλ	v;ipfv.part;3sg
λawλ	λawλəs	v;pst
λawλ	λawλəs-λawλəs	v;pst;v;pst
λawλ	λawλəsman	v;detr;conv
λawλ	λawλəsmew	v;detr;pfv.part;1pl
λawλ	λawλəsλ	v;detr;npst
λawԑm	λawԑmaλi	v;imp.sg.s:nsg.o
λawԑmə	λawԑməλ	v;npst
λawԑmə	λawԑməλλe	v;npst;3sg.so
λaŋke	λaŋkeλ	n;3sg
λaŋki	λaŋki	n
λaŋki	λaŋkija	n;stem;dat
λaŋkԑ	λaŋkԑŋ	n;attr
λaŋəλ	λaŋəλa	n;dat
λaŋəλ	λaŋəλən	n;loc
λaŋλ	λaŋλəŋ	n;attr
λaλt	λaλtijəλ	v;ipfv;npst
λaλʼ	λaλʼ	n
λaλʼ	λaλʼa	n;dat
λaλʼ	λaλʼəŋ	n;attr
λaλʼəs	λaλʼəssət	v;pst;3pl
λaλʼəs	λaλʼəssəŋən	v;pst;3du
λe	λewa	v;stem;imp
λeśtan	λeśtan	n
λeśtan	λeśtanleŋken	n;dim;2sg
λeśtan	λeśtanleŋkeλ	n;dim;3sg
λeśtan	λeśtanleŋki	n;dim
λeśtan	λeśtanλԑλ	n;dim;3sg
λeśət	λeśətsa	v;pst;pass
λeśət	λeśətseλ	v;pst;3pl.s:sg.o
λeśət	λeśətsəλe	v;pst;3sg.so
λeśət	λeśətλԑmsa	v;npst;1sg.s:sg.o;=prtc
λeλ	λeλəmiλa	v;punct;ipfv;imp
λij	λijλaŋən	v;npst;3du
λik	λika	adj;dat
λikaś	λikaśman	v;conv
λikaś	λikaśsət	v;pst;3pl
λikaś	λikaśəs	v;pst
λikm	λikmijs	v;ipfv;pst
λikəś	λikəśsaŋən	v;pst;3du
λikəś	λikəśəs	v;pst
λin	λin	pro
λin	λinən	pro;2.nsg
λin	λinət	pro;acc
λipi	λipija	n;stem;dat
λipi	λipija	post;stem;dat
λipi	λipijn	post;stem;loc
λipi	λipijən	n;stem;loc
λipi	λipijən	post;stem;loc
λipət	λipətsa	v;pst;pass
λis	λis	n
λis	λisλəw	n;pl;1pl
λit	λitəλ	n;3sg
λitəp	λitəp	n
λiw	poχəλ-λiwəλ	n;n;3sg
λiw	λiw	n
λiw	λiw	pro
λiw	λiwa	n;dat
λiw	λiwen	n;2sg
λiw	λiweλa	pro;3sg;dat
λiw	λiwlԑ	n;dim
λiw	λiwŋəλən	n;du.poss;2/3du
λiw	λiwət	pro;acc
λiw	λiwəλ	n;3sg
λiw	λiwəλən	n;3sg;loc
λiw	λiwԑm	n;1sg
λiλ	λiλ	n
λiλ	λiλəŋa	n;attr;adv
λiλ	λiλəŋa	n;attr;dat
λiλ	λiλəλ	n;3sg
λiλəŋ	λiλəŋλəm	v;ipfv;pfv.part
λiλəŋ	λiλəŋλəs	v;ipfv;pst
λiλλə	λiλλəs	v;pst
λon	λon	n
λopat kɵrt	λopat kɵrta	n;dat
λopat kɵrt	λopat kɵrtew	n;1pl
λor	λor	n
λor	λora	n;dat
λor woš	λor woš	n
λow	λow	n
λow	λowen	n;2sg
λow	λowije	n;dim
λow	λowijewa	n;dim;stem;dat
λow	λowijeλ	n;dim;3sg
λow	λowlԑŋki	n;dim
λow	λowən	n;loc
λow	λowəŋ	n;attr
λow	λowəλ	n;3sg
λow	λowəλa	n;3sg;dat
λow	λowλ	n;3sg
λow	λowλaλ	n;pl;3sg
λow	λowԑm	n;1sg
λońś	λońś	n
λońś	λońśa	n;dat
λońś	λońśen	n;2sg
λońś	λońśəλλam	v;npst;1sg.s:nsg.o
λońś	λońśλəλλe	v;npst;3sg.so
λońəλ	λońəλijəλew	v;ipfv;npst;1pl.s:sg.o
λońλ	λońλsəλλe	v;pst;3sg.so
λoś	λoś	n
λoś	λośa	n;dat
λoś	λośman	v;conv
λośsԑm	λośsԑm	n
λośsԑm	λośsԑmije	n;dim
λoλ	λoλ	v
λoλ	λoλijəλ	v;ipfv;npst
λoλəm	λoλəmsajət	v;pst;pass;stem;3pl
λoλʼ	λoλʼ	v
λoλʼ	λoλʼa	v;imp
λoλʼ	λoλʼatən	v;imp.du
λoλʼ	λoλʼiλisət	v;ipfv;pst;3pl
λoλʼ	λoλʼiλəλ	v;ipfv;npst
λoλʼ	λoλʼsət	v;pst;3pl
λoλʼ	λoλʼten	v;ipfv.part;2sg
λoλʼ	λoλʼəm	v;pfv.part
λoλʼ	λoλʼəmta	v;punct;imp
λoλʼ	λoλʼəmtəs	v;punct;pst
λoλʼ	λoλʼəs	v;pst
λoλʼ	λoλʼλəm	v;npst;1sg
λoλʼ	λoλʼλən	v;npst;2sg
λoλʼ	λoλʼλət	v;npst;3pl
λoλʼman 	λoλʼman	adv
λupas	šănšəŋ-λupas	n;attr;n
λurt	λurtti	v;ipfv.part
λuwat	λuwat	n
λuwatte	λuwatteŋ	n;attr
λuwatte	λuwatteλən	n;3sg;loc
λuwatti	λuwattija	n;stem;dat
λuwatti	λuwattijən	post;stem;loc
λuwattijən	λuwattijən	post
λuŋ	λuŋa	v;imp
λuŋ	λuŋati	v;imp.pl
λuŋ	λuŋijəs	v;ipfv;pst
λuŋ	λuŋman	v;pfv.part;3du
λuŋ	λuŋmaλ	v;pfv.part;3sg
λuŋ	λuŋsaŋən	v;pst;3du
λuŋ	λuŋsət	v;pst;3pl
λuŋ	λuŋtaλ	v;ipfv.part;3sg
λuŋ	λuŋti	v;ipfv.part
λuŋ	λuŋəm	v;pfv.part
λuŋ	λuŋəməs	v;punct;pst
λuŋ	λuŋəs	v;pst
λuŋ	λuŋətλʼəλəm	v;caus;detr;npst;1sg
λuŋ	λuŋəλ	v;npst
λuŋ	λuŋԑməs	v;punct;pst
λuŋ	λuŋԑməsəm	v;punct;pst;1sg
λuŋ	λuŋԑmətaλ	v;punct;ipfv.part;3sg
λuŋ	λuŋԑməλ	v;punct;npst
λuŋt	λuŋtəs	v;pst
λuŋəλ	λuŋəλsəλλe	v;pst;3sg.so
λuŋəλ	λuŋəλti	v;ipfv.part
λuλ	λuλsa	v;pst;pass
λuλa	λuλas	v;pst
λuλa	λuλati	v;ipfv.part
λuλən	λuλən	verbprt
λuχət	λuχətti	v;ipfv.part
λăr	λărԑməs	v;punct;pst
λări	λărijəs	v;stem;pst
λări	λărijəλ	v;stem;npst
λări	λărisaŋən	v;pst;3du
λări	λăriti	v;ipfv.part
λărpi	λărpitsəλam	v;caus;pst;1sg.s:nsg.o
λărpi	λărpitti	v;caus;ipfv.part
λărpət	λărpətsəλλe	v;pst;3sg.so
λărŋəλ	λărŋəλsəλλe	v;pst;3sg.so
λărŋəλ	λărŋəλλa	v;npst;pass
λăŋkr	λăŋkra	n;dat
λăŋkər	λăŋkər	n
λăŋkər	λăŋkərŋəλ	n;du.poss
λăŋkər	λăŋkərλaλ	n;pl;3pl
λăŋχ	λăŋχmətλən	v;punct;npst;2sg
λăŋχa	λăŋχas	v;pst
λăŋχa	λăŋχaλ	v;npst
λăŋχa	λăŋχaλəm	v;npst;1sg
λăλ	λăλ	n
λăχər	λăχər	n
λăχər	λăχərən	n;loc
λăχər	λăχərəλ	n;3sg
λɵj	λɵjti	v;ipfv.part
λɵjt	λɵjtət	n;pl
λɵjəŋ	λɵjəŋ	n
λɵmt	λɵmtəs	v;pst
λɵmət	λɵmətman	v;conv
λɵmət	λɵmətλʼəsŋən	v;detr;pst;3du
λɵmətλʼə	λɵmətλʼəs	v;pst
λɵnt	λɵntət	n;pl
λɵp	λɵpa	n;dat
λɵs	λɵs	n
λɵt	λɵta	v;imp
λɵt	λɵtijλsajmən	v;ipfv;pst;pass;stem;1du
λɵt	λɵtsəm	v;pst;1sg
λɵt	λɵtsət	v;pst;3pl
λɵt	λɵtti	v;ipfv.part
λɵt	λɵtəs	v;pst
λɵŋχ	λɵŋχ	n
λɵŋχ	λɵŋχəλ	n;3sg
λɵλn	λɵλn	verbprt
λɵλən	λɵλən	verbprt
λɵχs	λɵχsəŋa	n;attr;adv
λɵχs	λɵχsəλ	n;3sg
λɵχs	λɵχsԑm	n;1sg
λɵχs	λɵχsԑmn	n;1sg;loc
λɵχəs	λɵχəs	n
λɵχəs	λɵχəsλaλ	n;pl;3sg
λɵχəs	λɵχəsλaλa	n;pl;3sg;dat
λʉj	λʉj	n
λʉj	λʉjn	n;loc
λʉj	λʉjλaλn	n;pl;3sg;loc
λʉw	λʉw	pro
λʉw	λʉweλ	pro;3sg
λʉw	λʉweλa	pro;3sg;dat
λʉw	λʉwti	pro;acc
λʉw	λʉwət	pro;acc
λʉŋ	λʉŋ	n
λʉŋ	λʉŋa	n;dat
λʉŋ	λʉŋn	n;loc
λʉŋ	λʉŋən	n;loc
λʉŋt	λʉŋta	post;dat
λʉŋt	λʉŋti	post;dat
λʉŋtəs	λʉŋtəsti	v;ipfv.part
λʉŋət	λʉŋətsa	v;pst;pass
λʉŋət	λʉŋətsajət	v;pst;pass;stem;3pl
λʉŋət	λʉŋətsəλλe	v;pst;3sg.so
λʼawt	λʼawtijəλsaŋən	v;ipfv;pst;3du
λʼawtəŋ	λʼawtəŋ	adj
λʼawət	λʼawətsən	v;pst;2sg
λʼawət	λʼawəttaλən	v;ipfv.part;3sg;loc
λʼawət	λʼawətti	v;ipfv.part
λʼawət	λʼawəttijəλsajəm	v;caus;ipfv;pst;pass;stem;1sg
λʼawət	λʼawəttəsajəm	v;caus;pst;pass;stem;1sg
λʼawət	λʼawəttəti	v;caus;ipfv.part
λʼawət	λʼawəttəλijəm	v;caus;npst;pass;stem;1sg
λʼawət	λʼawətəλ	v;npst
λʼawət	λʼawətλ	v;npst
λʼuχit	λʼuχite	v;imp.so
λʼuχit	λʼuχitəs	v;pst
λʼuχit	λʼuχitλa	v;npst;pass
λʼăχət	λʼăχətti	v;ipfv.part
λʼăχət	λʼăχətəs	v;pst
λԑ	λԑsew	v;pst;1pl.s:sg.o
λԑ	λԑsi	v;pst;pass
λԑ	λԑsŋən	v;pst;3du
λԑ	λԑsəm	v;pst;1sg
λԑ	λԑsən	v;pst;2sg
λԑ	λԑsət	v;pst;3pl
λԑ	λԑsəw	v;pst;1pl
λԑ	λԑsλe	v;pst;3sg.so
λԑ	λԑsλən	v;pst;du.so
λԑ	λԑtaλ	v;ipfv.part;3sg
λԑ	λԑti	v;ipfv.part
λԑ	λԑtԑm	v;ipfv.part;1sg
λԑ	λԑwa	v;stem;imp
λԑ	λԑwman	v;stem;conv
λԑ	λԑwmaλ	v;stem;pfv.part;3pl
λԑ	λԑwmeλ	v;stem;pfv.part;3pl
λԑ	λԑλ	v;npst
λԑ	λԑλew	v;npst;1pl.s:sg.o
λԑ	λԑλijət	v;npst;pass;stem;3pl
λԑ	λԑλəm	v;npst;1sg
λԑ	λԑλԑm	v;npst;1sg.s:sg.o
λԑməŋ	λԑməŋ	n
λԑp	λԑpəs	v;pst
λԑp	λԑpəλ	v;npst
λԑpəŋ	λԑpəŋ	n
λԑpəŋ	λԑpəŋa	n;dat
λԑpəŋ	λԑpəŋn	n;loc
λԑpəλ	λԑpəλsən	v;pst;2sg
λԑpəλ	λԑpəλsəλλe	v;pst;3sg.so
λԑpəλ	λԑpəλti	v;ipfv.part
λԑpəλ	λԑpəλλəm	v;npst;1sg
λԑpəλt	λԑpəλtijλti	v;ipfv;ipfv.part
λԑr	λԑrən	n;loc
λԑrməλ	λԑrməλte	v;caus;imp.so
λԑrməλ	λԑrməλλajən	v;npst;pass;stem;2sg
λԑtut	λԑtut	n
λԑtut	λԑtutən	n;loc
λԑtut	λԑtutət	n;pl
λԑtut	λԑtutəŋ	n;attr
λԑtut	λԑtutλaλ	n;pl;3pl
λԑtut	λԑtutλəw	n;pl;1pl
λԑwasa	λԑwasa	adv
λԑλ	λԑλ	adj
λԑλ	λԑλa	v;imp
λԑλ	λԑλašək	adj;adv;cmpr
λԑλ	λԑλijəλsət	v;ipfv;pst;3pl
λԑλ	λԑλsaŋən	v;pst;3du
λԑλ	λԑλsət	v;pst;3pl
λԑλ	λԑλtəs	v;caus;pst
λԑλ	λԑλəs	v;pst
λԑλi	λԑλi	adj
χatanzeew	χatanzeew	n
χint	χintət	n;pl
χir	χir	n
χir	χira	n;dat
χir	χirn	n;2sg
χir	χirn	n;loc
χir	χirəm	v;pfv.part
χir	χirəλ	n;3sg
χir	χirəλ	v;npst
χir	χirəλən	n;pl;loc
χir	χirλ	n;3sg
χiwԑmə	χiwԑməs	v;pst
χiń	χiń	n
χiš	χiš	n
χiš	χiša	n;dat
χiλ	χiλԑm	n;1sg
χiλe	χiλen	n;2sg
χiλi	χiλi	n
χiλi	χiλije	n;dim
χiλi	χiλiλaλ	n;pl;3sg
χoj	χojman	v;conv
χoj	χojmaŋ	v;pfv.part;adj
χoj	χojmaλ	v;pfv.part;3sg
χoj	χojsa	v;pst;pass
χoj	χojsaŋən	v;pst;3du
χoj	χojti	v;ipfv.part
χoj	χojtina	v;ipfv.part;loc
χoj	χojəs	v;pst
χoj	χojəλ	v;npst
χoj	χojλa	v;npst;pass
χoj	χojλajət	v;npst;pass;stem;3pl
χoj	χojλət	v;npst;3pl
χojəλ	χojəλsa	v;pst;pass
χojəλ	χojəλsəλλe	v;pst;3sg.so
χom	χom	interj
χon	χon	n
χon	χona	n;dat
χon	χonen	n;2sg
χon	χonən	n;loc
χon	χonəŋ	n;attr
χon	χonəλ	n;3sg
χon	χonəλa	n;3sg;dat
χonŋ	χonŋa	n;dat
χonŋ	χonŋəλən	post;3sg;loc
χonəŋ	χonəŋ	n
χonəŋ	χonəŋa	n;dat
χonəŋ	χonəŋa	post;dat
χonəŋ	χonəŋn	n;loc
χonəŋ	χonəŋn	post;loc
χonəŋ	χonəŋən	n;loc
χonəŋ	χonəŋən	post;loc
χonəŋ	χonəŋλən	post;pl;2/3du
χop	χop	n
χop	χopa	n;dat
χop	χopn	n;loc
χop	χopλa	n;3sg;dat
χop jʉχ	χop jʉχ	n
χop jʉχ	χop jʉχən	n;loc
χopte	χopteλ	n;3sg
χopte	χopteλən	n;3sg;loc
χopti	χopti	n
χoptərka	χoptərka	n
χor	χor	n
χoraŋ	χoraŋ	adj
χot	χot	n
χot	χota	n;dat
χot	χoten	n;2sg
χot	χotew	n;1pl
χot	χotlԑŋkԑλ	n;dim;3sg
χot	χotn	n;loc
χot	χotən	n;loc
χot	χotəna	n;2/3du;dat
χot	χotət	n;pl
χot	χotətən	n;pl;loc
χot	χotəŋ	n;attr
χot	χotəλ	n;3sg
χot	χotəλa	n;3sg;dat
χot	χotəλən	n;3sg;loc
χot	χotλ	n;3sg
χot	χotλa	n;3sg;dat
χot	χotλaλa	n;pl;3pl;dat
χot	χotԑm	n;1sg
χot	χotԑmən	n;1du
χot χăr	χot χăra	n;dat
χot χări	χot χări	n
χotχăr	χotχăra	n;dat
χotχăre	χotχăreλ	n;3sg
χoŋra	χoŋra	n
χoš	χošsajət	v;pst;pass;stem;3pl
χoš	χošsən	v;pst;2sg
χoš	χošəs	v;pst
χoš	χošλ	v;npst
χošm	χošma	adj;dat
χošm	χošməλtijəλλəm	adj;caus;ipfv;npst;1sg
χošm	χošməλtiλəs	adj;caus;ipfv;pst
χošm	χošməλtəλəm	adj;caus;npst;1sg
χošm	χošməλtλajət	adj;caus;npst;pass;stem;3pl
χošməλ	χošməλsəλλe	v;pst;3sg.so
χošəm	χošəm	adj
χošəm jiŋk	χošəm jiŋk	n
χoλ	wɵλtan-χoλtan	v;ipfv.part;3du;v;ipfv.part;3du
χoλ	wɵλten-χoλten	v;ipfv.part;2sg;v;ipfv.part;2sg
χoλ	wɵλəs-χoλəs	v;pst;v;pst
χoλ	χoλmətəs	v;punct;pst
χoλ	χoλti	v;ipfv.part
χoλ	χoλəs	v;pst
χoλ	χoλλət	v;npst;3pl
χoλmԑs	χoλmԑsti	v;ipfv.part
χoλλə	χoλλəman	v;conv
χoλλə	χoλλəs	v;pst
χoλλə	χoλλəti	v;ipfv.part
χoλλə	χoλλəλ	v;npst
χoλλə	χoλλəλən	v;npst;2sg
χoλλəp	χoλλəp	n
χoλλəp	χoλλəpa	n;dat
χoλλəp	χoλλəpəλ	n;3sg
χu	χuja	n;stem;dat
χuj	χuj	pro
χuj	χujəmən	pro;1du
χuj	χujən	pro;2/3du
χuj	χujən	pro;loc
χujat	χujat	n
χujat	χujata	n;dat
χujat	χujatən	n;loc
χujt	χujten	n;2sg
χujt	χujtew	n;1pl
χujtuŋkistan	χujtuŋkistan	n
χula-mali	χula-mali	n
χump	χump	n
χump	χumpət	n;pl
χump	χumpəta	n;pl;dat
χump	χumpəŋa	n;attr;dat
χums	χumsət	n;pl
χuməs	χuməs	n
χun	χun	n
χun	χunəp	n;attr
χun	χunəλ	n;3sg
χun	χunλ	n;3sg
χun	χunԑm	n;1sg
χunt	χunta	v;imp
χunt	χuntəsət	v;pst;3pl
χunša	χunša	adj
χupl	χuplԑməti	v;punct;ipfv.part
χur	χur	n
χur	χurijəλλəti	v;ipfv;npst;2pl
χur	χursəλλe	v;pst;3sg.so
χur	χurət	n;pl
χuram	χuram	adj
χuraməŋ	χuraməŋ	adj
χuras	χuraspi	n;propr
χuras	χurasəp	n;attr
χuras	χurasəpa	n;attr;dat
χuras	χurasəŋ	n;attr
χuta	χuta	adv
χuti	χuti	adv
χuti	χuti	pro
χuti	χutisa	adv;=prtc
χutisat	χutisat	adv
χutsəχat	χutsəχat	adv
χutti	χutti	adv
χutŋ	χutŋət	n;pl
χutəś	χutəś	adv
χuś	χuśa	post;dat
χuś	χuśajen	post;dat;stem;2sg
χuś	χuśama	post;1sg;dat
χuś	χuśena	post;2sg;dat
χuś	χuśeλa	post;3sg;dat
χuś	χuśi	post;dat
χuś	χuśԑma	post;1sg;dat
χuś	χuśԑməna	post;1du;dat
χuλ	χuλ	pro
χuλ	χuλəλŋən	v;npst;3du
χuλ	χuλԑməλ	v;punct;npst
χuλa	χuλas	v;pst
χuλa	χuλasət	v;pst;3pl
χuλa	χuλati	v;ipfv.part
χuλa	χuλaλŋən	v;npst;3du
χuλijewa	χuλijewa	pro
χuλna	χuλna	adv
χuλnapa	χuλnapa	interj
χuλpԑλa	χuλpԑλa	adv
χuλt	χuλt	preverb
χuλta	χuλta	adv
χuλti	χuλti	preverb
χuλśa	χuλśa	adv
χuλśa	χuλśasa	adv;=prtc
χăj	χăjijəλtaλ	v;ipfv;evid.prs;3sg
χăj	χăjijλajət	v;ipfv;npst;pass;stem;3pl
χăj	χăjijλəλλaλ	v;ipfv;3pl.s:pl.o
χăj	χăjman	v;conv
χăj	χăjsa	v;pst;pass
χăj	χăjsajət	v;pst;pass;stem;3pl
χăj	χăjsəλe	v;pst;3sg.so
χăj	χăjsəλəw	v;pst;1pl.s:nsg.o
χăj	χăjsəλλe	v;pst;3sg.so
χăj	χăjti	v;ipfv.part
χăj	χăjəm	v;pfv.part
χăj	χăjλa	v;npst;pass
χălew	χălew	n
χălew	χălewijen	n;dim;2sg
χăn	χănsət	v;pst;3pl
χăn	χănəm	v;pfv.part
χăn	χănəmtijəλ	v;punct;ipfv;npst
χăn	χănəmtəs	v;punct;pst
χăn	χănλət	v;npst;3pl
χănija	χănija	adv
χănnԑχɵ	χănnԑχɵ	n
χănnԑχɵ	χănnԑχɵja	n;stem;dat
χănte	χănten	n;2sg
χănte	χăntet	n;pl
χănti	χănti	n
χănš	χănšsa	v;pst;pass
χănš	χănšti	v;ipfv.part
χănš	χănšəs	v;pst
χănšaŋ	χănšaŋ	adj
χănšəŋ	χănšəŋ	adj
χănšəŋ	χănšəŋən	adj;loc
χănԑmə	χănԑməs	v;pst
χăr	χăr	n
χăr	χăra	n;dat
χăr	χărewna	n;1pl;loc
χăr	χărəp	n;attr
χări	χărija	n;stem;dat
χări	χărijən	n;stem;loc
χăt	χătəmtəs	v;punct;pst
χăt	χătԑməs	v;punct;pst
χătśi	χătśi	v
χătśə	χătśəs	v;pst
χătśə	χătśəsət	v;pst;3pl
χătśə	χătśəsλe	v;pst;3sg.so
χătəmə	χătəməs	v;pst
χătəmə	χătəməsət	v;pst;3pl
χătətλʼə	χătətλʼəλ	v;npst
χătəλ	χătəλ	n
χătʼ	χătʼəλ	v;npst
χătʼś	χătʼśa	v;imp
χătʼśə	χătʼśəsλe	v;pst;3sg.so
χătʼśə	χătʼśəλəm	v;npst;1sg
χătʼśə	χătʼśəλԑm	v;npst;1sg
χătλ	χătλ	n
χătλ	χătλa	n;dat
χătλ	χătλen	n;2sg
χătλ	χătλew	n;1pl
χătλ	χătλən	n;loc
χătλ	χătλət	n;pl
χătλ	χătλəŋ	n;attr
χătλ	χătλλaλ	n;pl;3sg
χătλ	χătλԑm	n;1sg
χătλ	χătλԑmn	n;1sg;loc
χăńija	χăńija	adv
χăś	χăś	prt
χăś	χăśa	v;imp
χăś	χăśmaλ	v;evid.pst;3sg
χăś	χăśsaŋən	v;pst;3du
χăś	χăśsət	v;pst;3pl
χăś	χăśəm	v;pfv.part
χăś	χăśəs	v;pst
χăš	χăšman	v;conv
χăš	χăšti	v;ipfv.part
χăšap	χăšap	n
χăλ	χăλi	n;adj
χăλewət	χăλewət	n
χɵ	χɵ	n
χɵ	χɵja	n;stem;dat
χɵ	χɵjen	n;stem;2sg
χɵ	χɵjew	n;stem;1pl
χɵ	χɵjən	n;stem;2/3du
χɵ	χɵjən	n;stem;loc
χɵ	χɵjəŋ	n;stem;attr
χɵ	χɵjəλ	n;stem;3sg
χɵ	χɵjəλən	n;stem;3sg;loc
χɵ	χɵjλan	n;stem;pl;2sg
χɵ	χɵjλaλ	n;stem;pl;3sg
χɵ	χɵjλən	n;stem;pl;loc
χɵ	χɵjԑm	n;stem;1sg
χɵl	χɵlašək	n;dat;cmpr
χɵl	χɵlən	post;loc
χɵl	χɵləŋa	n;attr;dat
χɵli	χɵli	n
χɵn	χɵn	prt
χɵn	χɵn	subordconn
χɵnt	χɵntəs	v;pst
χɵnti	χɵnti	adv
χɵntti	χɵntti	adv
χɵrt	χɵrte	v;imp.so
χɵrət	χɵrətsa	v;pst;pass
χɵrət	χɵrətsԑmn	v;pst;1du
χɵrət	χɵrətti	v;ipfv.part
χɵrət	χɵrətəλ	v;npst
χɵrət	χɵrətλəλλe	v;npst;3sg.so
χɵrλə	χɵrλəs	v;pst
χɵs	χɵs	cardnum
χɵs	χɵskԑm	cardnum;approx
χɵsλa	χɵsλa	adv
χɵt	χɵt	cardnum
χɵtmit	χɵtmit	ordnum
χɵtλə	χɵtλəti	v;ipfv.part
χɵŋχ	χɵŋχsaŋən	v;pst;3du
χɵŋχ	χɵŋχəs	v;pst
χɵλ	śʉńəλ-χɵλəλən	n;3sg;n;3sg;loc
χɵλ	χɵλ	v
χɵλ	χɵλijəm	v;ipfv;pfv.part
χɵλ	χɵλməsλe	v;punct;pst;3sg.so
χɵλ	χɵλməλ	v;pfv.part;3sg
χɵλ	χɵλsa	v;pst;pass
χɵλ	χɵλsəm	v;pst;1sg
χɵλ	χɵλsət	v;pst;3pl
χɵλ	χɵλsəλλe	v;pst;3sg.so
χɵλ	χɵλsʉw	v;pst;1pl
χɵλ	χɵλtijən	v;ipfv.part;stem;loc
χɵλ	χɵλənta	v;detr;imp
χɵλ	χɵλəntasa	v;detr;imp;=prtc
χɵλ	χɵλəntesa	v;detr;imp.so;=prtc
χɵλ	χɵλənti	v;detr;ipfv.part
χɵλ	χɵλəntijλλəm	v;detr;ipfv;npst;1sg
χɵλ	χɵλəntsəλλe	v;detr;pst;3sg.so
χɵλ	χɵλəntti	v;detr;ipfv.part
χɵλ	χɵλəntəs	v;detr;pst
χɵλ	χɵλəntəλ	v;detr;npst
χɵλ	χɵλəntλaŋən	v;detr;npst;3du
χɵλ	χɵλəntλət	v;detr;npst;3pl
χɵλ	χɵλəs	v;pst
χɵλ	χɵλəŋa	n;attr;dat
χɵλ	χɵλəλn	n;3sg;loc
χɵλ	χɵλəλən	n;3sg;loc
χɵλ	χɵλλəλλe	v;npst;3sg.so
χɵλ	χɵλλʼəsen	v;iter;pst;2sg.s:sg.o
χɵλaŋ	śʉńən-χɵλaŋən	n;loc;n;loc
χɵλmit	χɵλmit	ordnum
χɵλəm	χɵλəm	cardnum
χɵλəm jaŋ	χɵλəm jaŋ	cardnum
χɵλəmjaŋ	χɵλəmjaŋ	cardnum
χɵλʼλʼ	χɵλʼλʼəs	v;pst
χɵλԑ	χɵλԑŋ	n;attr
χɵχətʼλʼ	χɵχətʼλʼa	v;imp
χɵχətʼλʼə	χɵχətʼλʼəsəm	v;pst;1sg
χɵχətʼλʼə	χɵχətʼλʼətaλ	v;ipfv.part;3sg
χɵχətʼλʼə	χɵχətʼλʼəti	v;ipfv.part
χɵχətʼλʼə	χɵχətʼλʼəλ	v;npst
χɵχəλ	χɵχəλ	v
χɵχəλ	χɵχəλ-χɵχəλ	v;v
χɵχəλ	χɵχəλma	v;punct;imp
χɵχəλ	χɵχəλman	v;conv
χɵχəλ	χɵχəλmatn	v;punct;imp;du
χɵχəλ	χɵχəλmaλ	v;evid.pst;3sg
χɵχəλ	χɵχəλməs	v;punct;pst
χɵχəλ	χɵχəλməsmən	v;punct;pst;1du
χɵχəλ	χɵχəλməsŋən	v;punct;pst;3du
χɵχəλ	χɵχəλməsəm	v;punct;pst;1sg
χɵχəλ	χɵχəλsət	v;pst;3pl
χɵχəλ	χɵχəλteλ	v;ipfv.part;3pl
χɵχəλ	χɵχəλti	v;ipfv.part
χɵχλ	χɵχλəmtəs	v;punct;pst
χɵχλ	χɵχλəs	v;pst
χʉr	χʉr	n
χʉr	χʉrlԑŋken	n;dim;2sg
χʉr	χʉrlԑŋkԑmn	n;dim;1du
χʉr	χʉrλ	n;3sg
χʉtʼ	χʉtʼλa	v;npst;pass
χʉw	χʉw	adj
χʉw	χʉw	adv
χʉw	χʉwa	adj;adv
χʉw	χʉwəŋ	n;attr
χʉwat	χʉwat	n
χʉwat	χʉwat	post
χʉwat	χʉwata	post;dat
χʉwn	χʉwn	adv
χʉwλə	χʉwλəs	v;pst
χʉλ	woj-χʉλ	n;n
χʉλ	χʉλ	n
χʉλ	χʉλa	n;dat
χʉλ	χʉλen	n;2sg
χʉλ	χʉλije	n;dim
χʉλ	χʉλijen	n;dim;2sg
χʉλ	χʉλijena	n;dim;2sg;dat
χʉλ	χʉλijeλ	n;dim;3sg
χʉλ	χʉλət	n;pl
χʉλ	χʉλəλ	n;3sg
χʉλ	χʉλλaλ	n;pl;3pl
ԑnm	ԑnməs	v;pst
ԑnm	ԑnməλ	v;npst
ԑnm	ԑnməλtəλ	v;caus;npst
ԑnməλ	ԑnməλti	v;ipfv.part
ԑnəm	ԑnəməλ	v;npst
ԑnəm	ԑnəmλət	v;npst;3pl
ԑptəmt	ԑptəmtəs	v;pst
ԑpλ	ԑpləŋ	n;attr
ԑpλ	ԑpλəŋ	n;attr
ԑsəλ	ԑsəλman	v;conv
ԑsəλ	ԑsəλsa	v;pst;pass
ԑsəλ	ԑsəλsəλam	v;pst;1sg.s:nsg.o
ԑsəλ	ԑsəλsəλλe	v;pst;3sg.so
ԑsəλ	ԑsəλsԑm	v;pst;1sg.s:sg.o
ԑsəλ	ԑsəλti	v;ipfv.part
ԑsəλ	ԑsəλλa	v;npst;pass
ԑsəλ	ԑsəλλen	v;npst;2sg.s:sg.o
ԑsəλ	ԑsəλλəλλe	v;ipfv;npst;3sg.so
ԑsəλ	ԑsəλλԑm	v;npst;1sg.s:sg.o
ԑsλ	ԑsλaλən	v;imp.pl.so
ԑsλ	ԑsλe	v;imp.so
ԑsλ	ԑsλsəλԑ	v;pst;3sg.so
ԑsλ	ԑsλti	v;ipfv.part
ԑsλ	ԑsλəm	v;pfv.part
ԑsλ	ԑsλəmsəλλe	v;punct;pst;3sg.so
ԑsλ	ԑsλəmteλn	v;punct;ipfv.part;3pl;loc
ԑsλ	ԑsλəmtəs	v;punct;pst
ԑsλ	ԑsλəs	v;pst
ԑsλ	ԑsλəsəs	v;detr;pst
ԑt	ԑte	v;imp.so
ԑt	ԑtijλti	v;ipfv;ipfv.part
ԑt	ԑtmaλ	v;evid.pst;3sg
ԑt	ԑtməm	v;punct;pfv.part
ԑt	ԑtməs	v;punct;pst
ԑt	ԑtməsəm	v;punct;pst;1sg
ԑt	ԑtsəm	v;pst;1sg
ԑt	ԑtsət	v;pst;3pl
ԑt	ԑtte	v;caus;imp.so
ԑt	ԑtti	v;ipfv.part
ԑt	ԑtəm	v;pfv.part
ԑt	ԑtəs	v;pst
ԑt	ԑtəλ	v;npst
ԑt	ԑtλ	v;npst
ԑt	ԑtλəs	v;ipfv;pst
ԑt	ԑtλət	v;npst;3pl
ԑt	ԑtλʼəs	v;detr;pst
ԑt	ԑtλʼəλ	v;iter;npst
ԑtər	ԑtər	adj
ԑŋəλ	ԑŋəλman	v;conv
ԑŋχ	ԑŋχəmsa	v;punct;pst;pass
ԑŋχ	ԑŋχԑmijəλλəλλe	v;punct;ipfv;npst;3sg.so
ԑλ	ԑλ	n
ԑλ	ԑλəp	n;attr
ԑλ	ԑλəλ	n;3sg
ԑλti	ԑλti	post